"File_Name","File_Path","Relative_Path","URL","Artist","Title","Album","Genre","Year","Decade","Duration_Seconds","Duration_Minutes","Duration_Display","Estimated_BPM","File_Size_MB","BPM_Category","Energy_Level","Duration_Category","Folder_Structure","Track_ID","Is_Favorite","Play_Count","Last_Played","Rating","Tags","Notes"
"01 Kaleidoscope.mp3","C:\Users\phseamar\OneDrive - Microsoft\Documents\Music\Art of Trance\Wildlife on One\01 Kaleidoscope.mp3","Art of Trance\Wildlife on One\01 Kaleidoscope.mp3","file:///C:/Users/phseamar/OneDrive - Microsoft/Documents/Music/Art of Trance/Wildlife on One/01 Kaleidoscope.mp3","Art of Trance","01 Kaleidoscope","Wildlife on One","Electronic","","Unknown","489","8.2","8:09","124","9.82","Upbeat (100-129)","High","Long (Over 5 min)","Art of Trance\Wildlife on One","21","False","0","","0","",""
"02 Mosquito.mp3","C:\Users\phseamar\OneDrive - Microsoft\Documents\Music\Art of Trance\Wildlife on One\02 Mosquito.mp3","Art of Trance\Wildlife on One\02 Mosquito.mp3","file:///C:/Users/phseamar/OneDrive - Microsoft/Documents/Music/Art of Trance/Wildlife on One/02 Mosquito.mp3","Art of Trance","02 Mosquito","Wildlife on One","Electronic","","Unknown","430","7.2","7:10","133","9.87","Fast (130-159)","High","Long (Over 5 min)","Art of Trance\Wildlife on One","22","False","0","","0","",""
"04 Haagen Daaz.mp3","C:\Users\phseamar\OneDrive - Microsoft\Documents\Music\Art of Trance\Wildlife on One\04 Haagen Daaz.mp3","Art of Trance\Wildlife on One\04 Haagen Daaz.mp3","file:///C:/Users/phseamar/OneDrive - Microsoft/Documents/Music/Art of Trance/Wildlife on One/04 Haagen Daaz.mp3","Art of Trance","04 Haagen Daaz","Wildlife on One","Electronic","","Unknown","468","7.8","7:48","132","10.31","Fast (130-159)","High","Long (Over 5 min)","Art of Trance\Wildlife on One","24","False","0","","0","",""
"06 Golden Rain.mp3","C:\Users\phseamar\OneDrive - Microsoft\Documents\Music\Art of Trance\Wildlife on One\06 Golden Rain.mp3","Art of Trance\Wildlife on One\06 Golden Rain.mp3","file:///C:/Users/phseamar/OneDrive - Microsoft/Documents/Music/Art of Trance/Wildlife on One/06 Golden Rain.mp3","Art of Trance","06 Golden Rain","Wildlife on One","Electronic","","Unknown","601","10","10:01","122","13.71","Upbeat (100-129)","High","Long (Over 5 min)","Art of Trance\Wildlife on One","26","False","0","","0","",""
"07 Deeper Than Deep.mp3","C:\Users\phseamar\OneDrive - Microsoft\Documents\Music\Art of Trance\Wildlife on One\07 Deeper Than Deep.mp3","Art of Trance\Wildlife on One\07 Deeper Than Deep.mp3","file:///C:/Users/phseamar/OneDrive - Microsoft/Documents/Music/Art of Trance/Wildlife on One/07 Deeper Than Deep.mp3","Art of Trance","07 Deeper Than Deep","Wildlife on One","Electronic","","Unknown","440","7.3","7:20","120","10.58","Upbeat (100-129)","High","Long (Over 5 min)","Art of Trance\Wildlife on One","27","False","0","","0","",""
"08 Blue Owl.mp3","C:\Users\phseamar\OneDrive - Microsoft\Documents\Music\Art of Trance\Wildlife on One\08 Blue Owl.mp3","Art of Trance\Wildlife on One\08 Blue Owl.mp3","file:///C:/Users/phseamar/OneDrive - Microsoft/Documents/Music/Art of Trance/Wildlife on One/08 Blue Owl.mp3","Art of Trance","08 Blue Owl","Wildlife on One","Electronic","","Unknown","543","9","9:03","129","11.66","Upbeat (100-129)","High","Long (Over 5 min)","Art of Trance\Wildlife on One","28","False","0","","0","",""
"09 Emerald Eyes.mp3","C:\Users\phseamar\OneDrive - Microsoft\Documents\Music\Art of Trance\Wildlife on One\09 Emerald Eyes.mp3","Art of Trance\Wildlife on One\09 Emerald Eyes.mp3","file:///C:/Users/phseamar/OneDrive - Microsoft/Documents/Music/Art of Trance/Wildlife on One/09 Emerald Eyes.mp3","Art of Trance","09 Emerald Eyes","Wildlife on One","Electronic","","Unknown","370","6.2","6:10","138","7.94","Fast (130-159)","High","Long (Over 5 min)","Art of Trance\Wildlife on One","29","False","0","","0","",""
"01 Magnifica.mp3","C:\Users\phseamar\OneDrive - Microsoft\Documents\Music\Behind the Eye\01 Magnifica.mp3","Behind the Eye\01 Magnifica.mp3","file:///C:/Users/phseamar/OneDrive - Microsoft/Documents/Music/Behind the Eye/01 Magnifica.mp3","Behind the Eye","01 Magnifica","Unknown Album","Unknown","","Unknown","423","7","7:03","100","8.32","Upbeat (100-129)","Medium","Long (Over 5 min)","Behind the Eye","31","False","0","","0","",""
"04 See You.mp3","C:\Users\phseamar\OneDrive - Microsoft\Documents\Music\Behind the Eye\04 See You.mp3","Behind the Eye\04 See You.mp3","file:///C:/Users/phseamar/OneDrive - Microsoft/Documents/Music/Behind the Eye/04 See You.mp3","Behind the Eye","04 See You","Unknown Album","Unknown","","Unknown","372","6.2","6:12","113","9.43","Upbeat (100-129)","Medium","Long (Over 5 min)","Behind the Eye","34","False","0","","0","",""
"07 Airborn.mp3","C:\Users\phseamar\OneDrive - Microsoft\Documents\Music\Behind the Eye\07 Airborn.mp3","Behind the Eye\07 Airborn.mp3","file:///C:/Users/phseamar/OneDrive - Microsoft/Documents/Music/Behind the Eye/07 Airborn.mp3","Behind the Eye","07 Airborn","Unknown Album","Unknown","","Unknown","372","6.2","6:12","119","9.95","Upbeat (100-129)","Medium","Long (Over 5 min)","Behind the Eye","37","False","0","","0","",""
"08 Sun Down.mp3","C:\Users\phseamar\OneDrive - Microsoft\Documents\Music\Behind the Eye\08 Sun Down.mp3","Behind the Eye\08 Sun Down.mp3","file:///C:/Users/phseamar/OneDrive - Microsoft/Documents/Music/Behind the Eye/08 Sun Down.mp3","Behind the Eye","08 Sun Down","Unknown Album","Unknown","","Unknown","530","8.8","8:50","98","12.73","Medium (70-99)","Medium","Long (Over 5 min)","Behind the Eye","38","False","0","","0","",""
"09 Cosmos.mp3","C:\Users\phseamar\OneDrive - Microsoft\Documents\Music\Behind the Eye\09 Cosmos.mp3","Behind the Eye\09 Cosmos.mp3","file:///C:/Users/phseamar/OneDrive - Microsoft/Documents/Music/Behind the Eye/09 Cosmos.mp3","Behind the Eye","09 Cosmos","Unknown Album","Unknown","","Unknown","535","8.9","8:55","100","12.65","Upbeat (100-129)","Medium","Long (Over 5 min)","Behind the Eye","39","False","0","","0","",""
"10 Synfonica.mp3","C:\Users\phseamar\OneDrive - Microsoft\Documents\Music\Behind the Eye\10 Synfonica.mp3","Behind the Eye\10 Synfonica.mp3","file:///C:/Users/phseamar/OneDrive - Microsoft/Documents/Music/Behind the Eye/10 Synfonica.mp3","Behind the Eye","10 Synfonica","Unknown Album","Unknown","","Unknown","354","5.9","5:54","90","8.41","Medium (70-99)","Medium","Long (Over 5 min)","Behind the Eye","40","False","0","","0","",""
"01 Fight Outta You.mp3","C:\Users\phseamar\OneDrive - Microsoft\Documents\Music\Ben Harper & the Innocent Criminals\Lifeline\01 Fight Outta You.mp3","Ben Harper & the Innocent Criminals\Lifeline\01 Fight Outta You.mp3","file:///C:/Users/phseamar/OneDrive - Microsoft/Documents/Music/Ben Harper & the Innocent Criminals/Lifeline/01 Fight Outta You.mp3","Ben Harper & the Innocent Criminals","01 Fight Outta You","Lifeline","Unknown","","Unknown","250","4.2","4:10","116","5.53","Upbeat (100-129)","Medium","Medium (3-5 min)","Ben Harper & the Innocent Criminals\Lifeline","41","False","0","","0","",""
"02 In the Colors.mp3","C:\Users\phseamar\OneDrive - Microsoft\Documents\Music\Ben Harper & the Innocent Criminals\Lifeline\02 In the Colors.mp3","Ben Harper & the Innocent Criminals\Lifeline\02 In the Colors.mp3","file:///C:/Users/phseamar/OneDrive - Microsoft/Documents/Music/Ben Harper & the Innocent Criminals/Lifeline/02 In the Colors.mp3","Ben Harper & the Innocent Criminals","02 In the Colors","Lifeline","Unknown","","Unknown","177","3","2:57","100","3.83","Upbeat (100-129)","Medium","Short (Under 3 min)","Ben Harper & the Innocent Criminals\Lifeline","42","False","0","","0","",""
"03 Fool for a Lonesome Train.mp3","C:\Users\phseamar\OneDrive - Microsoft\Documents\Music\Ben Harper & the Innocent Criminals\Lifeline\03 Fool for a Lonesome Train.mp3","Ben Harper & the Innocent Criminals\Lifeline\03 Fool for a Lonesome Train.mp3","file:///C:/Users/phseamar/OneDrive - Microsoft/Documents/Music/Ben Harper & the Innocent Criminals/Lifeline/03 Fool for a Lonesome Train.mp3","Ben Harper & the Innocent Criminals","03 Fool for a Lonesome Train","Lifeline","Unknown","","Unknown","209","3.5","3:29","98","4.76","Medium (70-99)","Medium","Medium (3-5 min)","Ben Harper & the Innocent Criminals\Lifeline","43","False","0","","0","",""
"04 Needed You Tonight.mp3","C:\Users\phseamar\OneDrive - Microsoft\Documents\Music\Ben Harper & the Innocent Criminals\Lifeline\04 Needed You Tonight.mp3","Ben Harper & the Innocent Criminals\Lifeline\04 Needed You Tonight.mp3","file:///C:/Users/phseamar/OneDrive - Microsoft/Documents/Music/Ben Harper & the Innocent Criminals/Lifeline/04 Needed You Tonight.mp3","Ben Harper & the Innocent Criminals","04 Needed You Tonight","Lifeline","Unknown","","Unknown","165","2.8","2:45","111","3.85","Upbeat (100-129)","Medium","Short (Under 3 min)","Ben Harper & the Innocent Criminals\Lifeline","44","False","0","","0","",""
"05 Having Wings.mp3","C:\Users\phseamar\OneDrive - Microsoft\Documents\Music\Ben Harper & the Innocent Criminals\Lifeline\05 Having Wings.mp3","Ben Harper & the Innocent Criminals\Lifeline\05 Having Wings.mp3","file:///C:/Users/phseamar/OneDrive - Microsoft/Documents/Music/Ben Harper & the Innocent Criminals/Lifeline/05 Having Wings.mp3","Ben Harper & the Innocent Criminals","05 Having Wings","Lifeline","Unknown","","Unknown","206","3.4","3:26","117","4.77","Upbeat (100-129)","Medium","Medium (3-5 min)","Ben Harper & the Innocent Criminals\Lifeline","45","False","0","","0","",""
"06 Say You Will.mp3","C:\Users\phseamar\OneDrive - Microsoft\Documents\Music\Ben Harper & the Innocent Criminals\Lifeline\06 Say You Will.mp3","Ben Harper & the Innocent Criminals\Lifeline\06 Say You Will.mp3","file:///C:/Users/phseamar/OneDrive - Microsoft/Documents/Music/Ben Harper & the Innocent Criminals/Lifeline/06 Say You Will.mp3","Ben Harper & the Innocent Criminals","06 Say You Will","Lifeline","Unknown","","Unknown","177","3","2:57","115","4.45","Upbeat (100-129)","Medium","Short (Under 3 min)","Ben Harper & the Innocent Criminals\Lifeline","46","False","0","","0","",""
"07 Younger Than Today.mp3","C:\Users\phseamar\OneDrive - Microsoft\Documents\Music\Ben Harper & the Innocent Criminals\Lifeline\07 Younger Than Today.mp3","Ben Harper & the Innocent Criminals\Lifeline\07 Younger Than Today.mp3","file:///C:/Users/phseamar/OneDrive - Microsoft/Documents/Music/Ben Harper & the Innocent Criminals/Lifeline/07 Younger Than Today.mp3","Ben Harper & the Innocent Criminals","07 Younger Than Today","Lifeline","Unknown","","Unknown","204","3.4","3:24","102","4.05","Upbeat (100-129)","Medium","Medium (3-5 min)","Ben Harper & the Innocent Criminals\Lifeline","47","False","0","","0","",""
"08 Put It on Me.mp3","C:\Users\phseamar\OneDrive - Microsoft\Documents\Music\Ben Harper & the Innocent Criminals\Lifeline\08 Put It on Me.mp3","Ben Harper & the Innocent Criminals\Lifeline\08 Put It on Me.mp3","file:///C:/Users/phseamar/OneDrive - Microsoft/Documents/Music/Ben Harper & the Innocent Criminals/Lifeline/08 Put It on Me.mp3","Ben Harper & the Innocent Criminals","08 Put It on Me","Lifeline","Unknown","","Unknown","210","3.5","3:30","106","5.18","Upbeat (100-129)","Medium","Medium (3-5 min)","Ben Harper & the Innocent Criminals\Lifeline","48","False","0","","0","",""
"09 Heart of Matters.mp3","C:\Users\phseamar\OneDrive - Microsoft\Documents\Music\Ben Harper & the Innocent Criminals\Lifeline\09 Heart of Matters.mp3","Ben Harper & the Innocent Criminals\Lifeline\09 Heart of Matters.mp3","file:///C:/Users/phseamar/OneDrive - Microsoft/Documents/Music/Ben Harper & the Innocent Criminals/Lifeline/09 Heart of Matters.mp3","Ben Harper & the Innocent Criminals","09 Heart of Matters","Lifeline","Unknown","","Unknown","270","4.5","4:30","106","6.2","Upbeat (100-129)","Medium","Medium (3-5 min)","Ben Harper & the Innocent Criminals\Lifeline","49","False","0","","0","",""
"11 Lifeline.mp3","C:\Users\phseamar\OneDrive - Microsoft\Documents\Music\Ben Harper & the Innocent Criminals\Lifeline\11 Lifeline.mp3","Ben Harper & the Innocent Criminals\Lifeline\11 Lifeline.mp3","file:///C:/Users/phseamar/OneDrive - Microsoft/Documents/Music/Ben Harper & the Innocent Criminals/Lifeline/11 Lifeline.mp3","Ben Harper & the Innocent Criminals","11 Lifeline","Lifeline","Unknown","","Unknown","268","4.5","4:28","119","4.61","Upbeat (100-129)","Medium","Medium (3-5 min)","Ben Harper & the Innocent Criminals\Lifeline","51","False","0","","0","",""
"01 Track 1.mp3","C:\Users\phseamar\OneDrive - Microsoft\Documents\Music\Beniamino Gigli\The Very Best of Beniamino Gigli\01 Track 1.mp3","Beniamino Gigli\The Very Best of Beniamino Gigli\01 Track 1.mp3","file:///C:/Users/phseamar/OneDrive - Microsoft/Documents/Music/Beniamino Gigli/The Very Best of Beniamino Gigli/01 Track 1.mp3","Beniamino Gigli","01 Track 1","The Very Best of Beniamino Gigli","Unknown","","Unknown","273","4.6","4:33","107","3.6","Upbeat (100-129)","Medium","Medium (3-5 min)","Beniamino Gigli\The Very Best of Beniamino Gigli","52","False","0","","0","",""
"02 Track 2.mp3","C:\Users\phseamar\OneDrive - Microsoft\Documents\Music\Beniamino Gigli\The Very Best of Beniamino Gigli\02 Track 2.mp3","Beniamino Gigli\The Very Best of Beniamino Gigli\02 Track 2.mp3","file:///C:/Users/phseamar/OneDrive - Microsoft/Documents/Music/Beniamino Gigli/The Very Best of Beniamino Gigli/02 Track 2.mp3","Beniamino Gigli","02 Track 2","The Very Best of Beniamino Gigli","Unknown","","Unknown","138","2.3","2:18","118","1.72","Upbeat (100-129)","Medium","Short (Under 3 min)","Beniamino Gigli\The Very Best of Beniamino Gigli","53","False","0","","0","",""
"03 Track 3.mp3","C:\Users\phseamar\OneDrive - Microsoft\Documents\Music\Beniamino Gigli\The Very Best of Beniamino Gigli\03 Track 3.mp3","Beniamino Gigli\The Very Best of Beniamino Gigli\03 Track 3.mp3","file:///C:/Users/phseamar/OneDrive - Microsoft/Documents/Music/Beniamino Gigli/The Very Best of Beniamino Gigli/03 Track 3.mp3","Beniamino Gigli","03 Track 3","The Very Best of Beniamino Gigli","Unknown","","Unknown","265","4.4","4:25","91","3.41","Medium (70-99)","Medium","Medium (3-5 min)","Beniamino Gigli\The Very Best of Beniamino Gigli","54","False","0","","0","",""
"04 Track 4.mp3","C:\Users\phseamar\OneDrive - Microsoft\Documents\Music\Beniamino Gigli\The Very Best of Beniamino Gigli\04 Track 4.mp3","Beniamino Gigli\The Very Best of Beniamino Gigli\04 Track 4.mp3","file:///C:/Users/phseamar/OneDrive - Microsoft/Documents/Music/Beniamino Gigli/The Very Best of Beniamino Gigli/04 Track 4.mp3","Beniamino Gigli","04 Track 4","The Very Best of Beniamino Gigli","Unknown","","Unknown","284","4.7","4:44","94","3.88","Medium (70-99)","Medium","Medium (3-5 min)","Beniamino Gigli\The Very Best of Beniamino Gigli","55","False","0","","0","",""
"05 Track 5.mp3","C:\Users\phseamar\OneDrive - Microsoft\Documents\Music\Beniamino Gigli\The Very Best of Beniamino Gigli\05 Track 5.mp3","Beniamino Gigli\The Very Best of Beniamino Gigli\05 Track 5.mp3","file:///C:/Users/phseamar/OneDrive - Microsoft/Documents/Music/Beniamino Gigli/The Very Best of Beniamino Gigli/05 Track 5.mp3","Beniamino Gigli","05 Track 5","The Very Best of Beniamino Gigli","Unknown","","Unknown","213","3.6","3:33","101","2.75","Upbeat (100-129)","Medium","Medium (3-5 min)","Beniamino Gigli\The Very Best of Beniamino Gigli","56","False","0","","0","",""
"06 Track 6.mp3","C:\Users\phseamar\OneDrive - Microsoft\Documents\Music\Beniamino Gigli\The Very Best of Beniamino Gigli\06 Track 6.mp3","Beniamino Gigli\The Very Best of Beniamino Gigli\06 Track 6.mp3","file:///C:/Users/phseamar/OneDrive - Microsoft/Documents/Music/Beniamino Gigli/The Very Best of Beniamino Gigli/06 Track 6.mp3","Beniamino Gigli","06 Track 6","The Very Best of Beniamino Gigli","Unknown","","Unknown","274","4.6","4:34","98","3.54","Medium (70-99)","Medium","Medium (3-5 min)","Beniamino Gigli\The Very Best of Beniamino Gigli","57","False","0","","0","",""
"07 Track 7.mp3","C:\Users\phseamar\OneDrive - Microsoft\Documents\Music\Beniamino Gigli\The Very Best of Beniamino Gigli\07 Track 7.mp3","Beniamino Gigli\The Very Best of Beniamino Gigli\07 Track 7.mp3","file:///C:/Users/phseamar/OneDrive - Microsoft/Documents/Music/Beniamino Gigli/The Very Best of Beniamino Gigli/07 Track 7.mp3","Beniamino Gigli","07 Track 7","The Very Best of Beniamino Gigli","Unknown","","Unknown","167","2.8","2:47","94","2.16","Medium (70-99)","Medium","Short (Under 3 min)","Beniamino Gigli\The Very Best of Beniamino Gigli","58","False","0","","0","",""
"08 Track 8.mp3","C:\Users\phseamar\OneDrive - Microsoft\Documents\Music\Beniamino Gigli\The Very Best of Beniamino Gigli\08 Track 8.mp3","Beniamino Gigli\The Very Best of Beniamino Gigli\08 Track 8.mp3","file:///C:/Users/phseamar/OneDrive - Microsoft/Documents/Music/Beniamino Gigli/The Very Best of Beniamino Gigli/08 Track 8.mp3","Beniamino Gigli","08 Track 8","The Very Best of Beniamino Gigli","Unknown","","Unknown","165","2.8","2:45","102","1.91","Upbeat (100-129)","Medium","Short (Under 3 min)","Beniamino Gigli\The Very Best of Beniamino Gigli","59","False","0","","0","",""
"09 Track 9.mp3","C:\Users\phseamar\OneDrive - Microsoft\Documents\Music\Beniamino Gigli\The Very Best of Beniamino Gigli\09 Track 9.mp3","Beniamino Gigli\The Very Best of Beniamino Gigli\09 Track 9.mp3","file:///C:/Users/phseamar/OneDrive - Microsoft/Documents/Music/Beniamino Gigli/The Very Best of Beniamino Gigli/09 Track 9.mp3","Beniamino Gigli","09 Track 9","The Very Best of Beniamino Gigli","Unknown","","Unknown","184","3.1","3:04","115","2.41","Upbeat (100-129)","Medium","Medium (3-5 min)","Beniamino Gigli\The Very Best of Beniamino Gigli","60","False","0","","0","",""
"10 Track 10.mp3","C:\Users\phseamar\OneDrive - Microsoft\Documents\Music\Beniamino Gigli\The Very Best of Beniamino Gigli\10 Track 10.mp3","Beniamino Gigli\The Very Best of Beniamino Gigli\10 Track 10.mp3","file:///C:/Users/phseamar/OneDrive - Microsoft/Documents/Music/Beniamino Gigli/The Very Best of Beniamino Gigli/10 Track 10.mp3","Beniamino Gigli","10 Track 10","The Very Best of Beniamino Gigli","Unknown","","Unknown","213","3.6","3:33","94","2.75","Medium (70-99)","Medium","Medium (3-5 min)","Beniamino Gigli\The Very Best of Beniamino Gigli","61","False","0","","0","",""
"11 Track 11.mp3","C:\Users\phseamar\OneDrive - Microsoft\Documents\Music\Beniamino Gigli\The Very Best of Beniamino Gigli\11 Track 11.mp3","Beniamino Gigli\The Very Best of Beniamino Gigli\11 Track 11.mp3","file:///C:/Users/phseamar/OneDrive - Microsoft/Documents/Music/Beniamino Gigli/The Very Best of Beniamino Gigli/11 Track 11.mp3","Beniamino Gigli","11 Track 11","The Very Best of Beniamino Gigli","Unknown","","Unknown","209","3.5","3:29","91","2.83","Medium (70-99)","Medium","Medium (3-5 min)","Beniamino Gigli\The Very Best of Beniamino Gigli","62","False","0","","0","",""
"12 Track 12.mp3","C:\Users\phseamar\OneDrive - Microsoft\Documents\Music\Beniamino Gigli\The Very Best of Beniamino Gigli\12 Track 12.mp3","Beniamino Gigli\The Very Best of Beniamino Gigli\12 Track 12.mp3","file:///C:/Users/phseamar/OneDrive - Microsoft/Documents/Music/Beniamino Gigli/The Very Best of Beniamino Gigli/12 Track 12.mp3","Beniamino Gigli","12 Track 12","The Very Best of Beniamino Gigli","Unknown","","Unknown","287","4.8","4:47","96","3.8","Medium (70-99)","Medium","Medium (3-5 min)","Beniamino Gigli\The Very Best of Beniamino Gigli","63","False","0","","0","",""
"13 Track 13.mp3","C:\Users\phseamar\OneDrive - Microsoft\Documents\Music\Beniamino Gigli\The Very Best of Beniamino Gigli\13 Track 13.mp3","Beniamino Gigli\The Very Best of Beniamino Gigli\13 Track 13.mp3","file:///C:/Users/phseamar/OneDrive - Microsoft/Documents/Music/Beniamino Gigli/The Very Best of Beniamino Gigli/13 Track 13.mp3","Beniamino Gigli","13 Track 13","The Very Best of Beniamino Gigli","Unknown","","Unknown","238","4","3:58","96","3.06","Medium (70-99)","Medium","Medium (3-5 min)","Beniamino Gigli\The Very Best of Beniamino Gigli","64","False","0","","0","",""
"14 Track 14.mp3","C:\Users\phseamar\OneDrive - Microsoft\Documents\Music\Beniamino Gigli\The Very Best of Beniamino Gigli\14 Track 14.mp3","Beniamino Gigli\The Very Best of Beniamino Gigli\14 Track 14.mp3","file:///C:/Users/phseamar/OneDrive - Microsoft/Documents/Music/Beniamino Gigli/The Very Best of Beniamino Gigli/14 Track 14.mp3","Beniamino Gigli","14 Track 14","The Very Best of Beniamino Gigli","Unknown","","Unknown","198","3.3","3:18","117","2.6","Upbeat (100-129)","Medium","Medium (3-5 min)","Beniamino Gigli\The Very Best of Beniamino Gigli","65","False","0","","0","",""
"15 Track 15.mp3","C:\Users\phseamar\OneDrive - Microsoft\Documents\Music\Beniamino Gigli\The Very Best of Beniamino Gigli\15 Track 15.mp3","Beniamino Gigli\The Very Best of Beniamino Gigli\15 Track 15.mp3","file:///C:/Users/phseamar/OneDrive - Microsoft/Documents/Music/Beniamino Gigli/The Very Best of Beniamino Gigli/15 Track 15.mp3","Beniamino Gigli","15 Track 15","The Very Best of Beniamino Gigli","Unknown","","Unknown","259","4.3","4:19","106","2.95","Upbeat (100-129)","Medium","Medium (3-5 min)","Beniamino Gigli\The Very Best of Beniamino Gigli","66","False","0","","0","",""
"16 Track 16.mp3","C:\Users\phseamar\OneDrive - Microsoft\Documents\Music\Beniamino Gigli\The Very Best of Beniamino Gigli\16 Track 16.mp3","Beniamino Gigli\The Very Best of Beniamino Gigli\16 Track 16.mp3","file:///C:/Users/phseamar/OneDrive - Microsoft/Documents/Music/Beniamino Gigli/The Very Best of Beniamino Gigli/16 Track 16.mp3","Beniamino Gigli","16 Track 16","The Very Best of Beniamino Gigli","Unknown","","Unknown","237","4","3:57","117","3.07","Upbeat (100-129)","Medium","Medium (3-5 min)","Beniamino Gigli\The Very Best of Beniamino Gigli","67","False","0","","0","",""
"17 Track 17.mp3","C:\Users\phseamar\OneDrive - Microsoft\Documents\Music\Beniamino Gigli\The Very Best of Beniamino Gigli\17 Track 17.mp3","Beniamino Gigli\The Very Best of Beniamino Gigli\17 Track 17.mp3","file:///C:/Users/phseamar/OneDrive - Microsoft/Documents/Music/Beniamino Gigli/The Very Best of Beniamino Gigli/17 Track 17.mp3","Beniamino Gigli","17 Track 17","The Very Best of Beniamino Gigli","Unknown","","Unknown","227","3.8","3:47","110","2.92","Upbeat (100-129)","Medium","Medium (3-5 min)","Beniamino Gigli\The Very Best of Beniamino Gigli","68","False","0","","0","",""
"18 Track 18.mp3","C:\Users\phseamar\OneDrive - Microsoft\Documents\Music\Beniamino Gigli\The Very Best of Beniamino Gigli\18 Track 18.mp3","Beniamino Gigli\The Very Best of Beniamino Gigli\18 Track 18.mp3","file:///C:/Users/phseamar/OneDrive - Microsoft/Documents/Music/Beniamino Gigli/The Very Best of Beniamino Gigli/18 Track 18.mp3","Beniamino Gigli","18 Track 18","The Very Best of Beniamino Gigli","Unknown","","Unknown","273","4.6","4:33","107","3.49","Upbeat (100-129)","Medium","Medium (3-5 min)","Beniamino Gigli\The Very Best of Beniamino Gigli","69","False","0","","0","",""
"19 Track 19.mp3","C:\Users\phseamar\OneDrive - Microsoft\Documents\Music\Beniamino Gigli\The Very Best of Beniamino Gigli\19 Track 19.mp3","Beniamino Gigli\The Very Best of Beniamino Gigli\19 Track 19.mp3","file:///C:/Users/phseamar/OneDrive - Microsoft/Documents/Music/Beniamino Gigli/The Very Best of Beniamino Gigli/19 Track 19.mp3","Beniamino Gigli","19 Track 19","The Very Best of Beniamino Gigli","Unknown","","Unknown","235","3.9","3:55","109","2.94","Upbeat (100-129)","Medium","Medium (3-5 min)","Beniamino Gigli\The Very Best of Beniamino Gigli","70","False","0","","0","",""
"20 Track 20.mp3","C:\Users\phseamar\OneDrive - Microsoft\Documents\Music\Beniamino Gigli\The Very Best of Beniamino Gigli\20 Track 20.mp3","Beniamino Gigli\The Very Best of Beniamino Gigli\20 Track 20.mp3","file:///C:/Users/phseamar/OneDrive - Microsoft/Documents/Music/Beniamino Gigli/The Very Best of Beniamino Gigli/20 Track 20.mp3","Beniamino Gigli","20 Track 20","The Very Best of Beniamino Gigli","Unknown","","Unknown","165","2.8","2:45","95","2.36","Medium (70-99)","Medium","Short (Under 3 min)","Beniamino Gigli\The Very Best of Beniamino Gigli","71","False","0","","0","",""
"01 Track 1.mp3","C:\Users\phseamar\OneDrive - Microsoft\Documents\Music\Beniamino Gigli\The Very Best of Beniamino Gigli Disc 2\01 Track 1.mp3","Beniamino Gigli\The Very Best of Beniamino Gigli Disc 2\01 Track 1.mp3","file:///C:/Users/phseamar/OneDrive - Microsoft/Documents/Music/Beniamino Gigli/The Very Best of Beniamino Gigli Disc 2/01 Track 1.mp3","Beniamino Gigli","01 Track 1","The Very Best of Beniamino Gigli Disc 2","Unknown","","Unknown","184","3.1","3:04","101","2.01","Upbeat (100-129)","Medium","Medium (3-5 min)","Beniamino Gigli\The Very Best of Beniamino Gigli Disc 2","72","False","0","","0","",""
"02 La Serenata.mp3","C:\Users\phseamar\OneDrive - Microsoft\Documents\Music\Beniamino Gigli\The Very Best of Beniamino Gigli Disc 2\02 La Serenata.mp3","Beniamino Gigli\The Very Best of Beniamino Gigli Disc 2\02 La Serenata.mp3","file:///C:/Users/phseamar/OneDrive - Microsoft/Documents/Music/Beniamino Gigli/The Very Best of Beniamino Gigli Disc 2/02 La Serenata.mp3","Beniamino Gigli","02 La Serenata","The Very Best of Beniamino Gigli Disc 2","Unknown","","Unknown","217","3.6","3:37","99","2.28","Medium (70-99)","Medium","Medium (3-5 min)","Beniamino Gigli\The Very Best of Beniamino Gigli Disc 2","73","False","0","","0","",""
"03 La Danza.mp3","C:\Users\phseamar\OneDrive - Microsoft\Documents\Music\Beniamino Gigli\The Very Best of Beniamino Gigli Disc 2\03 La Danza.mp3","Beniamino Gigli\The Very Best of Beniamino Gigli Disc 2\03 La Danza.mp3","file:///C:/Users/phseamar/OneDrive - Microsoft/Documents/Music/Beniamino Gigli/The Very Best of Beniamino Gigli Disc 2/03 La Danza.mp3","Beniamino Gigli","03 La Danza","The Very Best of Beniamino Gigli Disc 2","Unknown","","Unknown","184","3.1","3:04","106","2.08","Upbeat (100-129)","Medium","Medium (3-5 min)","Beniamino Gigli\The Very Best of Beniamino Gigli Disc 2","74","False","0","","0","",""
"04 Aprile.mp3","C:\Users\phseamar\OneDrive - Microsoft\Documents\Music\Beniamino Gigli\The Very Best of Beniamino Gigli Disc 2\04 Aprile.mp3","Beniamino Gigli\The Very Best of Beniamino Gigli Disc 2\04 Aprile.mp3","file:///C:/Users/phseamar/OneDrive - Microsoft/Documents/Music/Beniamino Gigli/The Very Best of Beniamino Gigli Disc 2/04 Aprile.mp3","Beniamino Gigli","04 Aprile","The Very Best of Beniamino Gigli Disc 2","Unknown","","Unknown","244","4.1","4:04","92","2.65","Medium (70-99)","Medium","Medium (3-5 min)","Beniamino Gigli\The Very Best of Beniamino Gigli Disc 2","75","False","0","","0","",""
"05 Mattinata.mp3","C:\Users\phseamar\OneDrive - Microsoft\Documents\Music\Beniamino Gigli\The Very Best of Beniamino Gigli Disc 2\05 Mattinata.mp3","Beniamino Gigli\The Very Best of Beniamino Gigli Disc 2\05 Mattinata.mp3","file:///C:/Users/phseamar/OneDrive - Microsoft/Documents/Music/Beniamino Gigli/The Very Best of Beniamino Gigli Disc 2/05 Mattinata.mp3","Beniamino Gigli","05 Mattinata","The Very Best of Beniamino Gigli Disc 2","Unknown","","Unknown","135","2.2","2:15","90","1.59","Medium (70-99)","Medium","Short (Under 3 min)","Beniamino Gigli\The Very Best of Beniamino Gigli Disc 2","76","False","0","","0","",""
"06 Torna a Surriento.mp3","C:\Users\phseamar\OneDrive - Microsoft\Documents\Music\Beniamino Gigli\The Very Best of Beniamino Gigli Disc 2\06 Torna a Surriento.mp3","Beniamino Gigli\The Very Best of Beniamino Gigli Disc 2\06 Torna a Surriento.mp3","file:///C:/Users/phseamar/OneDrive - Microsoft/Documents/Music/Beniamino Gigli/The Very Best of Beniamino Gigli Disc 2/06 Torna a Surriento.mp3","Beniamino Gigli","06 Torna a Surriento","The Very Best of Beniamino Gigli Disc 2","Unknown","","Unknown","198","3.3","3:18","91","2.28","Medium (70-99)","Medium","Medium (3-5 min)","Beniamino Gigli\The Very Best of Beniamino Gigli Disc 2","77","False","0","","0","",""
"07 L'ultima canzone.mp3","C:\Users\phseamar\OneDrive - Microsoft\Documents\Music\Beniamino Gigli\The Very Best of Beniamino Gigli Disc 2\07 L'ultima canzone.mp3","Beniamino Gigli\The Very Best of Beniamino Gigli Disc 2\07 L'ultima canzone.mp3","file:///C:/Users/phseamar/OneDrive - Microsoft/Documents/Music/Beniamino Gigli/The Very Best of Beniamino Gigli Disc 2/07 L'ultima canzone.mp3","Beniamino Gigli","07 L'ultima canzone","The Very Best of Beniamino Gigli Disc 2","Unknown","","Unknown","270","4.5","4:30","100","2.96","Upbeat (100-129)","Medium","Medium (3-5 min)","Beniamino Gigli\The Very Best of Beniamino Gigli Disc 2","78","False","0","","0","",""
"08 La Forza del Destino- O tu che in seno.mp3","C:\Users\phseamar\OneDrive - Microsoft\Documents\Music\Beniamino Gigli\The Very Best of Beniamino Gigli Disc 2\08 La Forza del Destino- O tu che in seno.mp3","Beniamino Gigli\The Very Best of Beniamino Gigli Disc 2\08 La Forza del Destino- O tu che in seno.mp3","file:///C:/Users/phseamar/OneDrive - Microsoft/Documents/Music/Beniamino Gigli/The Very Best of Beniamino Gigli Disc 2/08 La Forza del Destino- O tu che in seno.mp3","08 La Forza del Destino","O tu che in seno","The Very Best of Beniamino Gigli Disc 2","Unknown","","Unknown","389","6.5","6:29","106","4.4","Upbeat (100-129)","Medium","Long (Over 5 min)","Beniamino Gigli\The Very Best of Beniamino Gigli Disc 2","79","False","0","","0","",""
"09 L'Arlesiana- E la solita storia.mp3","C:\Users\phseamar\OneDrive - Microsoft\Documents\Music\Beniamino Gigli\The Very Best of Beniamino Gigli Disc 2\09 L'Arlesiana- E la solita storia.mp3","Beniamino Gigli\The Very Best of Beniamino Gigli Disc 2\09 L'Arlesiana- E la solita storia.mp3","file:///C:/Users/phseamar/OneDrive - Microsoft/Documents/Music/Beniamino Gigli/The Very Best of Beniamino Gigli Disc 2/09 L'Arlesiana- E la solita storia.mp3","09 L'Arlesiana","E la solita storia","The Very Best of Beniamino Gigli Disc 2","Unknown","","Unknown","274","4.6","4:34","91","3.25","Medium (70-99)","Medium","Medium (3-5 min)","Beniamino Gigli\The Very Best of Beniamino Gigli Disc 2","80","False","0","","0","",""
"10 Andrea Chenier- Un di all'azzurro spazio.mp3","C:\Users\phseamar\OneDrive - Microsoft\Documents\Music\Beniamino Gigli\The Very Best of Beniamino Gigli Disc 2\10 Andrea Chenier- Un di all'azzurro spazio.mp3","Beniamino Gigli\The Very Best of Beniamino Gigli Disc 2\10 Andrea Chenier- Un di all'azzurro spazio.mp3","file:///C:/Users/phseamar/OneDrive - Microsoft/Documents/Music/Beniamino Gigli/The Very Best of Beniamino Gigli Disc 2/10 Andrea Chenier- Un di all'azzurro spazio.mp3","10 Andrea Chenier","Un di all'azzurro spazio","The Very Best of Beniamino Gigli Disc 2","Unknown","","Unknown","267","4.4","4:27","98","3.5","Medium (70-99)","Medium","Medium (3-5 min)","Beniamino Gigli\The Very Best of Beniamino Gigli Disc 2","81","False","0","","0","",""
"11 Andrea Chenier- Si, fui soldato.mp3","C:\Users\phseamar\OneDrive - Microsoft\Documents\Music\Beniamino Gigli\The Very Best of Beniamino Gigli Disc 2\11 Andrea Chenier- Si, fui soldato.mp3","Beniamino Gigli\The Very Best of Beniamino Gigli Disc 2\11 Andrea Chenier- Si, fui soldato.mp3","file:///C:/Users/phseamar/OneDrive - Microsoft/Documents/Music/Beniamino Gigli/The Very Best of Beniamino Gigli Disc 2/11 Andrea Chenier- Si, fui soldato.mp3","11 Andrea Chenier","Si, fui soldato","The Very Best of Beniamino Gigli Disc 2","Unknown","","Unknown","190","3.2","3:10","119","2.48","Upbeat (100-129)","Medium","Medium (3-5 min)","Beniamino Gigli\The Very Best of Beniamino Gigli Disc 2","82","False","0","","0","",""
"12 Andrea Chenier- Come un bel di di maggio.mp3","C:\Users\phseamar\OneDrive - Microsoft\Documents\Music\Beniamino Gigli\The Very Best of Beniamino Gigli Disc 2\12 Andrea Chenier- Come un bel di di maggio.mp3","Beniamino Gigli\The Very Best of Beniamino Gigli Disc 2\12 Andrea Chenier- Come un bel di di maggio.mp3","file:///C:/Users/phseamar/OneDrive - Microsoft/Documents/Music/Beniamino Gigli/The Very Best of Beniamino Gigli Disc 2/12 Andrea Chenier- Come un bel di di maggio.mp3","12 Andrea Chenier","Come un bel di di maggio","The Very Best of Beniamino Gigli Disc 2","Unknown","","Unknown","184","3.1","3:04","115","2.4","Upbeat (100-129)","Medium","Medium (3-5 min)","Beniamino Gigli\The Very Best of Beniamino Gigli Disc 2","83","False","0","","0","",""
"13 Un Ballo in Maschera- Di tu se fedele.mp3","C:\Users\phseamar\OneDrive - Microsoft\Documents\Music\Beniamino Gigli\The Very Best of Beniamino Gigli Disc 2\13 Un Ballo in Maschera- Di tu se fedele.mp3","Beniamino Gigli\The Very Best of Beniamino Gigli Disc 2\13 Un Ballo in Maschera- Di tu se fedele.mp3","file:///C:/Users/phseamar/OneDrive - Microsoft/Documents/Music/Beniamino Gigli/The Very Best of Beniamino Gigli Disc 2/13 Un Ballo in Maschera- Di tu se fedele.mp3","13 Un Ballo in Maschera","Di tu se fedele","The Very Best of Beniamino Gigli Disc 2","Unknown","","Unknown","192","3.2","3:12","114","2.43","Upbeat (100-129)","Medium","Medium (3-5 min)","Beniamino Gigli\The Very Best of Beniamino Gigli Disc 2","84","False","0","","0","",""
"14 Un Ballo in Maschera- Ma se m'e forza perderti.mp3","C:\Users\phseamar\OneDrive - Microsoft\Documents\Music\Beniamino Gigli\The Very Best of Beniamino Gigli Disc 2\14 Un Ballo in Maschera- Ma se m'e forza perderti.mp3","Beniamino Gigli\The Very Best of Beniamino Gigli Disc 2\14 Un Ballo in Maschera- Ma se m'e forza perderti.mp3","file:///C:/Users/phseamar/OneDrive - Microsoft/Documents/Music/Beniamino Gigli/The Very Best of Beniamino Gigli Disc 2/14 Un Ballo in Maschera- Ma se m'e forza perderti.mp3","14 Un Ballo in Maschera","Ma se m'e forza perderti","The Very Best of Beniamino Gigli Disc 2","Unknown","","Unknown","278","4.6","4:38","97","3.48","Medium (70-99)","Medium","Medium (3-5 min)","Beniamino Gigli\The Very Best of Beniamino Gigli Disc 2","85","False","0","","0","",""
"15 La Juive- Rachel, quand du Seigneur.mp3","C:\Users\phseamar\OneDrive - Microsoft\Documents\Music\Beniamino Gigli\The Very Best of Beniamino Gigli Disc 2\15 La Juive- Rachel, quand du Seigneur.mp3","Beniamino Gigli\The Very Best of Beniamino Gigli Disc 2\15 La Juive- Rachel, quand du Seigneur.mp3","file:///C:/Users/phseamar/OneDrive - Microsoft/Documents/Music/Beniamino Gigli/The Very Best of Beniamino Gigli Disc 2/15 La Juive- Rachel, quand du Seigneur.mp3","15 La Juive","Rachel, quand du Seigneur","The Very Best of Beniamino Gigli Disc 2","Unknown","","Unknown","290","4.8","4:50","91","3.33","Medium (70-99)","Medium","Medium (3-5 min)","Beniamino Gigli\The Very Best of Beniamino Gigli Disc 2","86","False","0","","0","",""
"16 Le Roi d'Ys- Vainement, ma bien-aimee.mp3","C:\Users\phseamar\OneDrive - Microsoft\Documents\Music\Beniamino Gigli\The Very Best of Beniamino Gigli Disc 2\16 Le Roi d'Ys- Vainement, ma bien-aimee.mp3","Beniamino Gigli\The Very Best of Beniamino Gigli Disc 2\16 Le Roi d'Ys- Vainement, ma bien-aimee.mp3","file:///C:/Users/phseamar/OneDrive - Microsoft/Documents/Music/Beniamino Gigli/The Very Best of Beniamino Gigli Disc 2/16 Le Roi d'Ys- Vainement, ma bien-aimee.mp3","16 Le Roi d'Ys","Vainement, ma bien-aimee","The Very Best of Beniamino Gigli Disc 2","Unknown","","Unknown","207","3.4","3:27","102","2.57","Upbeat (100-129)","Medium","Medium (3-5 min)","Beniamino Gigli\The Very Best of Beniamino Gigli Disc 2","87","False","0","","0","",""
"17 Manon- Ah! dispar vision.mp3","C:\Users\phseamar\OneDrive - Microsoft\Documents\Music\Beniamino Gigli\The Very Best of Beniamino Gigli Disc 2\17 Manon- Ah! dispar vision.mp3","Beniamino Gigli\The Very Best of Beniamino Gigli Disc 2\17 Manon- Ah! dispar vision.mp3","file:///C:/Users/phseamar/OneDrive - Microsoft/Documents/Music/Beniamino Gigli/The Very Best of Beniamino Gigli Disc 2/17 Manon- Ah! dispar vision.mp3","17 Manon","Ah! dispar vision","The Very Best of Beniamino Gigli Disc 2","Unknown","","Unknown","286","4.8","4:46","109","3.65","Upbeat (100-129)","Medium","Medium (3-5 min)","Beniamino Gigli\The Very Best of Beniamino Gigli Disc 2","88","False","0","","0","",""
"18 Werther- Ah! non mi ridestar.mp3","C:\Users\phseamar\OneDrive - Microsoft\Documents\Music\Beniamino Gigli\The Very Best of Beniamino Gigli Disc 2\18 Werther- Ah! non mi ridestar.mp3","Beniamino Gigli\The Very Best of Beniamino Gigli Disc 2\18 Werther- Ah! non mi ridestar.mp3","file:///C:/Users/phseamar/OneDrive - Microsoft/Documents/Music/Beniamino Gigli/The Very Best of Beniamino Gigli Disc 2/18 Werther- Ah! non mi ridestar.mp3","18 Werther","Ah! non mi ridestar","The Very Best of Beniamino Gigli Disc 2","Unknown","","Unknown","188","3.1","3:08","111","2.38","Upbeat (100-129)","Medium","Medium (3-5 min)","Beniamino Gigli\The Very Best of Beniamino Gigli Disc 2","89","False","0","","0","",""
"19 L'Elisir D'Amore- Quanto e bella.mp3","C:\Users\phseamar\OneDrive - Microsoft\Documents\Music\Beniamino Gigli\The Very Best of Beniamino Gigli Disc 2\19 L'Elisir D'Amore- Quanto e bella.mp3","Beniamino Gigli\The Very Best of Beniamino Gigli Disc 2\19 L'Elisir D'Amore- Quanto e bella.mp3","file:///C:/Users/phseamar/OneDrive - Microsoft/Documents/Music/Beniamino Gigli/The Very Best of Beniamino Gigli Disc 2/19 L'Elisir D'Amore- Quanto e bella.mp3","19 L'Elisir D'Amore","Quanto e bella","The Very Best of Beniamino Gigli Disc 2","Unknown","","Unknown","186","3.1","3:06","99","2.32","Medium (70-99)","Medium","Medium (3-5 min)","Beniamino Gigli\The Very Best of Beniamino Gigli Disc 2","90","False","0","","0","",""
"20 Turandot- Nessun dorma.mp3","C:\Users\phseamar\OneDrive - Microsoft\Documents\Music\Beniamino Gigli\The Very Best of Beniamino Gigli Disc 2\20 Turandot- Nessun dorma.mp3","Beniamino Gigli\The Very Best of Beniamino Gigli Disc 2\20 Turandot- Nessun dorma.mp3","file:///C:/Users/phseamar/OneDrive - Microsoft/Documents/Music/Beniamino Gigli/The Very Best of Beniamino Gigli Disc 2/20 Turandot- Nessun dorma.mp3","20 Turandot","Nessun dorma","The Very Best of Beniamino Gigli Disc 2","Unknown","","Unknown","213","3.6","3:33","115","2.73","Upbeat (100-129)","Medium","Medium (3-5 min)","Beniamino Gigli\The Very Best of Beniamino Gigli Disc 2","91","False","0","","0","",""
"01 1-1.mp3","C:\Users\phseamar\OneDrive - Microsoft\Documents\Music\Brian Eno\Ambient 1- Music for Airports\01 1-1.mp3","Brian Eno\Ambient 1- Music for Airports\01 1-1.mp3","file:///C:/Users/phseamar/OneDrive - Microsoft/Documents/Music/Brian Eno/Ambient 1- Music for Airports/01 1-1.mp3","01 1","1","Ambient 1- Music for Airports","Unknown","","Unknown","1040","17.3","17:20","93","21.83","Medium (70-99)","Medium","Long (Over 5 min)","Brian Eno\Ambient 1- Music for Airports","92","False","0","","0","",""
"02 1-2.mp3","C:\Users\phseamar\OneDrive - Microsoft\Documents\Music\Brian Eno\Ambient 1- Music for Airports\02 1-2.mp3","Brian Eno\Ambient 1- Music for Airports\02 1-2.mp3","file:///C:/Users/phseamar/OneDrive - Microsoft/Documents/Music/Brian Eno/Ambient 1- Music for Airports/02 1-2.mp3","02 1","2","Ambient 1- Music for Airports","Unknown","","Unknown","535","8.9","8:55","101","11.3","Upbeat (100-129)","Medium","Long (Over 5 min)","Brian Eno\Ambient 1- Music for Airports","93","False","0","","0","",""
"03 2-1.mp3","C:\Users\phseamar\OneDrive - Microsoft\Documents\Music\Brian Eno\Ambient 1- Music for Airports\03 2-1.mp3","Brian Eno\Ambient 1- Music for Airports\03 2-1.mp3","file:///C:/Users/phseamar/OneDrive - Microsoft/Documents/Music/Brian Eno/Ambient 1- Music for Airports/03 2-1.mp3","03 2","1","Ambient 1- Music for Airports","Unknown","","Unknown","726","12.1","12:06","106","15.94","Upbeat (100-129)","Medium","Long (Over 5 min)","Brian Eno\Ambient 1- Music for Airports","94","False","0","","0","",""
"04 2-2.mp3","C:\Users\phseamar\OneDrive - Microsoft\Documents\Music\Brian Eno\Ambient 1- Music for Airports\04 2-2.mp3","Brian Eno\Ambient 1- Music for Airports\04 2-2.mp3","file:///C:/Users/phseamar/OneDrive - Microsoft/Documents/Music/Brian Eno/Ambient 1- Music for Airports/04 2-2.mp3","04 2","2","Ambient 1- Music for Airports","Unknown","","Unknown","611","10.2","10:11","118","12.67","Upbeat (100-129)","Medium","Long (Over 5 min)","Brian Eno\Ambient 1- Music for Airports","95","False","0","","0","",""
"01 Serenade No. 10 in B Flat 'Gran Partita', K.361- Adagio.mp3","C:\Users\phseamar\OneDrive - Microsoft\Documents\Music\Chill with Mozart\01 Serenade No. 10 in B Flat 'Gran Partita', K.361- Adagio.mp3","Chill with Mozart\01 Serenade No. 10 in B Flat 'Gran Partita', K.361- Adagio.mp3","file:///C:/Users/phseamar/OneDrive - Microsoft/Documents/Music/Chill with Mozart/01 Serenade No. 10 in B Flat 'Gran Partita', K.361- Adagio.mp3","01 Serenade No. 10 in B Flat 'Gran Partita', K.361","Adagio","Unknown Album","Unknown","","Unknown","361","6","6:01","107","7.45","Upbeat (100-129)","Medium","Long (Over 5 min)","Chill with Mozart","96","False","0","","0","",""
"02 Vesperae Solennes de Confessore, K.339- Laudate Dominium.mp3","C:\Users\phseamar\OneDrive - Microsoft\Documents\Music\Chill with Mozart\02 Vesperae Solennes de Confessore, K.339- Laudate Dominium.mp3","Chill with Mozart\02 Vesperae Solennes de Confessore, K.339- Laudate Dominium.mp3","file:///C:/Users/phseamar/OneDrive - Microsoft/Documents/Music/Chill with Mozart/02 Vesperae Solennes de Confessore, K.339- Laudate Dominium.mp3","02 Vesperae Solennes de Confessore, K.339","Laudate Dominium","Unknown Album","Unknown","","Unknown","299","5","4:59","110","6.31","Upbeat (100-129)","Medium","Medium (3-5 min)","Chill with Mozart","97","False","0","","0","",""
"03 Piano Concerto No. 19 in F, K.459- Allegro.mp3","C:\Users\phseamar\OneDrive - Microsoft\Documents\Music\Chill with Mozart\03 Piano Concerto No. 19 in F, K.459- Allegro.mp3","Chill with Mozart\03 Piano Concerto No. 19 in F, K.459- Allegro.mp3","file:///C:/Users/phseamar/OneDrive - Microsoft/Documents/Music/Chill with Mozart/03 Piano Concerto No. 19 in F, K.459- Allegro.mp3","03 Piano Concerto No. 19 in F, K.459","Allegro","Unknown Album","Unknown","","Unknown","740","12.3","12:20","118","16.27","Upbeat (100-129)","Medium","Long (Over 5 min)","Chill with Mozart","98","False","0","","0","",""
"04 Flute Quartet in A, K.298- Andante.mp3","C:\Users\phseamar\OneDrive - Microsoft\Documents\Music\Chill with Mozart\04 Flute Quartet in A, K.298- Andante.mp3","Chill with Mozart\04 Flute Quartet in A, K.298- Andante.mp3","file:///C:/Users/phseamar/OneDrive - Microsoft/Documents/Music/Chill with Mozart/04 Flute Quartet in A, K.298- Andante.mp3","04 Flute Quartet in A, K.298","Andante","Unknown Album","Unknown","","Unknown","347","5.8","5:47","107","7.7","Upbeat (100-129)","Medium","Long (Over 5 min)","Chill with Mozart","99","False","0","","0","",""
"05 String Quintet in, D, K.593- Larghetto - Allegro.mp3","C:\Users\phseamar\OneDrive - Microsoft\Documents\Music\Chill with Mozart\05 String Quintet in, D, K.593- Larghetto - Allegro.mp3","Chill with Mozart\05 String Quintet in, D, K.593- Larghetto - Allegro.mp3","file:///C:/Users/phseamar/OneDrive - Microsoft/Documents/Music/Chill with Mozart/05 String Quintet in, D, K.593- Larghetto - Allegro.mp3","05 String Quintet in, D, K.593","Larghetto - Allegro","Unknown Album","Unknown","","Unknown","587","9.8","9:47","93","12.68","Medium (70-99)","Medium","Long (Over 5 min)","Chill with Mozart","100","False","0","","0","",""
"06 Requien, K.626- Benedictus.mp3","C:\Users\phseamar\OneDrive - Microsoft\Documents\Music\Chill with Mozart\06 Requien, K.626- Benedictus.mp3","Chill with Mozart\06 Requien, K.626- Benedictus.mp3","file:///C:/Users/phseamar/OneDrive - Microsoft/Documents/Music/Chill with Mozart/06 Requien, K.626- Benedictus.mp3","06 Requien, K.626","Benedictus","Unknown Album","Unknown","","Unknown","344","5.7","5:44","97","7.47","Medium (70-99)","Medium","Long (Over 5 min)","Chill with Mozart","101","False","0","","0","",""
"07 Ave Verum Corpus, K.618- Andante.mp3","C:\Users\phseamar\OneDrive - Microsoft\Documents\Music\Chill with Mozart\07 Ave Verum Corpus, K.618- Andante.mp3","Chill with Mozart\07 Ave Verum Corpus, K.618- Andante.mp3","file:///C:/Users/phseamar/OneDrive - Microsoft/Documents/Music/Chill with Mozart/07 Ave Verum Corpus, K.618- Andante.mp3","07 Ave Verum Corpus, K.618","Andante","Unknown Album","Unknown","","Unknown","174","2.9","2:54","119","3.72","Upbeat (100-129)","Medium","Short (Under 3 min)","Chill with Mozart","102","False","0","","0","",""
"08 Serenade No. 4 in D, K.203- Andante.mp3","C:\Users\phseamar\OneDrive - Microsoft\Documents\Music\Chill with Mozart\08 Serenade No. 4 in D, K.203- Andante.mp3","Chill with Mozart\08 Serenade No. 4 in D, K.203- Andante.mp3","file:///C:/Users/phseamar/OneDrive - Microsoft/Documents/Music/Chill with Mozart/08 Serenade No. 4 in D, K.203- Andante.mp3","08 Serenade No. 4 in D, K.203","Andante","Unknown Album","Unknown","","Unknown","331","5.5","5:31","104","7.24","Upbeat (100-129)","Medium","Long (Over 5 min)","Chill with Mozart","103","False","0","","0","",""
"09 Concerto in C for Flute & Harp, K.299- Andantino.mp3","C:\Users\phseamar\OneDrive - Microsoft\Documents\Music\Chill with Mozart\09 Concerto in C for Flute & Harp, K.299- Andantino.mp3","Chill with Mozart\09 Concerto in C for Flute & Harp, K.299- Andantino.mp3","file:///C:/Users/phseamar/OneDrive - Microsoft/Documents/Music/Chill with Mozart/09 Concerto in C for Flute & Harp, K.299- Andantino.mp3","09 Concerto in C for Flute & Harp, K.299","Andantino","Unknown Album","Unknown","","Unknown","456","7.6","7:36","106","10.24","Upbeat (100-129)","Medium","Long (Over 5 min)","Chill with Mozart","104","False","0","","0","",""
"10 Sinfonia Concertante in E Flat, K.297b- Andantino Con Variazioni.mp3","C:\Users\phseamar\OneDrive - Microsoft\Documents\Music\Chill with Mozart\10 Sinfonia Concertante in E Flat, K.297b- Andantino Con Variazioni.mp3","Chill with Mozart\10 Sinfonia Concertante in E Flat, K.297b- Andantino Con Variazioni.mp3","file:///C:/Users/phseamar/OneDrive - Microsoft/Documents/Music/Chill with Mozart/10 Sinfonia Concertante in E Flat, K.297b- Andantino Con Variazioni.mp3","10 Sinfonia Concertante in E Flat, K.297b","Andantino Con Variazioni","Unknown Album","Unknown","","Unknown","540","9","9:00","102","12.18","Upbeat (100-129)","Medium","Long (Over 5 min)","Chill with Mozart","105","False","0","","0","",""
"11 Così Fan Tutte- Soave Sia il Vento.mp3","C:\Users\phseamar\OneDrive - Microsoft\Documents\Music\Chill with Mozart\11 Così Fan Tutte- Soave Sia il Vento.mp3","Chill with Mozart\11 Così Fan Tutte- Soave Sia il Vento.mp3","file:///C:/Users/phseamar/OneDrive - Microsoft/Documents/Music/Chill with Mozart/11 Così Fan Tutte- Soave Sia il Vento.mp3","11 Così Fan Tutte","Soave Sia il Vento","Unknown Album","Unknown","","Unknown","193","3.2","3:13","98","4.26","Medium (70-99)","Medium","Medium (3-5 min)","Chill with Mozart","106","False","0","","0","",""
"01 (Theme From) The Monkees.mp3","C:\Users\phseamar\OneDrive - Microsoft\Documents\Music\Classic Pop\01 (Theme From) The Monkees.mp3","Classic Pop\01 (Theme From) The Monkees.mp3","file:///C:/Users/phseamar/OneDrive - Microsoft/Documents/Music/Classic Pop/01 (Theme From) The Monkees.mp3","Classic Pop","01 (Theme From) The Monkees","Unknown Album","Pop","","Unknown","141","2.4","2:21","119","2.16","Upbeat (100-129)","Medium","Short (Under 3 min)","Classic Pop","107","False","0","","0","",""
"01 Beds Are Burning.mp3","C:\Users\phseamar\OneDrive - Microsoft\Documents\Music\Classic Pop\01 Beds Are Burning.mp3","Classic Pop\01 Beds Are Burning.mp3","file:///C:/Users/phseamar/OneDrive - Microsoft/Documents/Music/Classic Pop/01 Beds Are Burning.mp3","Classic Pop","01 Beds Are Burning","Unknown Album","Pop","","Unknown","256","4.3","4:16","113","3.91","Upbeat (100-129)","Medium","Medium (3-5 min)","Classic Pop","108","False","0","","0","",""
"01 Don't Worry, Be Happy.mp3","C:\Users\phseamar\OneDrive - Microsoft\Documents\Music\Classic Pop\01 Don't Worry, Be Happy.mp3","Classic Pop\01 Don't Worry, Be Happy.mp3","file:///C:/Users/phseamar/OneDrive - Microsoft/Documents/Music/Classic Pop/01 Don't Worry, Be Happy.mp3","Classic Pop","01 Don't Worry, Be Happy","Unknown Album","Pop","","Unknown","289","4.8","4:49","104","4.43","Upbeat (100-129)","Medium","Medium (3-5 min)","Classic Pop","110","False","0","","0","",""
"01 Fallen in Love.mp3","C:\Users\phseamar\OneDrive - Microsoft\Documents\Music\Classic Pop\01 Fallen in Love.mp3","Classic Pop\01 Fallen in Love.mp3","file:///C:/Users/phseamar/OneDrive - Microsoft/Documents/Music/Classic Pop/01 Fallen in Love.mp3","Classic Pop","01 Fallen in Love","Unknown Album","Pop","","Unknown","379","6.3","6:19","114","5.79","Upbeat (100-129)","Medium","Long (Over 5 min)","Classic Pop","111","False","0","","0","",""
"01 I Can See Clearly Now.mp3","C:\Users\phseamar\OneDrive - Microsoft\Documents\Music\Classic Pop\01 I Can See Clearly Now.mp3","Classic Pop\01 I Can See Clearly Now.mp3","file:///C:/Users/phseamar/OneDrive - Microsoft/Documents/Music/Classic Pop/01 I Can See Clearly Now.mp3","Classic Pop","01 I Can See Clearly Now","Unknown Album","Pop","","Unknown","196","3.3","3:16","111","3.01","Upbeat (100-129)","Medium","Medium (3-5 min)","Classic Pop","112","False","0","","0","",""
"01 Johnny Come Home.mp3","C:\Users\phseamar\OneDrive - Microsoft\Documents\Music\Classic Pop\01 Johnny Come Home.mp3","Classic Pop\01 Johnny Come Home.mp3","file:///C:/Users/phseamar/OneDrive - Microsoft/Documents/Music/Classic Pop/01 Johnny Come Home.mp3","Classic Pop","01 Johnny Come Home","Unknown Album","Pop","","Unknown","343","5.7","5:43","117","5.24","Upbeat (100-129)","Medium","Long (Over 5 min)","Classic Pop","113","False","0","","0","",""
"01 Something Good.mp3","C:\Users\phseamar\OneDrive - Microsoft\Documents\Music\Classic Pop\01 Something Good.mp3","Classic Pop\01 Something Good.mp3","file:///C:/Users/phseamar/OneDrive - Microsoft/Documents/Music/Classic Pop/01 Something Good.mp3","Classic Pop","01 Something Good","Unknown Album","Pop","","Unknown","358","6","5:58","103","5.47","Upbeat (100-129)","Medium","Long (Over 5 min)","Classic Pop","114","False","0","","0","",""
"01 Sun City.mp3","C:\Users\phseamar\OneDrive - Microsoft\Documents\Music\Classic Pop\01 Sun City.mp3","Classic Pop\01 Sun City.mp3","file:///C:/Users/phseamar/OneDrive - Microsoft/Documents/Music/Classic Pop/01 Sun City.mp3","Classic Pop","01 Sun City","Unknown Album","Pop","","Unknown","433","7.2","7:13","118","8.27","Upbeat (100-129)","Medium","Long (Over 5 min)","Classic Pop","115","False","0","","0","",""
"02 Carrie-Anne.mp3","C:\Users\phseamar\OneDrive - Microsoft\Documents\Music\Classic Pop\02 Carrie-Anne.mp3","Classic Pop\02 Carrie-Anne.mp3","file:///C:/Users/phseamar/OneDrive - Microsoft/Documents/Music/Classic Pop/02 Carrie-Anne.mp3","02 Carrie","Anne","Unknown Album","Pop","","Unknown","168","2.8","2:48","116","2.57","Upbeat (100-129)","Medium","Short (Under 3 min)","Classic Pop","116","False","0","","0","",""
"02 I Got It Goin' On.mp3","C:\Users\phseamar\OneDrive - Microsoft\Documents\Music\Classic Pop\02 I Got It Goin' On.mp3","Classic Pop\02 I Got It Goin' On.mp3","file:///C:/Users/phseamar/OneDrive - Microsoft/Documents/Music/Classic Pop/02 I Got It Goin' On.mp3","Classic Pop","02 I Got It Goin' On","Unknown Album","Pop","","Unknown","318","5.3","5:18","118","5.94","Upbeat (100-129)","Medium","Long (Over 5 min)","Classic Pop","117","False","0","","0","",""
"02 Last Train to Clarksville.mp3","C:\Users\phseamar\OneDrive - Microsoft\Documents\Music\Classic Pop\02 Last Train to Clarksville.mp3","Classic Pop\02 Last Train to Clarksville.mp3","file:///C:/Users/phseamar/OneDrive - Microsoft/Documents/Music/Classic Pop/02 Last Train to Clarksville.mp3","Classic Pop","02 Last Train to Clarksville","Unknown Album","Pop","","Unknown","166","2.8","2:46","111","2.55","Upbeat (100-129)","Medium","Short (Under 3 min)","Classic Pop","118","False","0","","0","",""
"02 The Safety Dance.mp3","C:\Users\phseamar\OneDrive - Microsoft\Documents\Music\Classic Pop\02 The Safety Dance.mp3","Classic Pop\02 The Safety Dance.mp3","file:///C:/Users/phseamar/OneDrive - Microsoft/Documents/Music/Classic Pop/02 The Safety Dance.mp3","Classic Pop","02 The Safety Dance","Unknown Album","Electronic","","Unknown","266","4.4","4:26","121","4.08","Upbeat (100-129)","High","Medium (3-5 min)","Classic Pop","119","False","0","","0","",""
"03 Black Velvet.mp3","C:\Users\phseamar\OneDrive - Microsoft\Documents\Music\Classic Pop\03 Black Velvet.mp3","Classic Pop\03 Black Velvet.mp3","file:///C:/Users/phseamar/OneDrive - Microsoft/Documents/Music/Classic Pop/03 Black Velvet.mp3","Classic Pop","03 Black Velvet","Unknown Album","Pop","","Unknown","289","4.8","4:49","103","4.42","Upbeat (100-129)","Medium","Medium (3-5 min)","Classic Pop","120","False","0","","0","",""
"03 Wild World.mp3","C:\Users\phseamar\OneDrive - Microsoft\Documents\Music\Classic Pop\03 Wild World.mp3","Classic Pop\03 Wild World.mp3","file:///C:/Users/phseamar/OneDrive - Microsoft/Documents/Music/Classic Pop/03 Wild World.mp3","Classic Pop","03 Wild World","Unknown Album","Pop","","Unknown","200","3.3","3:20","100","3.83","Upbeat (100-129)","Medium","Medium (3-5 min)","Classic Pop","121","False","0","","0","",""
"04 I'm a Believer.mp3","C:\Users\phseamar\OneDrive - Microsoft\Documents\Music\Classic Pop\04 I'm a Believer.mp3","Classic Pop\04 I'm a Believer.mp3","file:///C:/Users/phseamar/OneDrive - Microsoft/Documents/Music/Classic Pop/04 I'm a Believer.mp3","Classic Pop","04 I'm a Believer","Unknown Album","Pop","","Unknown","166","2.8","2:46","112","2.55","Upbeat (100-129)","Medium","Short (Under 3 min)","Classic Pop","122","False","0","","0","",""
"04 The Riddle.mp3","C:\Users\phseamar\OneDrive - Microsoft\Documents\Music\Classic Pop\04 The Riddle.mp3","Classic Pop\04 The Riddle.mp3","file:///C:/Users/phseamar/OneDrive - Microsoft/Documents/Music/Classic Pop/04 The Riddle.mp3","Classic Pop","04 The Riddle","Unknown Album","Pop","","Unknown","232","3.9","3:52","105","3.56","Upbeat (100-129)","Medium","Medium (3-5 min)","Classic Pop","123","False","0","","0","",""
"04 While My Guitar Gently Weeps.mp3","C:\Users\phseamar\OneDrive - Microsoft\Documents\Music\Classic Pop\04 While My Guitar Gently Weeps.mp3","Classic Pop\04 While My Guitar Gently Weeps.mp3","file:///C:/Users/phseamar/OneDrive - Microsoft/Documents/Music/Classic Pop/04 While My Guitar Gently Weeps.mp3","Classic Pop","04 While My Guitar Gently Weeps","Unknown Album","Pop","","Unknown","292","4.9","4:52","102","3.34","Upbeat (100-129)","Medium","Medium (3-5 min)","Classic Pop","124","False","0","","0","",""
"05 Knowing Me  Knowing You.mp3","C:\Users\phseamar\OneDrive - Microsoft\Documents\Music\Classic Pop\05 Knowing Me  Knowing You.mp3","Classic Pop\05 Knowing Me  Knowing You.mp3","file:///C:/Users/phseamar/OneDrive - Microsoft/Documents/Music/Classic Pop/05 Knowing Me  Knowing You.mp3","Classic Pop","05 Knowing Me  Knowing You","Unknown Album","Pop","","Unknown","242","4","4:02","102","3.71","Upbeat (100-129)","Medium","Medium (3-5 min)","Classic Pop","125","False","0","","0","",""
"05 Suspicious Minds.mp3","C:\Users\phseamar\OneDrive - Microsoft\Documents\Music\Classic Pop\05 Suspicious Minds.mp3","Classic Pop\05 Suspicious Minds.mp3","file:///C:/Users/phseamar/OneDrive - Microsoft/Documents/Music/Classic Pop/05 Suspicious Minds.mp3","Classic Pop","05 Suspicious Minds","Unknown Album","Pop","","Unknown","474","7.9","7:54","119","7.24","Upbeat (100-129)","Medium","Long (Over 5 min)","Classic Pop","126","False","0","","0","",""
"06 99 Luftballons.mp3","C:\Users\phseamar\OneDrive - Microsoft\Documents\Music\Classic Pop\06 99 Luftballons.mp3","Classic Pop\06 99 Luftballons.mp3","file:///C:/Users/phseamar/OneDrive - Microsoft/Documents/Music/Classic Pop/06 99 Luftballons.mp3","Classic Pop","06 99 Luftballons","Unknown Album","Pop","","Unknown","235","3.9","3:55","107","3.59","Upbeat (100-129)","Medium","Medium (3-5 min)","Classic Pop","127","False","0","","0","",""
"06 House of Fun.MP3","C:\Users\phseamar\OneDrive - Microsoft\Documents\Music\Classic Pop\06 House of Fun.MP3","Classic Pop\06 House of Fun.MP3","file:///C:/Users/phseamar/OneDrive - Microsoft/Documents/Music/Classic Pop/06 House of Fun.MP3","Classic Pop","06 House of Fun","Unknown Album","Electronic","","Unknown","180","3","3:00","125","2.75","Upbeat (100-129)","High","Medium (3-5 min)","Classic Pop","128","False","0","","0","",""
"06 Money, Money, Money.mp3","C:\Users\phseamar\OneDrive - Microsoft\Documents\Music\Classic Pop\06 Money, Money, Money.mp3","Classic Pop\06 Money, Money, Money.mp3","file:///C:/Users/phseamar/OneDrive - Microsoft/Documents/Music/Classic Pop/06 Money, Money, Money.mp3","Classic Pop","06 Money, Money, Money","Unknown Album","Pop","","Unknown","188","3.1","3:08","105","3.52","Upbeat (100-129)","Medium","Medium (3-5 min)","Classic Pop","129","False","0","","0","",""
"06 Super Trouper.mp3","C:\Users\phseamar\OneDrive - Microsoft\Documents\Music\Classic Pop\06 Super Trouper.mp3","Classic Pop\06 Super Trouper.mp3","file:///C:/Users/phseamar/OneDrive - Microsoft/Documents/Music/Classic Pop/06 Super Trouper.mp3","Classic Pop","06 Super Trouper","Unknown Album","Pop","","Unknown","254","4.2","4:14","105","3.88","Upbeat (100-129)","Medium","Medium (3-5 min)","Classic Pop","130","False","0","","0","",""
"08 Waterfalls.mp3","C:\Users\phseamar\OneDrive - Microsoft\Documents\Music\Classic Pop\08 Waterfalls.mp3","Classic Pop\08 Waterfalls.mp3","file:///C:/Users/phseamar/OneDrive - Microsoft/Documents/Music/Classic Pop/08 Waterfalls.mp3","Classic Pop","08 Waterfalls","Unknown Album","Pop","","Unknown","211","3.5","3:31","103","3.24","Upbeat (100-129)","Medium","Medium (3-5 min)","Classic Pop","131","False","0","","0","",""
"09 He Ain't Heavy, He's My Brother.mp3","C:\Users\phseamar\OneDrive - Microsoft\Documents\Music\Classic Pop\09 He Ain't Heavy, He's My Brother.mp3","Classic Pop\09 He Ain't Heavy, He's My Brother.mp3","file:///C:/Users/phseamar/OneDrive - Microsoft/Documents/Music/Classic Pop/09 He Ain't Heavy, He's My Brother.mp3","Classic Pop","09 He Ain't Heavy, He's My Brother","Unknown Album","Pop","","Unknown","259","4.3","4:19","107","4","Upbeat (100-129)","Medium","Medium (3-5 min)","Classic Pop","132","False","0","","0","",""
"09 Moonlight Romance.mp3","C:\Users\phseamar\OneDrive - Microsoft\Documents\Music\Classic Pop\09 Moonlight Romance.mp3","Classic Pop\09 Moonlight Romance.mp3","file:///C:/Users/phseamar/OneDrive - Microsoft/Documents/Music/Classic Pop/09 Moonlight Romance.mp3","Classic Pop","09 Moonlight Romance","Unknown Album","Pop","","Unknown","211","3.5","3:31","113","3.23","Upbeat (100-129)","Medium","Medium (3-5 min)","Classic Pop","133","False","0","","0","",""
"10 Lazy Day.mp3","C:\Users\phseamar\OneDrive - Microsoft\Documents\Music\Classic Pop\10 Lazy Day.mp3","Classic Pop\10 Lazy Day.mp3","file:///C:/Users/phseamar/OneDrive - Microsoft/Documents/Music/Classic Pop/10 Lazy Day.mp3","Classic Pop","10 Lazy Day","Unknown Album","Pop","","Unknown","280","4.7","4:40","109","5.36","Upbeat (100-129)","Medium","Medium (3-5 min)","Classic Pop","134","False","0","","0","",""
"10 We Are The World.mp3","C:\Users\phseamar\OneDrive - Microsoft\Documents\Music\Classic Pop\10 We Are The World.mp3","Classic Pop\10 We Are The World.mp3","file:///C:/Users/phseamar/OneDrive - Microsoft/Documents/Music/Classic Pop/10 We Are The World.mp3","Classic Pop","10 We Are The World","Unknown Album","Pop","","Unknown","139","2.3","2:19","105","2.13","Upbeat (100-129)","Medium","Short (Under 3 min)","Classic Pop","135","False","0","","0","",""
"11 Got My Mind Set on You.mp3","C:\Users\phseamar\OneDrive - Microsoft\Documents\Music\Classic Pop\11 Got My Mind Set on You.mp3","Classic Pop\11 Got My Mind Set on You.mp3","file:///C:/Users/phseamar/OneDrive - Microsoft/Documents/Music/Classic Pop/11 Got My Mind Set on You.mp3","Classic Pop","11 Got My Mind Set on You","Unknown Album","Pop","","Unknown","233","3.9","3:53","116","8.91","Upbeat (100-129)","Medium","Medium (3-5 min)","Classic Pop","136","False","0","","0","",""
"11 Lucky Country.mp3","C:\Users\phseamar\OneDrive - Microsoft\Documents\Music\Classic Pop\11 Lucky Country.mp3","Classic Pop\11 Lucky Country.mp3","file:///C:/Users/phseamar/OneDrive - Microsoft/Documents/Music/Classic Pop/11 Lucky Country.mp3","Classic Pop","11 Lucky Country","Unknown Album","Country","","Unknown","289","4.8","4:49","95","4.42","Medium (70-99)","Medium","Medium (3-5 min)","Classic Pop","137","False","0","","0","",""
"11 True Love Ways.mp3","C:\Users\phseamar\OneDrive - Microsoft\Documents\Music\Classic Pop\11 True Love Ways.mp3","Classic Pop\11 True Love Ways.mp3","file:///C:/Users/phseamar/OneDrive - Microsoft/Documents/Music/Classic Pop/11 True Love Ways.mp3","Classic Pop","11 True Love Ways","Unknown Album","Pop","","Unknown","176","2.9","2:56","104","2.7","Upbeat (100-129)","Medium","Short (Under 3 min)","Classic Pop","138","False","0","","0","",""
"12 Grow Old with You.mp3","C:\Users\phseamar\OneDrive - Microsoft\Documents\Music\Classic Pop\12 Grow Old with You.mp3","Classic Pop\12 Grow Old with You.mp3","file:///C:/Users/phseamar/OneDrive - Microsoft/Documents/Music/Classic Pop/12 Grow Old with You.mp3","Classic Pop","12 Grow Old with You","Unknown Album","Pop","","Unknown","114","1.9","1:54","112","1.75","Upbeat (100-129)","Medium","Short (Under 3 min)","Classic Pop","139","False","0","","0","",""
"12 I'm a Believer.mp3","C:\Users\phseamar\OneDrive - Microsoft\Documents\Music\Classic Pop\12 I'm a Believer.mp3","Classic Pop\12 I'm a Believer.mp3","file:///C:/Users/phseamar/OneDrive - Microsoft/Documents/Music/Classic Pop/12 I'm a Believer.mp3","Classic Pop","12 I'm a Believer","Unknown Album","Pop","","Unknown","163","2.7","2:43","101","2.84","Upbeat (100-129)","Medium","Short (Under 3 min)","Classic Pop","140","False","0","","0","",""
"13 On a Carousel.mp3","C:\Users\phseamar\OneDrive - Microsoft\Documents\Music\Classic Pop\13 On a Carousel.mp3","Classic Pop\13 On a Carousel.mp3","file:///C:/Users/phseamar/OneDrive - Microsoft/Documents/Music/Classic Pop/13 On a Carousel.mp3","Classic Pop","13 On a Carousel","Unknown Album","Pop","","Unknown","193","3.2","3:13","114","2.95","Upbeat (100-129)","Medium","Medium (3-5 min)","Classic Pop","141","False","0","","0","",""
"14 Dancing Queen (Med Frida).mp3","C:\Users\phseamar\OneDrive - Microsoft\Documents\Music\Classic Pop\14 Dancing Queen (Med Frida).mp3","Classic Pop\14 Dancing Queen (Med Frida).mp3","file:///C:/Users/phseamar/OneDrive - Microsoft/Documents/Music/Classic Pop/14 Dancing Queen (Med Frida).mp3","Classic Pop","14 Dancing Queen (Med Frida)","Unknown Album","Pop","","Unknown","229","3.8","3:49","111","5.07","Upbeat (100-129)","Medium","Medium (3-5 min)","Classic Pop","142","False","0","","0","",""
"14 Gimme! Gimme! Gimme! (A Man After Midnight).mp3","C:\Users\phseamar\OneDrive - Microsoft\Documents\Music\Classic Pop\14 Gimme! Gimme! Gimme! (A Man After Midnight).mp3","Classic Pop\14 Gimme! Gimme! Gimme! (A Man After Midnight).mp3","file:///C:/Users/phseamar/OneDrive - Microsoft/Documents/Music/Classic Pop/14 Gimme! Gimme! Gimme! (A Man After Midnight).mp3","Classic Pop","14 Gimme! Gimme! Gimme! (A Man After Midnight)","Unknown Album","Pop","","Unknown","288","4.8","4:48","113","4.41","Upbeat (100-129)","Medium","Medium (3-5 min)","Classic Pop","143","False","0","","0","",""
"15 Some Girls.mp3","C:\Users\phseamar\OneDrive - Microsoft\Documents\Music\Classic Pop\15 Some Girls.mp3","Classic Pop\15 Some Girls.mp3","file:///C:/Users/phseamar/OneDrive - Microsoft/Documents/Music/Classic Pop/15 Some Girls.mp3","Classic Pop","15 Some Girls","Unknown Album","Pop","","Unknown","206","3.4","3:26","106","3.15","Upbeat (100-129)","Medium","Medium (3-5 min)","Classic Pop","144","False","0","","0","",""
"18 Informer.mp3","C:\Users\phseamar\OneDrive - Microsoft\Documents\Music\Classic Pop\18 Informer.mp3","Classic Pop\18 Informer.mp3","file:///C:/Users/phseamar/OneDrive - Microsoft/Documents/Music/Classic Pop/18 Informer.mp3","Classic Pop","18 Informer","Unknown Album","Pop","","Unknown","268","4.5","4:28","104","4.11","Upbeat (100-129)","Medium","Medium (3-5 min)","Classic Pop","145","False","0","","0","",""
"19 Waterloo.mp3","C:\Users\phseamar\OneDrive - Microsoft\Documents\Music\Classic Pop\19 Waterloo.mp3","Classic Pop\19 Waterloo.mp3","file:///C:/Users/phseamar/OneDrive - Microsoft/Documents/Music/Classic Pop/19 Waterloo.mp3","Classic Pop","19 Waterloo","Unknown Album","Pop","","Unknown","164","2.7","2:44","111","2.51","Upbeat (100-129)","Medium","Short (Under 3 min)","Classic Pop","146","False","0","","0","",""
"80's Billy Idol - You Spin Me Right Round.mp3","C:\Users\phseamar\OneDrive - Microsoft\Documents\Music\Classic Pop\80's Billy Idol - You Spin Me Right Round.mp3","Classic Pop\80's Billy Idol - You Spin Me Right Round.mp3","file:///C:/Users/phseamar/OneDrive - Microsoft/Documents/Music/Classic Pop/80's Billy Idol - You Spin Me Right Round.mp3","80's Billy Idol","You Spin Me Right Round","Unknown Album","Pop","","Unknown","267","4.4","4:27","103","4.09","Upbeat (100-129)","Medium","Medium (3-5 min)","Classic Pop","147","False","0","","0","",""
"80's rock-twisted sister-come on feel the noise.MP3","C:\Users\phseamar\OneDrive - Microsoft\Documents\Music\Classic Pop\80's rock-twisted sister-come on feel the noise.MP3","Classic Pop\80's rock-twisted sister-come on feel the noise.MP3","file:///C:/Users/phseamar/OneDrive - Microsoft/Documents/Music/Classic Pop/80's rock-twisted sister-come on feel the noise.MP3","80's rock","twisted sister-come on feel the noise","Unknown Album","Pop","","Unknown","260","4.3","4:20","101","3.97","Upbeat (100-129)","Medium","Medium (3-5 min)","Classic Pop","148","False","0","","0","",""
"Billy Idol - Rebel Yell.mp3","C:\Users\phseamar\OneDrive - Microsoft\Documents\Music\Classic Pop\Billy Idol - Rebel Yell.mp3","Classic Pop\Billy Idol - Rebel Yell.mp3","file:///C:/Users/phseamar/OneDrive - Microsoft/Documents/Music/Classic Pop/Billy Idol - Rebel Yell.mp3","Billy Idol","Rebel Yell","Unknown Album","Pop","","Unknown","287","4.8","4:47","116","4.4","Upbeat (100-129)","Medium","Medium (3-5 min)","Classic Pop","149","False","0","","0","",""
"Billy Idol - White Wedding.mp3","C:\Users\phseamar\OneDrive - Microsoft\Documents\Music\Classic Pop\Billy Idol - White Wedding.mp3","Classic Pop\Billy Idol - White Wedding.mp3","file:///C:/Users/phseamar/OneDrive - Microsoft/Documents/Music/Classic Pop/Billy Idol - White Wedding.mp3","Billy Idol","White Wedding","Unknown Album","Pop","","Unknown","248","4.1","4:08","112","3.8","Upbeat (100-129)","Medium","Medium (3-5 min)","Classic Pop","150","False","0","","0","",""
"Bonnie Tyler - I Need A Hero.mp3","C:\Users\phseamar\OneDrive - Microsoft\Documents\Music\Classic Pop\Bonnie Tyler - I Need A Hero.mp3","Classic Pop\Bonnie Tyler - I Need A Hero.mp3","file:///C:/Users/phseamar/OneDrive - Microsoft/Documents/Music/Classic Pop/Bonnie Tyler - I Need A Hero.mp3","Bonnie Tyler","I Need A Hero","Unknown Album","Pop","","Unknown","348","5.8","5:48","100","5.33","Upbeat (100-129)","Medium","Long (Over 5 min)","Classic Pop","151","False","0","","0","",""
"Breakfast Club - I Wanna Be A Cowboy.mp3","C:\Users\phseamar\OneDrive - Microsoft\Documents\Music\Classic Pop\Breakfast Club - I Wanna Be A Cowboy.mp3","Classic Pop\Breakfast Club - I Wanna Be A Cowboy.mp3","file:///C:/Users/phseamar/OneDrive - Microsoft/Documents/Music/Classic Pop/Breakfast Club - I Wanna Be A Cowboy.mp3","Breakfast Club","I Wanna Be A Cowboy","Unknown Album","Pop","","Unknown","221","3.7","3:41","106","3.38","Upbeat (100-129)","Medium","Medium (3-5 min)","Classic Pop","152","False","0","","0","",""
"Cat Stevens - Cat's in the Cradle.mp3","C:\Users\phseamar\OneDrive - Microsoft\Documents\Music\Classic Pop\Cat Stevens - Cat's in the Cradle.mp3","Classic Pop\Cat Stevens - Cat's in the Cradle.mp3","file:///C:/Users/phseamar/OneDrive - Microsoft/Documents/Music/Classic Pop/Cat Stevens - Cat's in the Cradle.mp3","Cat Stevens","Cat's in the Cradle","Unknown Album","Pop","","Unknown","227","3.8","3:47","117","3.47","Upbeat (100-129)","Medium","Medium (3-5 min)","Classic Pop","153","False","0","","0","",""
"Cat Stevens - Moon Shadow.mp3","C:\Users\phseamar\OneDrive - Microsoft\Documents\Music\Classic Pop\Cat Stevens - Moon Shadow.mp3","Classic Pop\Cat Stevens - Moon Shadow.mp3","file:///C:/Users/phseamar/OneDrive - Microsoft/Documents/Music/Classic Pop/Cat Stevens - Moon Shadow.mp3","Cat Stevens","Moon Shadow","Unknown Album","Pop","","Unknown","167","2.8","2:47","100","2.56","Upbeat (100-129)","Medium","Short (Under 3 min)","Classic Pop","154","False","0","","0","",""
"Cat Stevens - Seasons In The Sun.mp3","C:\Users\phseamar\OneDrive - Microsoft\Documents\Music\Classic Pop\Cat Stevens - Seasons In The Sun.mp3","Classic Pop\Cat Stevens - Seasons In The Sun.mp3","file:///C:/Users/phseamar/OneDrive - Microsoft/Documents/Music/Classic Pop/Cat Stevens - Seasons In The Sun.mp3","Cat Stevens","Seasons In The Sun","Unknown Album","Pop","","Unknown","189","3.2","3:09","108","2.53","Upbeat (100-129)","Medium","Medium (3-5 min)","Classic Pop","155","False","0","","0","",""
"Cat Stevens - Wild World.mp3","C:\Users\phseamar\OneDrive - Microsoft\Documents\Music\Classic Pop\Cat Stevens - Wild World.mp3","Classic Pop\Cat Stevens - Wild World.mp3","file:///C:/Users/phseamar/OneDrive - Microsoft/Documents/Music/Classic Pop/Cat Stevens - Wild World.mp3","Cat Stevens","Wild World","Unknown Album","Pop","","Unknown","197","3.3","3:17","110","3.01","Upbeat (100-129)","Medium","Medium (3-5 min)","Classic Pop","156","False","0","","0","",""
"Cliff Richard & The Young Ones - Living Doll.mp3","C:\Users\phseamar\OneDrive - Microsoft\Documents\Music\Classic Pop\Cliff Richard & The Young Ones - Living Doll.mp3","Classic Pop\Cliff Richard & The Young Ones - Living Doll.mp3","file:///C:/Users/phseamar/OneDrive - Microsoft/Documents/Music/Classic Pop/Cliff Richard & The Young Ones - Living Doll.mp3","Cliff Richard & The Young Ones","Living Doll","Unknown Album","Pop","","Unknown","257","4.3","4:17","105","3.93","Upbeat (100-129)","Medium","Medium (3-5 min)","Classic Pop","157","False","0","","0","",""
"Come On Eileen - Dexy's Midnight Runners.mp3","C:\Users\phseamar\OneDrive - Microsoft\Documents\Music\Classic Pop\Come On Eileen - Dexy's Midnight Runners.mp3","Classic Pop\Come On Eileen - Dexy's Midnight Runners.mp3","file:///C:/Users/phseamar/OneDrive - Microsoft/Documents/Music/Classic Pop/Come On Eileen - Dexy's Midnight Runners.mp3","Come On Eileen","Dexy's Midnight Runners","Unknown Album","Pop","","Unknown","272","4.5","4:32","115","4.16","Upbeat (100-129)","Medium","Medium (3-5 min)","Classic Pop","158","False","0","","0","",""
"Cyndi Lauper - Girls Just Wanna Have Fun.mp3","C:\Users\phseamar\OneDrive - Microsoft\Documents\Music\Classic Pop\Cyndi Lauper - Girls Just Wanna Have Fun.mp3","Classic Pop\Cyndi Lauper - Girls Just Wanna Have Fun.mp3","file:///C:/Users/phseamar/OneDrive - Microsoft/Documents/Music/Classic Pop/Cyndi Lauper - Girls Just Wanna Have Fun.mp3","Cyndi Lauper","Girls Just Wanna Have Fun","Unknown Album","Pop","","Unknown","228","3.8","3:48","109","3.49","Upbeat (100-129)","Medium","Medium (3-5 min)","Classic Pop","159","False","0","","0","",""
"Cyndi Lauper - Time After Time (1).mp3","C:\Users\phseamar\OneDrive - Microsoft\Documents\Music\Classic Pop\Cyndi Lauper - Time After Time (1).mp3","Classic Pop\Cyndi Lauper - Time After Time (1).mp3","file:///C:/Users/phseamar/OneDrive - Microsoft/Documents/Music/Classic Pop/Cyndi Lauper - Time After Time (1).mp3","Cyndi Lauper","Time After Time (1)","Unknown Album","Pop","","Unknown","235","3.9","3:55","116","4.49","Upbeat (100-129)","Medium","Medium (3-5 min)","Classic Pop","160","False","0","","0","",""
"Cyndi Lauper - True Colors.mp3","C:\Users\phseamar\OneDrive - Microsoft\Documents\Music\Classic Pop\Cyndi Lauper - True Colors.mp3","Classic Pop\Cyndi Lauper - True Colors.mp3","file:///C:/Users/phseamar/OneDrive - Microsoft/Documents/Music/Classic Pop/Cyndi Lauper - True Colors.mp3","Cyndi Lauper","True Colors","Unknown Album","Pop","","Unknown","226","3.8","3:46","109","3.46","Upbeat (100-129)","Medium","Medium (3-5 min)","Classic Pop","161","False","0","","0","",""
"Elton John - Chloe.mp3","C:\Users\phseamar\OneDrive - Microsoft\Documents\Music\Classic Pop\Elton John - Chloe.mp3","Classic Pop\Elton John - Chloe.mp3","file:///C:/Users/phseamar/OneDrive - Microsoft/Documents/Music/Classic Pop/Elton John - Chloe.mp3","Elton John","Chloe","Unknown Album","Pop","","Unknown","380","6.3","6:20","118","5.82","Upbeat (100-129)","Medium","Long (Over 5 min)","Classic Pop","162","False","0","","0","",""
"Eric Clapton - George Harrison - Here Comes The Sun.mp3","C:\Users\phseamar\OneDrive - Microsoft\Documents\Music\Classic Pop\Eric Clapton - George Harrison - Here Comes The Sun.mp3","Classic Pop\Eric Clapton - George Harrison - Here Comes The Sun.mp3","file:///C:/Users/phseamar/OneDrive - Microsoft/Documents/Music/Classic Pop/Eric Clapton - George Harrison - Here Comes The Sun.mp3","Eric Clapton","George Harrison - Here Comes The Sun","Unknown Album","Pop","","Unknown","210","3.5","3:30","103","3.22","Upbeat (100-129)","Medium","Medium (3-5 min)","Classic Pop","163","False","0","","0","",""
"falco - amadeus.mp3","C:\Users\phseamar\OneDrive - Microsoft\Documents\Music\Classic Pop\falco - amadeus.mp3","Classic Pop\falco - amadeus.mp3","file:///C:/Users/phseamar/OneDrive - Microsoft/Documents/Music/Classic Pop/falco - amadeus.mp3","falco","amadeus","Unknown Album","Pop","","Unknown","195","3.2","3:15","101","2.98","Upbeat (100-129)","Medium","Medium (3-5 min)","Classic Pop","164","False","0","","0","",""
"Fame - I'm Gonna Live Forever.mp3","C:\Users\phseamar\OneDrive - Microsoft\Documents\Music\Classic Pop\Fame - I'm Gonna Live Forever.mp3","Classic Pop\Fame - I'm Gonna Live Forever.mp3","file:///C:/Users/phseamar/OneDrive - Microsoft/Documents/Music/Classic Pop/Fame - I'm Gonna Live Forever.mp3","Fame","I'm Gonna Live Forever","Unknown Album","Pop","","Unknown","231","3.8","3:51","114","4.42","Upbeat (100-129)","Medium","Medium (3-5 min)","Classic Pop","165","False","0","","0","",""
"fine young cannibals - She drives me crazy (original edit).mp3","C:\Users\phseamar\OneDrive - Microsoft\Documents\Music\Classic Pop\fine young cannibals - She drives me crazy (original edit).mp3","Classic Pop\fine young cannibals - She drives me crazy (original edit).mp3","file:///C:/Users/phseamar/OneDrive - Microsoft/Documents/Music/Classic Pop/fine young cannibals - She drives me crazy (original edit).mp3","fine young cannibals","She drives me crazy (original edit)","Unknown Album","Pop","","Unknown","216","3.6","3:36","106","3.31","Upbeat (100-129)","Medium","Medium (3-5 min)","Classic Pop","166","False","0","","0","",""
"fine young cannibals - She's drive me crazy.mp3","C:\Users\phseamar\OneDrive - Microsoft\Documents\Music\Classic Pop\fine young cannibals - She's drive me crazy.mp3","Classic Pop\fine young cannibals - She's drive me crazy.mp3","file:///C:/Users/phseamar/OneDrive - Microsoft/Documents/Music/Classic Pop/fine young cannibals - She's drive me crazy.mp3","fine young cannibals","She's drive me crazy","Unknown Album","Pop","","Unknown","208","3.5","3:28","108","3.98","Upbeat (100-129)","Medium","Medium (3-5 min)","Classic Pop","167","False","0","","0","",""
"fine young cannibals - suspicious mind.mp3","C:\Users\phseamar\OneDrive - Microsoft\Documents\Music\Classic Pop\fine young cannibals - suspicious mind.mp3","Classic Pop\fine young cannibals - suspicious mind.mp3","file:///C:/Users/phseamar/OneDrive - Microsoft/Documents/Music/Classic Pop/fine young cannibals - suspicious mind.mp3","fine young cannibals","suspicious mind","Unknown Album","Pop","","Unknown","238","4","3:58","108","3.65","Upbeat (100-129)","Medium","Medium (3-5 min)","Classic Pop","168","False","0","","0","",""
"fine young cannibals - Suspicious Minds (Remix).mp3","C:\Users\phseamar\OneDrive - Microsoft\Documents\Music\Classic Pop\fine young cannibals - Suspicious Minds (Remix).mp3","Classic Pop\fine young cannibals - Suspicious Minds (Remix).mp3","file:///C:/Users/phseamar/OneDrive - Microsoft/Documents/Music/Classic Pop/fine young cannibals - Suspicious Minds (Remix).mp3","fine young cannibals","Suspicious Minds (Remix)","Unknown Album","Pop","","Unknown","472","7.9","7:52","118","7.22","Upbeat (100-129)","Medium","Long (Over 5 min)","Classic Pop","169","False","0","","0","",""
"Four Non Blondes - Whats Going On.mp3","C:\Users\phseamar\OneDrive - Microsoft\Documents\Music\Classic Pop\Four Non Blondes - Whats Going On.mp3","Classic Pop\Four Non Blondes - Whats Going On.mp3","file:///C:/Users/phseamar/OneDrive - Microsoft/Documents/Music/Classic Pop/Four Non Blondes - Whats Going On.mp3","Four Non Blondes","Whats Going On","Unknown Album","Pop","","Unknown","295","4.9","4:55","108","3.95","Upbeat (100-129)","Medium","Medium (3-5 min)","Classic Pop","170","False","0","","0","",""
"Frente - Accidently Kelly Street.mp3","C:\Users\phseamar\OneDrive - Microsoft\Documents\Music\Classic Pop\Frente - Accidently Kelly Street.mp3","Classic Pop\Frente - Accidently Kelly Street.mp3","file:///C:/Users/phseamar/OneDrive - Microsoft/Documents/Music/Classic Pop/Frente - Accidently Kelly Street.mp3","Frente","Accidently Kelly Street","Unknown Album","Pop","","Unknown","199","3.3","3:19","106","3.05","Upbeat (100-129)","Medium","Medium (3-5 min)","Classic Pop","171","False","0","","0","",""
"Frente - Labor of Love.mp3","C:\Users\phseamar\OneDrive - Microsoft\Documents\Music\Classic Pop\Frente - Labor of Love.mp3","Classic Pop\Frente - Labor of Love.mp3","file:///C:/Users/phseamar/OneDrive - Microsoft/Documents/Music/Classic Pop/Frente - Labor of Love.mp3","Frente","Labor of Love","Unknown Album","Pop","","Unknown","179","3","2:59","112","2.75","Upbeat (100-129)","Medium","Short (Under 3 min)","Classic Pop","172","False","0","","0","",""
"George Harrison - Here Comes The Sun.mp3","C:\Users\phseamar\OneDrive - Microsoft\Documents\Music\Classic Pop\George Harrison - Here Comes The Sun.mp3","Classic Pop\George Harrison - Here Comes The Sun.mp3","file:///C:/Users/phseamar/OneDrive - Microsoft/Documents/Music/Classic Pop/George Harrison - Here Comes The Sun.mp3","George Harrison","Here Comes The Sun","Unknown Album","Pop","","Unknown","187","3.1","3:07","111","2.86","Upbeat (100-129)","Medium","Medium (3-5 min)","Classic Pop","173","False","0","","0","",""
"George Harrison - The Best Of George Harrison - My Sweet Lord.mp3","C:\Users\phseamar\OneDrive - Microsoft\Documents\Music\Classic Pop\George Harrison - The Best Of George Harrison - My Sweet Lord.mp3","Classic Pop\George Harrison - The Best Of George Harrison - My Sweet Lord.mp3","file:///C:/Users/phseamar/OneDrive - Microsoft/Documents/Music/Classic Pop/George Harrison - The Best Of George Harrison - My Sweet Lord.mp3","George Harrison","The Best Of George Harrison - My Sweet Lord","Unknown Album","Pop","","Unknown","279","4.6","4:39","114","3.27","Upbeat (100-129)","Medium","Medium (3-5 min)","Classic Pop","174","False","0","","0","",""
"George Harrison & Eric Clapton - While My Guitar Gently Weeps.mp3","C:\Users\phseamar\OneDrive - Microsoft\Documents\Music\Classic Pop\George Harrison & Eric Clapton - While My Guitar Gently Weeps.mp3","Classic Pop\George Harrison & Eric Clapton - While My Guitar Gently Weeps.mp3","file:///C:/Users/phseamar/OneDrive - Microsoft/Documents/Music/Classic Pop/George Harrison & Eric Clapton - While My Guitar Gently Weeps.mp3","George Harrison & Eric Clapton","While My Guitar Gently Weeps","Unknown Album","Pop","","Unknown","266","4.4","4:26","112","4.07","Upbeat (100-129)","Medium","Medium (3-5 min)","Classic Pop","175","False","0","","0","",""
"George Harrison & Eric Clapton (live) - Something.mp3","C:\Users\phseamar\OneDrive - Microsoft\Documents\Music\Classic Pop\George Harrison & Eric Clapton (live) - Something.mp3","Classic Pop\George Harrison & Eric Clapton (live) - Something.mp3","file:///C:/Users/phseamar/OneDrive - Microsoft/Documents/Music/Classic Pop/George Harrison & Eric Clapton (live) - Something.mp3","George Harrison & Eric Clapton (live)","Something","Unknown Album","Pop","","Unknown","309","5.2","5:09","118","4.73","Upbeat (100-129)","Medium","Long (Over 5 min)","Classic Pop","176","False","0","","0","",""
"Ghostbusters Theme.mp3","C:\Users\phseamar\OneDrive - Microsoft\Documents\Music\Classic Pop\Ghostbusters Theme.mp3","Classic Pop\Ghostbusters Theme.mp3","file:///C:/Users/phseamar/OneDrive - Microsoft/Documents/Music/Classic Pop/Ghostbusters Theme.mp3","Classic Pop","Ghostbusters Theme","Unknown Album","Pop","","Unknown","243","4","4:03","108","3.72","Upbeat (100-129)","Medium","Medium (3-5 min)","Classic Pop","177","False","0","","0","",""
"Golfinger - 99 Red Balloons.mp3","C:\Users\phseamar\OneDrive - Microsoft\Documents\Music\Classic Pop\Golfinger - 99 Red Balloons.mp3","Classic Pop\Golfinger - 99 Red Balloons.mp3","file:///C:/Users/phseamar/OneDrive - Microsoft/Documents/Music/Classic Pop/Golfinger - 99 Red Balloons.mp3","Golfinger","99 Red Balloons","Unknown Album","Pop","","Unknown","252","4.2","4:12","104","2.89","Upbeat (100-129)","Medium","Medium (3-5 min)","Classic Pop","178","False","0","","0","",""
"Grace Jones - Pull Up To The Bumper.mp3","C:\Users\phseamar\OneDrive - Microsoft\Documents\Music\Classic Pop\Grace Jones - Pull Up To The Bumper.mp3","Classic Pop\Grace Jones - Pull Up To The Bumper.mp3","file:///C:/Users/phseamar/OneDrive - Microsoft/Documents/Music/Classic Pop/Grace Jones - Pull Up To The Bumper.mp3","Grace Jones","Pull Up To The Bumper","Unknown Album","Pop","","Unknown","347","5.8","5:47","116","5.31","Upbeat (100-129)","Medium","Long (Over 5 min)","Classic Pop","179","False","0","","0","",""
"Hollies - Stop Stop Stop all the Music.mp3","C:\Users\phseamar\OneDrive - Microsoft\Documents\Music\Classic Pop\Hollies - Stop Stop Stop all the Music.mp3","Classic Pop\Hollies - Stop Stop Stop all the Music.mp3","file:///C:/Users/phseamar/OneDrive - Microsoft/Documents/Music/Classic Pop/Hollies - Stop Stop Stop all the Music.mp3","Hollies","Stop Stop Stop all the Music","Unknown Album","Pop","","Unknown","170","2.8","2:50","102","2.6","Upbeat (100-129)","Medium","Short (Under 3 min)","Classic Pop","180","False","0","","0","",""
"John Farnham - You're the Voice (1).mp3","C:\Users\phseamar\OneDrive - Microsoft\Documents\Music\Classic Pop\John Farnham - You're the Voice (1).mp3","Classic Pop\John Farnham - You're the Voice (1).mp3","file:///C:/Users/phseamar/OneDrive - Microsoft/Documents/Music/Classic Pop/John Farnham - You're the Voice (1).mp3","John Farnham","You're the Voice (1)","Unknown Album","Pop","","Unknown","242","4","4:02","101","3.71","Upbeat (100-129)","Medium","Medium (3-5 min)","Classic Pop","181","False","0","","0","",""
"Kate Bush - Babooshka.mp3","C:\Users\phseamar\OneDrive - Microsoft\Documents\Music\Classic Pop\Kate Bush - Babooshka.mp3","Classic Pop\Kate Bush - Babooshka.mp3","file:///C:/Users/phseamar/OneDrive - Microsoft/Documents/Music/Classic Pop/Kate Bush - Babooshka.mp3","Kate Bush","Babooshka","Unknown Album","Pop","","Unknown","210","3.5","3:30","111","3.21","Upbeat (100-129)","Medium","Medium (3-5 min)","Classic Pop","182","False","0","","0","",""
"Kate Bush - Wuthering Heights (1).mp3","C:\Users\phseamar\OneDrive - Microsoft\Documents\Music\Classic Pop\Kate Bush - Wuthering Heights (1).mp3","Classic Pop\Kate Bush - Wuthering Heights (1).mp3","file:///C:/Users/phseamar/OneDrive - Microsoft/Documents/Music/Classic Pop/Kate Bush - Wuthering Heights (1).mp3","Kate Bush","Wuthering Heights (1)","Unknown Album","Pop","","Unknown","298","5","4:58","109","4.56","Upbeat (100-129)","Medium","Medium (3-5 min)","Classic Pop","183","False","0","","0","",""
"Kate Bush - Wuthering Heights.mp3","C:\Users\phseamar\OneDrive - Microsoft\Documents\Music\Classic Pop\Kate Bush - Wuthering Heights.mp3","Classic Pop\Kate Bush - Wuthering Heights.mp3","file:///C:/Users/phseamar/OneDrive - Microsoft/Documents/Music/Classic Pop/Kate Bush - Wuthering Heights.mp3","Kate Bush","Wuthering Heights","Unknown Album","Pop","","Unknown","269","4.5","4:29","119","4.11","Upbeat (100-129)","Medium","Medium (3-5 min)","Classic Pop","184","False","0","","0","",""
"lean on me remix.mp3.mp3","C:\Users\phseamar\OneDrive - Microsoft\Documents\Music\Classic Pop\lean on me remix.mp3.mp3","Classic Pop\lean on me remix.mp3.mp3","file:///C:/Users/phseamar/OneDrive - Microsoft/Documents/Music/Classic Pop/lean on me remix.mp3.mp3","Classic Pop","lean on me remix.mp3","Unknown Album","Pop","","Unknown","332","5.5","5:32","114","5.07","Upbeat (100-129)","Medium","Long (Over 5 min)","Classic Pop","185","False","0","","0","",""
"Little Steven -     Sun City.mp3","C:\Users\phseamar\OneDrive - Microsoft\Documents\Music\Classic Pop\Little Steven -     Sun City.mp3","Classic Pop\Little Steven -     Sun City.mp3","file:///C:/Users/phseamar/OneDrive - Microsoft/Documents/Music/Classic Pop/Little Steven -     Sun City.mp3","Little Steven","Sun City","Unknown Album","Pop","","Unknown","423","7","7:03","106","6.46","Upbeat (100-129)","Medium","Long (Over 5 min)","Classic Pop","186","False","0","","0","",""
"Loggins Kenny - Footloose.mp3","C:\Users\phseamar\OneDrive - Microsoft\Documents\Music\Classic Pop\Loggins Kenny - Footloose.mp3","Classic Pop\Loggins Kenny - Footloose.mp3","file:///C:/Users/phseamar/OneDrive - Microsoft/Documents/Music/Classic Pop/Loggins Kenny - Footloose.mp3","Loggins Kenny","Footloose","Unknown Album","Pop","","Unknown","222","3.7","3:42","107","5.09","Upbeat (100-129)","Medium","Medium (3-5 min)","Classic Pop","187","False","0","","0","",""
"Madness - Our House.mp3","C:\Users\phseamar\OneDrive - Microsoft\Documents\Music\Classic Pop\Madness - Our House.mp3","Classic Pop\Madness - Our House.mp3","file:///C:/Users/phseamar/OneDrive - Microsoft/Documents/Music/Classic Pop/Madness - Our House.mp3","Madness","Our House","Unknown Album","Electronic","","Unknown","201","3.4","3:21","121","3.08","Upbeat (100-129)","High","Medium (3-5 min)","Classic Pop","188","False","0","","0","",""
"Madonna - Hanky Panky.mp3","C:\Users\phseamar\OneDrive - Microsoft\Documents\Music\Classic Pop\Madonna - Hanky Panky.mp3","Classic Pop\Madonna - Hanky Panky.mp3","file:///C:/Users/phseamar/OneDrive - Microsoft/Documents/Music/Classic Pop/Madonna - Hanky Panky.mp3","Madonna","Hanky Panky","Unknown Album","Pop","","Unknown","239","4","3:59","105","3.65","Upbeat (100-129)","Medium","Medium (3-5 min)","Classic Pop","189","False","0","","0","",""
"MC S Stereo - Connected.mp3","C:\Users\phseamar\OneDrive - Microsoft\Documents\Music\Classic Pop\MC S Stereo - Connected.mp3","Classic Pop\MC S Stereo - Connected.mp3","file:///C:/Users/phseamar/OneDrive - Microsoft/Documents/Music/Classic Pop/MC S Stereo - Connected.mp3","MC S Stereo","Connected","Unknown Album","Pop","","Unknown","313","5.2","5:13","101","4.78","Upbeat (100-129)","Medium","Long (Over 5 min)","Classic Pop","190","False","0","","0","",""
"Men Without Hats - Safety Dance (1).mp3","C:\Users\phseamar\OneDrive - Microsoft\Documents\Music\Classic Pop\Men Without Hats - Safety Dance (1).mp3","Classic Pop\Men Without Hats - Safety Dance (1).mp3","file:///C:/Users/phseamar/OneDrive - Microsoft/Documents/Music/Classic Pop/Men Without Hats - Safety Dance (1).mp3","Men Without Hats","Safety Dance (1)","Unknown Album","Electronic","","Unknown","239","4","3:59","130","3.66","Fast (130-159)","High","Medium (3-5 min)","Classic Pop","191","False","0","","0","",""
"Monkees - Daydream Believer.mp3","C:\Users\phseamar\OneDrive - Microsoft\Documents\Music\Classic Pop\Monkees - Daydream Believer.mp3","Classic Pop\Monkees - Daydream Believer.mp3","file:///C:/Users/phseamar/OneDrive - Microsoft/Documents/Music/Classic Pop/Monkees - Daydream Believer.mp3","Monkees","Daydream Believer","Unknown Album","Pop","","Unknown","187","3.1","3:07","105","2.86","Upbeat (100-129)","Medium","Medium (3-5 min)","Classic Pop","192","False","0","","0","",""
"Monkees - Pleasant Valley Sunday.mp3","C:\Users\phseamar\OneDrive - Microsoft\Documents\Music\Classic Pop\Monkees - Pleasant Valley Sunday.mp3","Classic Pop\Monkees - Pleasant Valley Sunday.mp3","file:///C:/Users/phseamar/OneDrive - Microsoft/Documents/Music/Classic Pop/Monkees - Pleasant Valley Sunday.mp3","Monkees","Pleasant Valley Sunday","Unknown Album","Pop","","Unknown","190","3.2","3:10","114","2.91","Upbeat (100-129)","Medium","Medium (3-5 min)","Classic Pop","193","False","0","","0","",""
"Oldies - Amazulu - Montego Bay.mp3","C:\Users\phseamar\OneDrive - Microsoft\Documents\Music\Classic Pop\Oldies - Amazulu - Montego Bay.mp3","Classic Pop\Oldies - Amazulu - Montego Bay.mp3","file:///C:/Users/phseamar/OneDrive - Microsoft/Documents/Music/Classic Pop/Oldies - Amazulu - Montego Bay.mp3","Oldies","Amazulu - Montego Bay","Unknown Album","Pop","","Unknown","184","3.1","3:04","109","2.81","Upbeat (100-129)","Medium","Medium (3-5 min)","Classic Pop","194","False","0","","0","",""
"OMD - If You Leave.mp3","C:\Users\phseamar\OneDrive - Microsoft\Documents\Music\Classic Pop\OMD - If You Leave.mp3","Classic Pop\OMD - If You Leave.mp3","file:///C:/Users/phseamar/OneDrive - Microsoft/Documents/Music/Classic Pop/OMD - If You Leave.mp3","OMD","If You Leave","Unknown Album","Pop","","Unknown","262","4.4","4:22","107","3.5","Upbeat (100-129)","Medium","Medium (3-5 min)","Classic Pop","195","False","0","","0","",""
"Prince - Cream.mp3","C:\Users\phseamar\OneDrive - Microsoft\Documents\Music\Classic Pop\Prince - Cream.mp3","Classic Pop\Prince - Cream.mp3","file:///C:/Users/phseamar/OneDrive - Microsoft/Documents/Music/Classic Pop/Prince - Cream.mp3","Prince","Cream","Unknown Album","Pop","","Unknown","253","4.2","4:13","103","3.87","Upbeat (100-129)","Medium","Medium (3-5 min)","Classic Pop","196","False","0","","0","",""
"Prince - Purple Rain.mp3","C:\Users\phseamar\OneDrive - Microsoft\Documents\Music\Classic Pop\Prince - Purple Rain.mp3","Classic Pop\Prince - Purple Rain.mp3","file:///C:/Users/phseamar/OneDrive - Microsoft/Documents/Music/Classic Pop/Prince - Purple Rain.mp3","Prince","Purple Rain","Unknown Album","Pop","","Unknown","519","8.6","8:39","115","7.93","Upbeat (100-129)","Medium","Long (Over 5 min)","Classic Pop","197","False","0","","0","",""
"REAL MCCOY - Another Night (Club Mix).mp3","C:\Users\phseamar\OneDrive - Microsoft\Documents\Music\Classic Pop\REAL MCCOY - Another Night (Club Mix).mp3","Classic Pop\REAL MCCOY - Another Night (Club Mix).mp3","file:///C:/Users/phseamar/OneDrive - Microsoft/Documents/Music/Classic Pop/REAL MCCOY - Another Night (Club Mix).mp3","REAL MCCOY","Another Night (Club Mix)","Unknown Album","Pop","","Unknown","348","5.8","5:48","100","5.31","Upbeat (100-129)","Medium","Long (Over 5 min)","Classic Pop","198","False","0","","0","",""
"Real McCoy - Run Away.mp3","C:\Users\phseamar\OneDrive - Microsoft\Documents\Music\Classic Pop\Real McCoy - Run Away.mp3","Classic Pop\Real McCoy - Run Away.mp3","file:///C:/Users/phseamar/OneDrive - Microsoft/Documents/Music/Classic Pop/Real McCoy - Run Away.mp3","Real McCoy","Run Away","Unknown Album","Pop","","Unknown","245","4.1","4:05","116","3.75","Upbeat (100-129)","Medium","Medium (3-5 min)","Classic Pop","199","False","0","","0","",""
"Simple Minds - Don't You Forget About Me.mp3","C:\Users\phseamar\OneDrive - Microsoft\Documents\Music\Classic Pop\Simple Minds - Don't You Forget About Me.mp3","Classic Pop\Simple Minds - Don't You Forget About Me.mp3","file:///C:/Users/phseamar/OneDrive - Microsoft/Documents/Music/Classic Pop/Simple Minds - Don't You Forget About Me.mp3","Simple Minds","Don't You Forget About Me","Unknown Album","Pop","","Unknown","261","4.4","4:21","117","3.99","Upbeat (100-129)","Medium","Medium (3-5 min)","Classic Pop","200","False","0","","0","",""
"Suzanne Vega - My name is Luka.mp3","C:\Users\phseamar\OneDrive - Microsoft\Documents\Music\Classic Pop\Suzanne Vega - My name is Luka.mp3","Classic Pop\Suzanne Vega - My name is Luka.mp3","file:///C:/Users/phseamar/OneDrive - Microsoft/Documents/Music/Classic Pop/Suzanne Vega - My name is Luka.mp3","Suzanne Vega","My name is Luka","Unknown Album","Pop","","Unknown","233","3.9","3:53","104","3.57","Upbeat (100-129)","Medium","Medium (3-5 min)","Classic Pop","201","False","0","","0","",""
"Tina Turner - Private Dancer (1).mp3","C:\Users\phseamar\OneDrive - Microsoft\Documents\Music\Classic Pop\Tina Turner - Private Dancer (1).mp3","Classic Pop\Tina Turner - Private Dancer (1).mp3","file:///C:/Users/phseamar/OneDrive - Microsoft/Documents/Music/Classic Pop/Tina Turner - Private Dancer (1).mp3","Tina Turner","Private Dancer (1)","Unknown Album","Electronic","","Unknown","433","7.2","7:13","135","6.62","Fast (130-159)","High","Long (Over 5 min)","Classic Pop","202","False","0","","0","",""
"Tom Jones - What's New Pussycat.mp3","C:\Users\phseamar\OneDrive - Microsoft\Documents\Music\Classic Pop\Tom Jones - What's New Pussycat.mp3","Classic Pop\Tom Jones - What's New Pussycat.mp3","file:///C:/Users/phseamar/OneDrive - Microsoft/Documents/Music/Classic Pop/Tom Jones - What's New Pussycat.mp3","Tom Jones","What's New Pussycat","Unknown Album","Pop","","Unknown","126","2.1","2:06","103","1.93","Upbeat (100-129)","Medium","Short (Under 3 min)","Classic Pop","203","False","0","","0","",""
"Turner, Tina - I Will Survive.mp3","C:\Users\phseamar\OneDrive - Microsoft\Documents\Music\Classic Pop\Turner, Tina - I Will Survive.mp3","Classic Pop\Turner, Tina - I Will Survive.mp3","file:///C:/Users/phseamar/OneDrive - Microsoft/Documents/Music/Classic Pop/Turner, Tina - I Will Survive.mp3","Turner, Tina","I Will Survive","Unknown Album","Pop","","Unknown","220","3.7","3:40","103","3.36","Upbeat (100-129)","Medium","Medium (3-5 min)","Classic Pop","204","False","0","","0","",""
"Twisted Sister - I Wanna Rock.mp3","C:\Users\phseamar\OneDrive - Microsoft\Documents\Music\Classic Pop\Twisted Sister - I Wanna Rock.mp3","Classic Pop\Twisted Sister - I Wanna Rock.mp3","file:///C:/Users/phseamar/OneDrive - Microsoft/Documents/Music/Classic Pop/Twisted Sister - I Wanna Rock.mp3","Twisted Sister","I Wanna Rock","Unknown Album","Pop","","Unknown","181","3","3:01","116","4.16","Upbeat (100-129)","Medium","Medium (3-5 min)","Classic Pop","205","False","0","","0","",""
"Twisted Sister - We're Not Gonna Take It.mp3","C:\Users\phseamar\OneDrive - Microsoft\Documents\Music\Classic Pop\Twisted Sister - We're Not Gonna Take It.mp3","Classic Pop\Twisted Sister - We're Not Gonna Take It.mp3","file:///C:/Users/phseamar/OneDrive - Microsoft/Documents/Music/Classic Pop/Twisted Sister - We're Not Gonna Take It.mp3","Twisted Sister","We're Not Gonna Take It","Unknown Album","Pop","","Unknown","219","3.6","3:39","113","1.46","Upbeat (100-129)","Medium","Medium (3-5 min)","Classic Pop","206","False","0","","0","",""
"US3 - Funky.mp3","C:\Users\phseamar\OneDrive - Microsoft\Documents\Music\Classic Pop\US3 - Funky.mp3","Classic Pop\US3 - Funky.mp3","file:///C:/Users/phseamar/OneDrive - Microsoft/Documents/Music/Classic Pop/US3 - Funky.mp3","US3","Funky","Unknown Album","Pop","","Unknown","276","4.6","4:36","100","4.22","Upbeat (100-129)","Medium","Medium (3-5 min)","Classic Pop","207","False","0","","0","",""
"walking on sunshine - Rockers Revenge.mp3","C:\Users\phseamar\OneDrive - Microsoft\Documents\Music\Classic Pop\walking on sunshine - Rockers Revenge.mp3","Classic Pop\walking on sunshine - Rockers Revenge.mp3","file:///C:/Users/phseamar/OneDrive - Microsoft/Documents/Music/Classic Pop/walking on sunshine - Rockers Revenge.mp3","walking on sunshine","Rockers Revenge","Unknown Album","Pop","","Unknown","571","9.5","9:31","114","8.72","Upbeat (100-129)","Medium","Long (Over 5 min)","Classic Pop","208","False","0","","0","",""
"Wham - Last Christmas.mp3","C:\Users\phseamar\OneDrive - Microsoft\Documents\Music\Classic Pop\Wham - Last Christmas.mp3","Classic Pop\Wham - Last Christmas.mp3","file:///C:/Users/phseamar/OneDrive - Microsoft/Documents/Music/Classic Pop/Wham - Last Christmas.mp3","Wham","Last Christmas","Unknown Album","Pop","","Unknown","267","4.4","4:27","118","4.08","Upbeat (100-129)","Medium","Medium (3-5 min)","Classic Pop","209","False","0","","0","",""
"01 Go West.mp3","C:\Users\phseamar\OneDrive - Microsoft\Documents\Music\Dave\01 Go West.mp3","Dave\01 Go West.mp3","file:///C:/Users/phseamar/OneDrive - Microsoft/Documents/Music/Dave/01 Go West.mp3","Dave","01 Go West","Unknown Album","Unknown","","Unknown","300","5","5:00","96","4.58","Medium (70-99)","Medium","Long (Over 5 min)","Dave","210","False","0","","0","",""
"01 The Phantom of the Opera.mp3","C:\Users\phseamar\OneDrive - Microsoft\Documents\Music\Dave\01 The Phantom of the Opera.mp3","Dave\01 The Phantom of the Opera.mp3","file:///C:/Users/phseamar/OneDrive - Microsoft/Documents/Music/Dave/01 The Phantom of the Opera.mp3","Dave","01 The Phantom of the Opera","Unknown Album","Unknown","","Unknown","260","4.3","4:20","102","3.98","Upbeat (100-129)","Medium","Medium (3-5 min)","Dave","211","False","0","","0","",""
"06 All i ask of you.mp3","C:\Users\phseamar\OneDrive - Microsoft\Documents\Music\Dave\06 All i ask of you.mp3","Dave\06 All i ask of you.mp3","file:///C:/Users/phseamar/OneDrive - Microsoft/Documents/Music/Dave/06 All i ask of you.mp3","Dave","06 All i ask of you","Unknown Album","Unknown","","Unknown","399","6.6","6:39","112","5.34","Upbeat (100-129)","Medium","Long (Over 5 min)","Dave","212","False","0","","0","",""
"Paul Oakenfold and sasha - Live in Orlando.mp3","C:\Users\phseamar\OneDrive - Microsoft\Documents\Music\Dave\Paul Oakenfold and sasha - Live in Orlando.mp3","Dave\Paul Oakenfold and sasha - Live in Orlando.mp3","file:///C:/Users/phseamar/OneDrive - Microsoft/Documents/Music/Dave/Paul Oakenfold and sasha - Live in Orlando.mp3","Paul Oakenfold and sasha","Live in Orlando","Unknown Album","Unknown","","Unknown","2818","47","46:58","110","43.01","Upbeat (100-129)","Medium","Long (Over 5 min)","Dave","215","False","0","","0","",""
"Paul van Dyk - The Politics of Dancing (Part 2).mp3","C:\Users\phseamar\OneDrive - Microsoft\Documents\Music\Dave\Paul van Dyk - The Politics of Dancing (Part 2).mp3","Dave\Paul van Dyk - The Politics of Dancing (Part 2).mp3","file:///C:/Users/phseamar/OneDrive - Microsoft/Documents/Music/Dave/Paul van Dyk - The Politics of Dancing (Part 2).mp3","Paul van Dyk","The Politics of Dancing (Part 2)","Unknown Album","Unknown","","Unknown","4668","77.8","77:48","91","71.24","Medium (70-99)","Medium","Long (Over 5 min)","Dave","216","False","0","","0","",""
"Pet Shop Boys - YMCA Disco Mix (Millennium Remix).mp3","C:\Users\phseamar\OneDrive - Microsoft\Documents\Music\Dave\Pet Shop Boys - YMCA Disco Mix (Millennium Remix).mp3","Dave\Pet Shop Boys - YMCA Disco Mix (Millennium Remix).mp3","file:///C:/Users/phseamar/OneDrive - Microsoft/Documents/Music/Dave/Pet Shop Boys - YMCA Disco Mix (Millennium Remix).mp3","Pet Shop Boys","YMCA Disco Mix (Millennium Remix)","Unknown Album","Hip Hop","","Unknown","547","9.1","9:07","99","8.36","Medium (70-99)","Medium","Long (Over 5 min)","Dave","217","False","0","","0","",""
"Pet Shop Boys-Megamix.mp3","C:\Users\phseamar\OneDrive - Microsoft\Documents\Music\Dave\Pet Shop Boys-Megamix.mp3","Dave\Pet Shop Boys-Megamix.mp3","file:///C:/Users/phseamar/OneDrive - Microsoft/Documents/Music/Dave/Pet Shop Boys-Megamix.mp3","Pet Shop Boys","Megamix","Unknown Album","Hip Hop","","Unknown","412","6.9","6:52","86","6.29","Medium (70-99)","Medium","Long (Over 5 min)","Dave","218","False","0","","0","",""
"Pete Tong & Dave Seaman - Essential Mix - Live from Lush Northern Ireland - 3.17.2001 part1.mp3","C:\Users\phseamar\OneDrive - Microsoft\Documents\Music\Dave\Pete Tong & Dave Seaman - Essential Mix - Live from Lush Northern Ireland - 3.17.2001 part1.mp3","Dave\Pete Tong & Dave Seaman - Essential Mix - Live from Lush Northern Ireland - 3.17.2001 part1.mp3","file:///C:/Users/phseamar/OneDrive - Microsoft/Documents/Music/Dave/Pete Tong & Dave Seaman - Essential Mix - Live from Lush Northern Ireland - 3.17.2001 part1.mp3","Pete Tong & Dave Seaman","Essential Mix - Live from Lush Northern Ireland - 3.17.2001 part1","Unknown Album","Unknown","2001","2000s","4791","79.8","79:51","94","73.11","Medium (70-99)","Medium","Long (Over 5 min)","Dave","219","False","0","","0","",""
"Pete Tong, Tall Paul, Paul van Dyk - Essential mix- London (live mix).mp3","C:\Users\phseamar\OneDrive - Microsoft\Documents\Music\Dave\Pete Tong, Tall Paul, Paul van Dyk - Essential mix- London (live mix).mp3","Dave\Pete Tong, Tall Paul, Paul van Dyk - Essential mix- London (live mix).mp3","file:///C:/Users/phseamar/OneDrive - Microsoft/Documents/Music/Dave/Pete Tong, Tall Paul, Paul van Dyk - Essential mix- London (live mix).mp3","Pete Tong, Tall Paul, Paul van Dyk","Essential mix- London (live mix)","Unknown Album","Unknown","","Unknown","4999","83.3","83:19","105","76.3","Upbeat (100-129)","Medium","Long (Over 5 min)","Dave","220","False","0","","0","",""
"Peter Gabriel & Kate Bush - Don't Give Up.mp3","C:\Users\phseamar\OneDrive - Microsoft\Documents\Music\Dave\Peter Gabriel & Kate Bush - Don't Give Up.mp3","Dave\Peter Gabriel & Kate Bush - Don't Give Up.mp3","file:///C:/Users/phseamar/OneDrive - Microsoft/Documents/Music/Dave/Peter Gabriel & Kate Bush - Don't Give Up.mp3","Peter Gabriel & Kate Bush","Don't Give Up","Unknown Album","Unknown","","Unknown","355","5.9","5:55","99","5.42","Medium (70-99)","Medium","Long (Over 5 min)","Dave","221","False","0","","0","",""
"01 Go West.mp3","C:\Users\phseamar\OneDrive - Microsoft\Documents\Music\Dave\Dave\01 Go West.mp3","Dave\Dave\01 Go West.mp3","file:///C:/Users/phseamar/OneDrive - Microsoft/Documents/Music/Dave/Dave/01 Go West.mp3","Dave","01 Go West","Dave","Unknown","","Unknown","300","5","5:00","90","4.58","Medium (70-99)","Medium","Long (Over 5 min)","Dave\Dave","222","False","0","","0","",""
"01 Panis Angelicus for tenor, organ, harp, cello & double-bass.mp3","C:\Users\phseamar\OneDrive - Microsoft\Documents\Music\Dave\Dave\01 Panis Angelicus for tenor, organ, harp, cello & double-bass.mp3","Dave\Dave\01 Panis Angelicus for tenor, organ, harp, cello & double-bass.mp3","file:///C:/Users/phseamar/OneDrive - Microsoft/Documents/Music/Dave/Dave/01 Panis Angelicus for tenor, organ, harp, cello & double-bass.mp3","01 Panis Angelicus for tenor, organ, harp, cello & double","bass","Dave","Unknown","","Unknown","232","3.9","3:52","115","3.55","Upbeat (100-129)","Medium","Medium (3-5 min)","Dave\Dave","223","False","0","","0","",""
"01 The Phantom of the Opera.mp3","C:\Users\phseamar\OneDrive - Microsoft\Documents\Music\Dave\Dave\01 The Phantom of the Opera.mp3","Dave\Dave\01 The Phantom of the Opera.mp3","file:///C:/Users/phseamar/OneDrive - Microsoft/Documents/Music/Dave/Dave/01 The Phantom of the Opera.mp3","Dave","01 The Phantom of the Opera","Dave","Unknown","","Unknown","260","4.3","4:20","107","3.98","Upbeat (100-129)","Medium","Medium (3-5 min)","Dave\Dave","224","False","0","","0","",""
"04 Tosca, opera- Vissi d'arte.mp3","C:\Users\phseamar\OneDrive - Microsoft\Documents\Music\Dave\Dave\04 Tosca, opera- Vissi d'arte.mp3","Dave\Dave\04 Tosca, opera- Vissi d'arte.mp3","file:///C:/Users/phseamar/OneDrive - Microsoft/Documents/Music/Dave/Dave/04 Tosca, opera- Vissi d'arte.mp3","04 Tosca, opera","Vissi d'arte","Dave","Unknown","","Unknown","178","3","2:58","118","2.74","Upbeat (100-129)","Medium","Short (Under 3 min)","Dave\Dave","225","False","0","","0","",""
"06 I Feel the Earth Move.mp3","C:\Users\phseamar\OneDrive - Microsoft\Documents\Music\Dave\Dave\06 I Feel the Earth Move.mp3","Dave\Dave\06 I Feel the Earth Move.mp3","file:///C:/Users/phseamar/OneDrive - Microsoft/Documents/Music/Dave/Dave/06 I Feel the Earth Move.mp3","Dave","06 I Feel the Earth Move","Dave","Unknown","","Unknown","252","4.2","4:12","112","3.85","Upbeat (100-129)","Medium","Medium (3-5 min)","Dave\Dave","226","False","0","","0","",""
"07 All I Ask Of You.mp3","C:\Users\phseamar\OneDrive - Microsoft\Documents\Music\Dave\Dave\07 All I Ask Of You.mp3","Dave\Dave\07 All I Ask Of You.mp3","file:///C:/Users/phseamar/OneDrive - Microsoft/Documents/Music/Dave/Dave/07 All I Ask Of You.mp3","Dave","07 All I Ask Of You","Dave","Unknown","","Unknown","399","6.6","6:39","110","5.34","Upbeat (100-129)","Medium","Long (Over 5 min)","Dave\Dave","227","False","0","","0","",""
"08 Live to Tell.mp3","C:\Users\phseamar\OneDrive - Microsoft\Documents\Music\Dave\Dave\08 Live to Tell.mp3","Dave\Dave\08 Live to Tell.mp3","file:///C:/Users/phseamar/OneDrive - Microsoft/Documents/Music/Dave/Dave/08 Live to Tell.mp3","Dave","08 Live to Tell","Dave","Unknown","","Unknown","318","5.3","5:18","100","4.87","Upbeat (100-129)","Medium","Long (Over 5 min)","Dave\Dave","228","False","0","","0","",""
"10 On the Beach.mp3","C:\Users\phseamar\OneDrive - Microsoft\Documents\Music\Dave\Dave\10 On the Beach.mp3","Dave\Dave\10 On the Beach.mp3","file:///C:/Users/phseamar/OneDrive - Microsoft/Documents/Music/Dave/Dave/10 On the Beach.mp3","Dave","10 On the Beach","Dave","Unknown","","Unknown","411","6.8","6:51","102","7.86","Upbeat (100-129)","Medium","Long (Over 5 min)","Dave\Dave","230","False","0","","0","",""
"21 Dance Factory Super Megamix.mp3","C:\Users\phseamar\OneDrive - Microsoft\Documents\Music\Dave\Dave\21 Dance Factory Super Megamix.mp3","Dave\Dave\21 Dance Factory Super Megamix.mp3","file:///C:/Users/phseamar/OneDrive - Microsoft/Documents/Music/Dave/Dave/21 Dance Factory Super Megamix.mp3","Dave","21 Dance Factory Super Megamix","Dave","Electronic","","Unknown","282","4.7","4:42","124","4.3","Upbeat (100-129)","High","Medium (3-5 min)","Dave\Dave","232","False","0","","0","",""
"Hicks, Bill - Revelations 05 Sorry, Wrong Meeting.mp3","C:\Users\phseamar\OneDrive - Microsoft\Documents\Music\Dave\Dave\Hicks, Bill - Revelations 05 Sorry, Wrong Meeting.mp3","Dave\Dave\Hicks, Bill - Revelations 05 Sorry, Wrong Meeting.mp3","file:///C:/Users/phseamar/OneDrive - Microsoft/Documents/Music/Dave/Dave/Hicks, Bill - Revelations 05 Sorry, Wrong Meeting.mp3","Hicks, Bill","Revelations 05 Sorry, Wrong Meeting","Dave","Unknown","","Unknown","212","3.5","3:32","117","3.24","Upbeat (100-129)","Medium","Medium (3-5 min)","Dave\Dave","233","False","0","","0","",""
"house mix - Dj Phill 2002 (megamix).mp3","C:\Users\phseamar\OneDrive - Microsoft\Documents\Music\Dave\Dave\house mix - Dj Phill 2002 (megamix).mp3","Dave\Dave\house mix - Dj Phill 2002 (megamix).mp3","file:///C:/Users/phseamar/OneDrive - Microsoft/Documents/Music/Dave/Dave/house mix - Dj Phill 2002 (megamix).mp3","house mix","Dj Phill 2002 (megamix)","Dave","Electronic","2002","2000s","1030","17.2","17:10","129","15.73","Upbeat (100-129)","High","Long (Over 5 min)","Dave\Dave","234","False","0","","0","",""
"Itzak Perlman - classical- Brahms-Violin Concerto in D, Op. 77- 1. Allegro non troppo.mp3","C:\Users\phseamar\OneDrive - Microsoft\Documents\Music\Dave\Dave\Itzak Perlman - classical- Brahms-Violin Concerto in D, Op. 77- 1. Allegro non troppo.mp3","Dave\Dave\Itzak Perlman - classical- Brahms-Violin Concerto in D, Op. 77- 1. Allegro non troppo.mp3","file:///C:/Users/phseamar/OneDrive - Microsoft/Documents/Music/Dave/Dave/Itzak Perlman - classical- Brahms-Violin Concerto in D, Op. 77- 1. Allegro non troppo.mp3","Itzak Perlman","classical- Brahms-Violin Concerto in D, Op. 77- 1. Allegro non troppo","Dave","Classical","","Unknown","318","5.3","5:18","65","4.85","Slow (Under 70)","Low","Long (Over 5 min)","Dave\Dave","235","False","0","","0","",""
"Janet Jackson - Together again (dance club remix).mp3","C:\Users\phseamar\OneDrive - Microsoft\Documents\Music\Dave\Dave\Janet Jackson - Together again (dance club remix).mp3","Dave\Dave\Janet Jackson - Together again (dance club remix).mp3","file:///C:/Users/phseamar/OneDrive - Microsoft/Documents/Music/Dave/Dave/Janet Jackson - Together again (dance club remix).mp3","Janet Jackson","Together again (dance club remix)","Dave","Electronic","","Unknown","335","5.6","5:35","120","5.11","Upbeat (100-129)","High","Long (Over 5 min)","Dave\Dave","236","False","0","","0","",""
"JFK.mp3","C:\Users\phseamar\OneDrive - Microsoft\Documents\Music\Dave\Dave\JFK.mp3","Dave\Dave\JFK.mp3","file:///C:/Users/phseamar/OneDrive - Microsoft/Documents/Music/Dave/Dave/JFK.mp3","Dave","JFK","Dave","Unknown","","Unknown","193","3.2","3:13","102","2.95","Upbeat (100-129)","Medium","Medium (3-5 min)","Dave\Dave","237","False","0","","0","",""
"Jinny - Keep Warm.mp3","C:\Users\phseamar\OneDrive - Microsoft\Documents\Music\Dave\Dave\Jinny - Keep Warm.mp3","Dave\Dave\Jinny - Keep Warm.mp3","file:///C:/Users/phseamar/OneDrive - Microsoft/Documents/Music/Dave/Dave/Jinny - Keep Warm.mp3","Jinny","Keep Warm","Dave","Unknown","","Unknown","262","4.4","4:22","103","4","Upbeat (100-129)","Medium","Medium (3-5 min)","Dave\Dave","238","False","0","","0","",""
"Jussi Bjorling and Robert Merrill  - Duet of the Pearl fishers - Au Fond Du Temple Saint .mp3","C:\Users\phseamar\OneDrive - Microsoft\Documents\Music\Dave\Dave\Jussi Bjorling and Robert Merrill  - Duet of the Pearl fishers - Au Fond Du Temple Saint .mp3","Dave\Dave\Jussi Bjorling and Robert Merrill  - Duet of the Pearl fishers - Au Fond Du Temple Saint .mp3","file:///C:/Users/phseamar/OneDrive - Microsoft/Documents/Music/Dave/Dave/Jussi Bjorling and Robert Merrill  - Duet of the Pearl fishers - Au Fond Du Temple Saint .mp3","Jussi Bjorling and Robert Merrill","Duet of the Pearl fishers - Au Fond Du Temple Saint","Dave","Unknown","","Unknown","352","5.9","5:52","96","5.38","Medium (70-99)","Medium","Long (Over 5 min)","Dave\Dave","239","False","0","","0","",""
"Kenny Rogers - The Gambler.mp3","C:\Users\phseamar\OneDrive - Microsoft\Documents\Music\Dave\Dave\Kenny Rogers - The Gambler.mp3","Dave\Dave\Kenny Rogers - The Gambler.mp3","file:///C:/Users/phseamar/OneDrive - Microsoft/Documents/Music/Dave/Dave/Kenny Rogers - The Gambler.mp3","Kenny Rogers","The Gambler","Dave","Unknown","","Unknown","209","3.5","3:29","110","3.2","Upbeat (100-129)","Medium","Medium (3-5 min)","Dave\Dave","240","False","0","","0","",""
"Kiss - Creatures Of The Night (1).mp3","C:\Users\phseamar\OneDrive - Microsoft\Documents\Music\Dave\Dave\Kiss - Creatures Of The Night (1).mp3","Dave\Dave\Kiss - Creatures Of The Night (1).mp3","file:///C:/Users/phseamar/OneDrive - Microsoft/Documents/Music/Dave/Dave/Kiss - Creatures Of The Night (1).mp3","Kiss","Creatures Of The Night (1)","Dave","Unknown","","Unknown","246","4.1","4:06","105","3.76","Upbeat (100-129)","Medium","Medium (3-5 min)","Dave\Dave","241","False","0","","0","",""
"La Compagnie Créole - Mégamix2.mp3","C:\Users\phseamar\OneDrive - Microsoft\Documents\Music\Dave\Dave\La Compagnie Créole - Mégamix2.mp3","Dave\Dave\La Compagnie Créole - Mégamix2.mp3","file:///C:/Users/phseamar/OneDrive - Microsoft/Documents/Music/Dave/Dave/La Compagnie Créole - Mégamix2.mp3","La Compagnie Créole","Mégamix2","Dave","Unknown","","Unknown","273","4.6","4:33","115","4.18","Upbeat (100-129)","Medium","Medium (3-5 min)","Dave\Dave","242","False","0","","0","",""
"Laura Brannigan - Solitaire.mp3","C:\Users\phseamar\OneDrive - Microsoft\Documents\Music\Dave\Dave\Laura Brannigan - Solitaire.mp3","Dave\Dave\Laura Brannigan - Solitaire.mp3","file:///C:/Users/phseamar/OneDrive - Microsoft/Documents/Music/Dave/Dave/Laura Brannigan - Solitaire.mp3","Laura Brannigan","Solitaire","Dave","Unknown","","Unknown","248","4.1","4:08","116","3.79","Upbeat (100-129)","Medium","Medium (3-5 min)","Dave\Dave","243","False","0","","0","",""
"Live At Home In Space, Ibiza (part1).mp3","C:\Users\phseamar\OneDrive - Microsoft\Documents\Music\Dave\Dave\Live At Home In Space, Ibiza (part1).mp3","Dave\Dave\Live At Home In Space, Ibiza (part1).mp3","file:///C:/Users/phseamar/OneDrive - Microsoft/Documents/Music/Dave/Dave/Live At Home In Space, Ibiza (part1).mp3","Dave","Live At Home In Space, Ibiza (part1)","Dave","Unknown","","Unknown","4437","74","73:57","107","67.71","Upbeat (100-129)","Medium","Long (Over 5 min)","Dave\Dave","244","False","0","","0","",""
"Luciano Pavaroti- opera carusso.mp3","C:\Users\phseamar\OneDrive - Microsoft\Documents\Music\Dave\Dave\Luciano Pavaroti- opera carusso.mp3","Dave\Dave\Luciano Pavaroti- opera carusso.mp3","file:///C:/Users/phseamar/OneDrive - Microsoft/Documents/Music/Dave/Dave/Luciano Pavaroti- opera carusso.mp3","Luciano Pavaroti","opera carusso","Dave","Unknown","","Unknown","244","4.1","4:04","117","3.73","Upbeat (100-129)","Medium","Medium (3-5 min)","Dave\Dave","245","False","0","","0","",""
"Luciano Pavarotti - Rossini - Figaro.mp3","C:\Users\phseamar\OneDrive - Microsoft\Documents\Music\Dave\Dave\Luciano Pavarotti - Rossini - Figaro.mp3","Dave\Dave\Luciano Pavarotti - Rossini - Figaro.mp3","file:///C:/Users/phseamar/OneDrive - Microsoft/Documents/Music/Dave/Dave/Luciano Pavarotti - Rossini - Figaro.mp3","Luciano Pavarotti","Rossini - Figaro","Dave","Unknown","","Unknown","282","4.7","4:42","90","4.32","Medium (70-99)","Medium","Medium (3-5 min)","Dave\Dave","246","False","0","","0","",""
"Luciano Pavorotti - Ave Maria.mp3","C:\Users\phseamar\OneDrive - Microsoft\Documents\Music\Dave\Dave\Luciano Pavorotti - Ave Maria.mp3","Dave\Dave\Luciano Pavorotti - Ave Maria.mp3","file:///C:/Users/phseamar/OneDrive - Microsoft/Documents/Music/Dave/Dave/Luciano Pavorotti - Ave Maria.mp3","Luciano Pavorotti","Ave Maria","Dave","Unknown","","Unknown","287","4.8","4:47","109","4.4","Upbeat (100-129)","Medium","Medium (3-5 min)","Dave\Dave","247","False","0","","0","",""
"Madonna - American Pie (Dance Mix).mp3","C:\Users\phseamar\OneDrive - Microsoft\Documents\Music\Dave\Dave\Madonna - American Pie (Dance Mix).mp3","Dave\Dave\Madonna - American Pie (Dance Mix).mp3","file:///C:/Users/phseamar/OneDrive - Microsoft/Documents/Music/Dave/Dave/Madonna - American Pie (Dance Mix).mp3","Madonna","American Pie (Dance Mix)","Dave","Electronic","","Unknown","388","6.5","6:28","136","5.93","Fast (130-159)","High","Long (Over 5 min)","Dave\Dave","248","False","0","","0","",""
"Madonna - American Pie (Techno Remix).mp3","C:\Users\phseamar\OneDrive - Microsoft\Documents\Music\Dave\Dave\Madonna - American Pie (Techno Remix).mp3","Dave\Dave\Madonna - American Pie (Techno Remix).mp3","file:///C:/Users/phseamar/OneDrive - Microsoft/Documents/Music/Dave/Dave/Madonna - American Pie (Techno Remix).mp3","Madonna","American Pie (Techno Remix)","Dave","Electronic","","Unknown","260","4.3","4:20","131","3.98","Fast (130-159)","High","Medium (3-5 min)","Dave\Dave","249","False","0","","0","",""
"Madonna - Live To Tell.mp3","C:\Users\phseamar\OneDrive - Microsoft\Documents\Music\Dave\Dave\Madonna - Live To Tell.mp3","Dave\Dave\Madonna - Live To Tell.mp3","file:///C:/Users/phseamar/OneDrive - Microsoft/Documents/Music/Dave/Dave/Madonna - Live To Tell.mp3","Madonna","Live To Tell","Dave","Unknown","","Unknown","349","5.8","5:49","93","5.33","Medium (70-99)","Medium","Long (Over 5 min)","Dave\Dave","250","False","0","","0","",""
"Madonna- Don't Cry For Me Argentina (Dance Remix).mp3","C:\Users\phseamar\OneDrive - Microsoft\Documents\Music\Dave\Dave\Madonna- Don't Cry For Me Argentina (Dance Remix).mp3","Dave\Dave\Madonna- Don't Cry For Me Argentina (Dance Remix).mp3","file:///C:/Users/phseamar/OneDrive - Microsoft/Documents/Music/Dave/Dave/Madonna- Don't Cry For Me Argentina (Dance Remix).mp3","Madonna","Don't Cry For Me Argentina (Dance Remix)","Dave","Electronic","","Unknown","271","4.5","4:31","121","4.14","Upbeat (100-129)","High","Medium (3-5 min)","Dave\Dave","251","False","0","","0","",""
"Marc Et Claude - Tremble (CJ Stone remix)).mp3","C:\Users\phseamar\OneDrive - Microsoft\Documents\Music\Dave\Dave\Marc Et Claude - Tremble (CJ Stone remix)).mp3","Dave\Dave\Marc Et Claude - Tremble (CJ Stone remix)).mp3","file:///C:/Users/phseamar/OneDrive - Microsoft/Documents/Music/Dave/Dave/Marc Et Claude - Tremble (CJ Stone remix)).mp3","Marc Et Claude","Tremble (CJ Stone remix))","Dave","Unknown","","Unknown","448","7.5","7:28","96","6.84","Medium (70-99)","Medium","Long (Over 5 min)","Dave\Dave","252","False","0","","0","",""
"Marky Mark - Good Vibrations.mp3","C:\Users\phseamar\OneDrive - Microsoft\Documents\Music\Dave\Dave\Marky Mark - Good Vibrations.mp3","Dave\Dave\Marky Mark - Good Vibrations.mp3","file:///C:/Users/phseamar/OneDrive - Microsoft/Documents/Music/Dave/Dave/Marky Mark - Good Vibrations.mp3","Marky Mark","Good Vibrations","Dave","Unknown","","Unknown","272","4.5","4:32","95","3.64","Medium (70-99)","Medium","Medium (3-5 min)","Dave\Dave","253","False","0","","0","",""
"Martika - Toy Soldiers.mp3","C:\Users\phseamar\OneDrive - Microsoft\Documents\Music\Dave\Dave\Martika - Toy Soldiers.mp3","Dave\Dave\Martika - Toy Soldiers.mp3","file:///C:/Users/phseamar/OneDrive - Microsoft/Documents/Music/Dave/Dave/Martika - Toy Soldiers.mp3","Martika","Toy Soldiers","Dave","Unknown","","Unknown","280","4.7","4:40","99","4.28","Medium (70-99)","Medium","Medium (3-5 min)","Dave\Dave","254","False","0","","0","",""
"Masterboy - Megamix.mp3","C:\Users\phseamar\OneDrive - Microsoft\Documents\Music\Dave\Dave\Masterboy - Megamix.mp3","Dave\Dave\Masterboy - Megamix.mp3","file:///C:/Users/phseamar/OneDrive - Microsoft/Documents/Music/Dave/Dave/Masterboy - Megamix.mp3","Masterboy","Megamix","Dave","Unknown","","Unknown","447","7.4","7:27","115","6.84","Upbeat (100-129)","Medium","Long (Over 5 min)","Dave\Dave","255","False","0","","0","",""
"Masterboy - Show Me Colours.mp3","C:\Users\phseamar\OneDrive - Microsoft\Documents\Music\Dave\Dave\Masterboy - Show Me Colours.mp3","Dave\Dave\Masterboy - Show Me Colours.mp3","file:///C:/Users/phseamar/OneDrive - Microsoft/Documents/Music/Dave/Dave/Masterboy - Show Me Colours.mp3","Masterboy","Show Me Colours","Dave","Unknown","","Unknown","268","4.5","4:28","90","4.1","Medium (70-99)","Medium","Medium (3-5 min)","Dave\Dave","256","False","0","","0","",""
"Mozart - Clarinet Concerto (Adagio).mp3","C:\Users\phseamar\OneDrive - Microsoft\Documents\Music\Dave\Dave\Mozart - Clarinet Concerto (Adagio).mp3","Dave\Dave\Mozart - Clarinet Concerto (Adagio).mp3","file:///C:/Users/phseamar/OneDrive - Microsoft/Documents/Music/Dave/Dave/Mozart - Clarinet Concerto (Adagio).mp3","Mozart","Clarinet Concerto (Adagio)","Dave","Unknown","","Unknown","415","6.9","6:55","103","6.34","Upbeat (100-129)","Medium","Long (Over 5 min)","Dave\Dave","257","False","0","","0","",""
"Netzwerk - Memories.mp3","C:\Users\phseamar\OneDrive - Microsoft\Documents\Music\Dave\Dave\Netzwerk - Memories.mp3","Dave\Dave\Netzwerk - Memories.mp3","file:///C:/Users/phseamar/OneDrive - Microsoft/Documents/Music/Dave/Dave/Netzwerk - Memories.mp3","Netzwerk","Memories","Dave","Unknown","","Unknown","391","6.5","6:31","90","5.97","Medium (70-99)","Medium","Long (Over 5 min)","Dave\Dave","259","False","0","","0","",""
"orbital - dr. who theme.mp3","C:\Users\phseamar\OneDrive - Microsoft\Documents\Music\Dave\Dave\orbital - dr. who theme.mp3","Dave\Dave\orbital - dr. who theme.mp3","file:///C:/Users/phseamar/OneDrive - Microsoft/Documents/Music/Dave/Dave/orbital - dr. who theme.mp3","orbital","dr. who theme","Dave","Unknown","","Unknown","338","5.6","5:38","103","5.17","Upbeat (100-129)","Medium","Long (Over 5 min)","Dave\Dave","260","False","0","","0","",""
"Paul Oakenfold - Live Mix from Miami (1).mp3","C:\Users\phseamar\OneDrive - Microsoft\Documents\Music\Dave\Dave\Paul Oakenfold - Live Mix from Miami (1).mp3","Dave\Dave\Paul Oakenfold - Live Mix from Miami (1).mp3","file:///C:/Users/phseamar/OneDrive - Microsoft/Documents/Music/Dave/Dave/Paul Oakenfold - Live Mix from Miami (1).mp3","Paul Oakenfold","Live Mix from Miami (1)","Dave","Unknown","","Unknown","4295","71.6","71:35","109","65.54","Upbeat (100-129)","Medium","Long (Over 5 min)","Dave\Dave","261","False","0","","0","",""
"Paul Oakenfold and sasha - Live in Orlando.mp3","C:\Users\phseamar\OneDrive - Microsoft\Documents\Music\Dave\Dave\Paul Oakenfold and sasha - Live in Orlando.mp3","Dave\Dave\Paul Oakenfold and sasha - Live in Orlando.mp3","file:///C:/Users/phseamar/OneDrive - Microsoft/Documents/Music/Dave/Dave/Paul Oakenfold and sasha - Live in Orlando.mp3","Paul Oakenfold and sasha","Live in Orlando","Dave","Unknown","","Unknown","2818","47","46:58","92","43.01","Medium (70-99)","Medium","Long (Over 5 min)","Dave\Dave","262","False","0","","0","",""
"Paul van Dyk - The Politics of Dancing (Part 2).mp3","C:\Users\phseamar\OneDrive - Microsoft\Documents\Music\Dave\Dave\Paul van Dyk - The Politics of Dancing (Part 2).mp3","Dave\Dave\Paul van Dyk - The Politics of Dancing (Part 2).mp3","file:///C:/Users/phseamar/OneDrive - Microsoft/Documents/Music/Dave/Dave/Paul van Dyk - The Politics of Dancing (Part 2).mp3","Paul van Dyk","The Politics of Dancing (Part 2)","Dave","Unknown","","Unknown","4668","77.8","77:48","99","71.24","Medium (70-99)","Medium","Long (Over 5 min)","Dave\Dave","263","False","0","","0","",""
"Pet Shop Boys - YMCA Disco Mix (Millennium Remix).mp3","C:\Users\phseamar\OneDrive - Microsoft\Documents\Music\Dave\Dave\Pet Shop Boys - YMCA Disco Mix (Millennium Remix).mp3","Dave\Dave\Pet Shop Boys - YMCA Disco Mix (Millennium Remix).mp3","file:///C:/Users/phseamar/OneDrive - Microsoft/Documents/Music/Dave/Dave/Pet Shop Boys - YMCA Disco Mix (Millennium Remix).mp3","Pet Shop Boys","YMCA Disco Mix (Millennium Remix)","Dave","Hip Hop","","Unknown","547","9.1","9:07","90","8.36","Medium (70-99)","Medium","Long (Over 5 min)","Dave\Dave","264","False","0","","0","",""
"Pet Shop Boys-Megamix.mp3","C:\Users\phseamar\OneDrive - Microsoft\Documents\Music\Dave\Dave\Pet Shop Boys-Megamix.mp3","Dave\Dave\Pet Shop Boys-Megamix.mp3","file:///C:/Users/phseamar/OneDrive - Microsoft/Documents/Music/Dave/Dave/Pet Shop Boys-Megamix.mp3","Pet Shop Boys","Megamix","Dave","Hip Hop","","Unknown","412","6.9","6:52","95","6.29","Medium (70-99)","Medium","Long (Over 5 min)","Dave\Dave","265","False","0","","0","",""
"Pete Tong & Dave Seaman - Essential Mix - Live from Lush Northern Ireland - 3.17.2001 part1.mp3","C:\Users\phseamar\OneDrive - Microsoft\Documents\Music\Dave\Dave\Pete Tong & Dave Seaman - Essential Mix - Live from Lush Northern Ireland - 3.17.2001 part1.mp3","Dave\Dave\Pete Tong & Dave Seaman - Essential Mix - Live from Lush Northern Ireland - 3.17.2001 part1.mp3","file:///C:/Users/phseamar/OneDrive - Microsoft/Documents/Music/Dave/Dave/Pete Tong & Dave Seaman - Essential Mix - Live from Lush Northern Ireland - 3.17.2001 part1.mp3","Pete Tong & Dave Seaman","Essential Mix - Live from Lush Northern Ireland - 3.17.2001 part1","Dave","Unknown","2001","2000s","4791","79.8","79:51","99","73.11","Medium (70-99)","Medium","Long (Over 5 min)","Dave\Dave","266","False","0","","0","",""
"Pete Tong, Tall Paul, Paul van Dyk - Essential mix- London (live mix).mp3","C:\Users\phseamar\OneDrive - Microsoft\Documents\Music\Dave\Dave\Pete Tong, Tall Paul, Paul van Dyk - Essential mix- London (live mix).mp3","Dave\Dave\Pete Tong, Tall Paul, Paul van Dyk - Essential mix- London (live mix).mp3","file:///C:/Users/phseamar/OneDrive - Microsoft/Documents/Music/Dave/Dave/Pete Tong, Tall Paul, Paul van Dyk - Essential mix- London (live mix).mp3","Pete Tong, Tall Paul, Paul van Dyk","Essential mix- London (live mix)","Dave","Unknown","","Unknown","4999","83.3","83:19","96","76.3","Medium (70-99)","Medium","Long (Over 5 min)","Dave\Dave","267","False","0","","0","",""
"Peter Gabriel & Kate Bush - Don't Give Up.mp3","C:\Users\phseamar\OneDrive - Microsoft\Documents\Music\Dave\Dave\Peter Gabriel & Kate Bush - Don't Give Up.mp3","Dave\Dave\Peter Gabriel & Kate Bush - Don't Give Up.mp3","file:///C:/Users/phseamar/OneDrive - Microsoft/Documents/Music/Dave/Dave/Peter Gabriel & Kate Bush - Don't Give Up.mp3","Peter Gabriel & Kate Bush","Don't Give Up","Dave","Unknown","","Unknown","355","5.9","5:55","96","5.42","Medium (70-99)","Medium","Long (Over 5 min)","Dave\Dave","268","False","0","","0","",""
"04 New Grooves (Only 4 DJ'S).mp3","C:\Users\phseamar\OneDrive - Microsoft\Documents\Music\DJ Miko\What's Up\04 New Grooves (Only 4 DJ'S).mp3","DJ Miko\What's Up\04 New Grooves (Only 4 DJ'S).mp3","file:///C:/Users/phseamar/OneDrive - Microsoft/Documents/Music/DJ Miko/What's Up/04 New Grooves (Only 4 DJ'S).mp3","DJ Miko","04 New Grooves (Only 4 DJ'S)","What's Up","Unknown","","Unknown","115","1.9","1:55","104","2.73","Upbeat (100-129)","Medium","Short (Under 3 min)","DJ Miko\What's Up","272","False","0","","0","",""
"01 Episode 1 - Hello I'm Rob Brydon.mp3","C:\Users\phseamar\OneDrive - Microsoft\Documents\Music\Flight of the Conchords\Flight Of The Conchords\01 Episode 1 - Hello I'm Rob Brydon.mp3","Flight of the Conchords\Flight Of The Conchords\01 Episode 1 - Hello I'm Rob Brydon.mp3","file:///C:/Users/phseamar/OneDrive - Microsoft/Documents/Music/Flight of the Conchords/Flight Of The Conchords/01 Episode 1 - Hello I'm Rob Brydon.mp3","01 Episode 1","Hello I'm Rob Brydon","Flight Of The Conchords","Unknown","","Unknown","83","1.4","1:23","116","1.56","Upbeat (100-129)","Medium","Short (Under 3 min)","Flight of the Conchords\Flight Of The Conchords","279","False","0","","0","",""
"02 Just Like Phil Collins Before Them.mp3","C:\Users\phseamar\OneDrive - Microsoft\Documents\Music\Flight of the Conchords\Flight Of The Conchords\02 Just Like Phil Collins Before Them.mp3","Flight of the Conchords\Flight Of The Conchords\02 Just Like Phil Collins Before Them.mp3","file:///C:/Users/phseamar/OneDrive - Microsoft/Documents/Music/Flight of the Conchords/Flight Of The Conchords/02 Just Like Phil Collins Before Them.mp3","Flight of the Conchords","02 Just Like Phil Collins Before Them","Flight Of The Conchords","Unknown","","Unknown","257","4.3","4:17","111","5","Upbeat (100-129)","Medium","Medium (3-5 min)","Flight of the Conchords\Flight Of The Conchords","280","False","0","","0","",""
"03 I'm Lookin For Mike.mp3","C:\Users\phseamar\OneDrive - Microsoft\Documents\Music\Flight of the Conchords\Flight Of The Conchords\03 I'm Lookin For Mike.mp3","Flight of the Conchords\Flight Of The Conchords\03 I'm Lookin For Mike.mp3","file:///C:/Users/phseamar/OneDrive - Microsoft/Documents/Music/Flight of the Conchords/Flight Of The Conchords/03 I'm Lookin For Mike.mp3","Flight of the Conchords","03 I'm Lookin For Mike","Flight Of The Conchords","Unknown","","Unknown","125","2.1","2:05","117","2.56","Upbeat (100-129)","Medium","Short (Under 3 min)","Flight of the Conchords\Flight Of The Conchords","281","False","0","","0","",""
"04 I Want To Show You This.mp3","C:\Users\phseamar\OneDrive - Microsoft\Documents\Music\Flight of the Conchords\Flight Of The Conchords\04 I Want To Show You This.mp3","Flight of the Conchords\Flight Of The Conchords\04 I Want To Show You This.mp3","file:///C:/Users/phseamar/OneDrive - Microsoft/Documents/Music/Flight of the Conchords/Flight Of The Conchords/04 I Want To Show You This.mp3","Flight of the Conchords","04 I Want To Show You This","Flight Of The Conchords","Unknown","","Unknown","73","1.2","1:13","97","1.39","Medium (70-99)","Medium","Short (Under 3 min)","Flight of the Conchords\Flight Of The Conchords","282","False","0","","0","",""
"05 Around The Fridge.mp3","C:\Users\phseamar\OneDrive - Microsoft\Documents\Music\Flight of the Conchords\Flight Of The Conchords\05 Around The Fridge.mp3","Flight of the Conchords\Flight Of The Conchords\05 Around The Fridge.mp3","file:///C:/Users/phseamar/OneDrive - Microsoft/Documents/Music/Flight of the Conchords/Flight Of The Conchords/05 Around The Fridge.mp3","Flight of the Conchords","05 Around The Fridge","Flight Of The Conchords","Unknown","","Unknown","93","1.6","1:33","118","1.72","Upbeat (100-129)","Medium","Short (Under 3 min)","Flight of the Conchords\Flight Of The Conchords","283","False","0","","0","",""
"06 Ok....Band Meeting.mp3","C:\Users\phseamar\OneDrive - Microsoft\Documents\Music\Flight of the Conchords\Flight Of The Conchords\06 Ok....Band Meeting.mp3","Flight of the Conchords\Flight Of The Conchords\06 Ok....Band Meeting.mp3","file:///C:/Users/phseamar/OneDrive - Microsoft/Documents/Music/Flight of the Conchords/Flight Of The Conchords/06 Ok....Band Meeting.mp3","Flight of the Conchords","06 Ok....Band Meeting","Flight Of The Conchords","Unknown","","Unknown","139","2.3","2:19","113","2.61","Upbeat (100-129)","Medium","Short (Under 3 min)","Flight of the Conchords\Flight Of The Conchords","284","False","0","","0","",""
"07 Frodo, Don't Wear The Ring.mp3","C:\Users\phseamar\OneDrive - Microsoft\Documents\Music\Flight of the Conchords\Flight Of The Conchords\07 Frodo, Don't Wear The Ring.mp3","Flight of the Conchords\Flight Of The Conchords\07 Frodo, Don't Wear The Ring.mp3","file:///C:/Users/phseamar/OneDrive - Microsoft/Documents/Music/Flight of the Conchords/Flight Of The Conchords/07 Frodo, Don't Wear The Ring.mp3","Flight of the Conchords","07 Frodo, Don't Wear The Ring","Flight Of The Conchords","Unknown","","Unknown","219","3.6","3:39","105","4.57","Upbeat (100-129)","Medium","Medium (3-5 min)","Flight of the Conchords\Flight Of The Conchords","285","False","0","","0","",""
"08 Soundtrack Inccedent.mp3","C:\Users\phseamar\OneDrive - Microsoft\Documents\Music\Flight of the Conchords\Flight Of The Conchords\08 Soundtrack Inccedent.mp3","Flight of the Conchords\Flight Of The Conchords\08 Soundtrack Inccedent.mp3","file:///C:/Users/phseamar/OneDrive - Microsoft/Documents/Music/Flight of the Conchords/Flight Of The Conchords/08 Soundtrack Inccedent.mp3","Flight of the Conchords","08 Soundtrack Inccedent","Flight Of The Conchords","Unknown","","Unknown","271","4.5","4:31","114","5.42","Upbeat (100-129)","Medium","Medium (3-5 min)","Flight of the Conchords\Flight Of The Conchords","286","False","0","","0","",""
"09 Hospital, Casualty Department.mp3","C:\Users\phseamar\OneDrive - Microsoft\Documents\Music\Flight of the Conchords\Flight Of The Conchords\09 Hospital, Casualty Department.mp3","Flight of the Conchords\Flight Of The Conchords\09 Hospital, Casualty Department.mp3","file:///C:/Users/phseamar/OneDrive - Microsoft/Documents/Music/Flight of the Conchords/Flight Of The Conchords/09 Hospital, Casualty Department.mp3","Flight of the Conchords","09 Hospital, Casualty Department","Flight Of The Conchords","Alternative","","Unknown","243","4","4:03","112","4.73","Upbeat (100-129)","Medium","Medium (3-5 min)","Flight of the Conchords\Flight Of The Conchords","287","False","0","","0","",""
"10 The Pig And Whistle.mp3","C:\Users\phseamar\OneDrive - Microsoft\Documents\Music\Flight of the Conchords\Flight Of The Conchords\10 The Pig And Whistle.mp3","Flight of the Conchords\Flight Of The Conchords\10 The Pig And Whistle.mp3","file:///C:/Users/phseamar/OneDrive - Microsoft/Documents/Music/Flight of the Conchords/Flight Of The Conchords/10 The Pig And Whistle.mp3","Flight of the Conchords","10 The Pig And Whistle","Flight Of The Conchords","Unknown","","Unknown","278","4.6","4:38","105","5.03","Upbeat (100-129)","Medium","Medium (3-5 min)","Flight of the Conchords\Flight Of The Conchords","288","False","0","","0","",""
"11 Episode 2 - Hello I'm Rob Brydon.mp3","C:\Users\phseamar\OneDrive - Microsoft\Documents\Music\Flight of the Conchords\Flight Of The Conchords\11 Episode 2 - Hello I'm Rob Brydon.mp3","Flight of the Conchords\Flight Of The Conchords\11 Episode 2 - Hello I'm Rob Brydon.mp3","file:///C:/Users/phseamar/OneDrive - Microsoft/Documents/Music/Flight of the Conchords/Flight Of The Conchords/11 Episode 2 - Hello I'm Rob Brydon.mp3","11 Episode 2","Hello I'm Rob Brydon","Flight Of The Conchords","Unknown","","Unknown","175","2.9","2:55","90","2.95","Medium (70-99)","Medium","Short (Under 3 min)","Flight of the Conchords\Flight Of The Conchords","289","False","0","","0","",""
"12 Support Act (David Bowie Tribute).mp3","C:\Users\phseamar\OneDrive - Microsoft\Documents\Music\Flight of the Conchords\Flight Of The Conchords\12 Support Act (David Bowie Tribute).mp3","Flight of the Conchords\Flight Of The Conchords\12 Support Act (David Bowie Tribute).mp3","file:///C:/Users/phseamar/OneDrive - Microsoft/Documents/Music/Flight of the Conchords/Flight Of The Conchords/12 Support Act (David Bowie Tribute).mp3","Flight of the Conchords","12 Support Act (David Bowie Tribute)","Flight Of The Conchords","Unknown","","Unknown","224","3.7","3:44","91","4.73","Medium (70-99)","Medium","Medium (3-5 min)","Flight of the Conchords\Flight Of The Conchords","290","False","0","","0","",""
"13 Ah-Ha (Hiphopapotamus).mp3","C:\Users\phseamar\OneDrive - Microsoft\Documents\Music\Flight of the Conchords\Flight Of The Conchords\13 Ah-Ha (Hiphopapotamus).mp3","Flight of the Conchords\Flight Of The Conchords\13 Ah-Ha (Hiphopapotamus).mp3","file:///C:/Users/phseamar/OneDrive - Microsoft/Documents/Music/Flight of the Conchords/Flight Of The Conchords/13 Ah-Ha (Hiphopapotamus).mp3","13 Ah","Ha (Hiphopapotamus)","Flight Of The Conchords","Hip Hop","","Unknown","238","4","3:58","99","4.56","Medium (70-99)","Medium","Medium (3-5 min)","Flight of the Conchords\Flight Of The Conchords","291","False","0","","0","",""
"14 Return Of The Hiphopapotamus.mp3","C:\Users\phseamar\OneDrive - Microsoft\Documents\Music\Flight of the Conchords\Flight Of The Conchords\14 Return Of The Hiphopapotamus.mp3","Flight of the Conchords\Flight Of The Conchords\14 Return Of The Hiphopapotamus.mp3","file:///C:/Users/phseamar/OneDrive - Microsoft/Documents/Music/Flight of the Conchords/Flight Of The Conchords/14 Return Of The Hiphopapotamus.mp3","Flight of the Conchords","14 Return Of The Hiphopapotamus","Flight Of The Conchords","Hip Hop","","Unknown","118","2","1:58","92","2.41","Medium (70-99)","Medium","Short (Under 3 min)","Flight of the Conchords\Flight Of The Conchords","292","False","0","","0","",""
"15 Seperate The Personal.mp3","C:\Users\phseamar\OneDrive - Microsoft\Documents\Music\Flight of the Conchords\Flight Of The Conchords\15 Seperate The Personal.mp3","Flight of the Conchords\Flight Of The Conchords\15 Seperate The Personal.mp3","file:///C:/Users/phseamar/OneDrive - Microsoft/Documents/Music/Flight of the Conchords/Flight Of The Conchords/15 Seperate The Personal.mp3","Flight of the Conchords","15 Seperate The Personal","Flight Of The Conchords","Unknown","","Unknown","159","2.6","2:39","119","2.96","Upbeat (100-129)","Medium","Short (Under 3 min)","Flight of the Conchords\Flight Of The Conchords","293","False","0","","0","",""
"16 Bret's Genius Plan.mp3","C:\Users\phseamar\OneDrive - Microsoft\Documents\Music\Flight of the Conchords\Flight Of The Conchords\16 Bret's Genius Plan.mp3","Flight of the Conchords\Flight Of The Conchords\16 Bret's Genius Plan.mp3","file:///C:/Users/phseamar/OneDrive - Microsoft/Documents/Music/Flight of the Conchords/Flight Of The Conchords/16 Bret's Genius Plan.mp3","Flight of the Conchords","16 Bret's Genius Plan","Flight Of The Conchords","Unknown","","Unknown","77","1.3","1:17","117","1.61","Upbeat (100-129)","Medium","Short (Under 3 min)","Flight of the Conchords\Flight Of The Conchords","294","False","0","","0","",""
"17 Hello ...Brian Nesbit-.mp3","C:\Users\phseamar\OneDrive - Microsoft\Documents\Music\Flight of the Conchords\Flight Of The Conchords\17 Hello ...Brian Nesbit-.mp3","Flight of the Conchords\Flight Of The Conchords\17 Hello ...Brian Nesbit-.mp3","file:///C:/Users/phseamar/OneDrive - Microsoft/Documents/Music/Flight of the Conchords/Flight Of The Conchords/17 Hello ...Brian Nesbit-.mp3","Flight of the Conchords","17 Hello ...Brian Nesbit-","Flight Of The Conchords","Unknown","","Unknown","133","2.2","2:13","107","2.18","Upbeat (100-129)","Medium","Short (Under 3 min)","Flight of the Conchords\Flight Of The Conchords","295","False","0","","0","",""
"18 Not In The Kind Of Gay Way Song.mp3","C:\Users\phseamar\OneDrive - Microsoft\Documents\Music\Flight of the Conchords\Flight Of The Conchords\18 Not In The Kind Of Gay Way Song.mp3","Flight of the Conchords\Flight Of The Conchords\18 Not In The Kind Of Gay Way Song.mp3","file:///C:/Users/phseamar/OneDrive - Microsoft/Documents/Music/Flight of the Conchords/Flight Of The Conchords/18 Not In The Kind Of Gay Way Song.mp3","Flight of the Conchords","18 Not In The Kind Of Gay Way Song","Flight Of The Conchords","Unknown","","Unknown","140","2.3","2:20","116","2.77","Upbeat (100-129)","Medium","Short (Under 3 min)","Flight of the Conchords\Flight Of The Conchords","296","False","0","","0","",""
"19 Frayed Road Nerves.mp3","C:\Users\phseamar\OneDrive - Microsoft\Documents\Music\Flight of the Conchords\Flight Of The Conchords\19 Frayed Road Nerves.mp3","Flight of the Conchords\Flight Of The Conchords\19 Frayed Road Nerves.mp3","file:///C:/Users/phseamar/OneDrive - Microsoft/Documents/Music/Flight of the Conchords/Flight Of The Conchords/19 Frayed Road Nerves.mp3","Flight of the Conchords","19 Frayed Road Nerves","Flight Of The Conchords","Unknown","","Unknown","315","5.2","5:15","97","6.52","Medium (70-99)","Medium","Long (Over 5 min)","Flight of the Conchords\Flight Of The Conchords","297","False","0","","0","",""
"20 It's A Table cloth Contract.mp3","C:\Users\phseamar\OneDrive - Microsoft\Documents\Music\Flight of the Conchords\Flight Of The Conchords\20 It's A Table cloth Contract.mp3","Flight of the Conchords\Flight Of The Conchords\20 It's A Table cloth Contract.mp3","file:///C:/Users/phseamar/OneDrive - Microsoft/Documents/Music/Flight of the Conchords/Flight Of The Conchords/20 It's A Table cloth Contract.mp3","Flight of the Conchords","20 It's A Table cloth Contract","Flight Of The Conchords","Unknown","","Unknown","203","3.4","3:23","107","3.94","Upbeat (100-129)","Medium","Medium (3-5 min)","Flight of the Conchords\Flight Of The Conchords","298","False","0","","0","",""
"01 Petrov, Yelyena, and Me.mp3","C:\Users\phseamar\OneDrive - Microsoft\Documents\Music\Flight of the Conchords\Folk The World Tour - Live Album\01 Petrov, Yelyena, and Me.mp3","Flight of the Conchords\Folk The World Tour - Live Album\01 Petrov, Yelyena, and Me.mp3","file:///C:/Users/phseamar/OneDrive - Microsoft/Documents/Music/Flight of the Conchords/Folk The World Tour - Live Album/01 Petrov, Yelyena, and Me.mp3","Flight of the Conchords","01 Petrov, Yelyena, and Me","Folk The World Tour - Live Album","Country","","Unknown","367","6.1","6:07","106","6.32","Upbeat (100-129)","Medium","Long (Over 5 min)","Flight of the Conchords\Folk The World Tour - Live Album","299","False","0","","0","",""
"02 K.I.S.S.I.N.G Part A.mp3","C:\Users\phseamar\OneDrive - Microsoft\Documents\Music\Flight of the Conchords\Folk The World Tour - Live Album\02 K.I.S.S.I.N.G Part A.mp3","Flight of the Conchords\Folk The World Tour - Live Album\02 K.I.S.S.I.N.G Part A.mp3","file:///C:/Users/phseamar/OneDrive - Microsoft/Documents/Music/Flight of the Conchords/Folk The World Tour - Live Album/02 K.I.S.S.I.N.G Part A.mp3","Flight of the Conchords","02 K.I.S.S.I.N.G Part A","Folk The World Tour - Live Album","Country","","Unknown","106","1.8","1:46","95","1.93","Medium (70-99)","Medium","Short (Under 3 min)","Flight of the Conchords\Folk The World Tour - Live Album","300","False","0","","0","",""
"03 K.I.S.S.I.N.G Part B.mp3","C:\Users\phseamar\OneDrive - Microsoft\Documents\Music\Flight of the Conchords\Folk The World Tour - Live Album\03 K.I.S.S.I.N.G Part B.mp3","Flight of the Conchords\Folk The World Tour - Live Album\03 K.I.S.S.I.N.G Part B.mp3","file:///C:/Users/phseamar/OneDrive - Microsoft/Documents/Music/Flight of the Conchords/Folk The World Tour - Live Album/03 K.I.S.S.I.N.G Part B.mp3","Flight of the Conchords","03 K.I.S.S.I.N.G Part B","Folk The World Tour - Live Album","Country","","Unknown","72","1.2","1:12","110","1.22","Upbeat (100-129)","Medium","Short (Under 3 min)","Flight of the Conchords\Folk The World Tour - Live Album","301","False","0","","0","",""
"04 Pencils in the Wind.mp3","C:\Users\phseamar\OneDrive - Microsoft\Documents\Music\Flight of the Conchords\Folk The World Tour - Live Album\04 Pencils in the Wind.mp3","Flight of the Conchords\Folk The World Tour - Live Album\04 Pencils in the Wind.mp3","file:///C:/Users/phseamar/OneDrive - Microsoft/Documents/Music/Flight of the Conchords/Folk The World Tour - Live Album/04 Pencils in the Wind.mp3","Flight of the Conchords","04 Pencils in the Wind","Folk The World Tour - Live Album","Country","","Unknown","244","4.1","4:04","98","3.77","Medium (70-99)","Medium","Medium (3-5 min)","Flight of the Conchords\Folk The World Tour - Live Album","302","False","0","","0","",""
"05 Bus Driver's Song.mp3","C:\Users\phseamar\OneDrive - Microsoft\Documents\Music\Flight of the Conchords\Folk The World Tour - Live Album\05 Bus Driver's Song.mp3","Flight of the Conchords\Folk The World Tour - Live Album\05 Bus Driver's Song.mp3","file:///C:/Users/phseamar/OneDrive - Microsoft/Documents/Music/Flight of the Conchords/Folk The World Tour - Live Album/05 Bus Driver's Song.mp3","Flight of the Conchords","05 Bus Driver's Song","Folk The World Tour - Live Album","Country","","Unknown","291","4.8","4:51","116","5.34","Upbeat (100-129)","Medium","Medium (3-5 min)","Flight of the Conchords\Folk The World Tour - Live Album","303","False","0","","0","",""
"06 Angels.mp3","C:\Users\phseamar\OneDrive - Microsoft\Documents\Music\Flight of the Conchords\Folk The World Tour - Live Album\06 Angels.mp3","Flight of the Conchords\Folk The World Tour - Live Album\06 Angels.mp3","file:///C:/Users/phseamar/OneDrive - Microsoft/Documents/Music/Flight of the Conchords/Folk The World Tour - Live Album/06 Angels.mp3","Flight of the Conchords","06 Angels","Folk The World Tour - Live Album","Country","","Unknown","177","3","2:57","93","2.79","Medium (70-99)","Medium","Short (Under 3 min)","Flight of the Conchords\Folk The World Tour - Live Album","304","False","0","","0","",""
"07 Bowie.mp3","C:\Users\phseamar\OneDrive - Microsoft\Documents\Music\Flight of the Conchords\Folk The World Tour - Live Album\07 Bowie.mp3","Flight of the Conchords\Folk The World Tour - Live Album\07 Bowie.mp3","file:///C:/Users/phseamar/OneDrive - Microsoft/Documents/Music/Flight of the Conchords/Folk The World Tour - Live Album/07 Bowie.mp3","Flight of the Conchords","07 Bowie","Folk The World Tour - Live Album","Country","","Unknown","242","4","4:02","114","3.88","Upbeat (100-129)","Medium","Medium (3-5 min)","Flight of the Conchords\Folk The World Tour - Live Album","305","False","0","","0","",""
"08 Albi.mp3","C:\Users\phseamar\OneDrive - Microsoft\Documents\Music\Flight of the Conchords\Folk The World Tour - Live Album\08 Albi.mp3","Flight of the Conchords\Folk The World Tour - Live Album\08 Albi.mp3","file:///C:/Users/phseamar/OneDrive - Microsoft/Documents/Music/Flight of the Conchords/Folk The World Tour - Live Album/08 Albi.mp3","Flight of the Conchords","08 Albi","Folk The World Tour - Live Album","Country","","Unknown","126","2.1","2:06","100","2.45","Upbeat (100-129)","Medium","Short (Under 3 min)","Flight of the Conchords\Folk The World Tour - Live Album","306","False","0","","0","",""
"09 Mermaid Part A.mp3","C:\Users\phseamar\OneDrive - Microsoft\Documents\Music\Flight of the Conchords\Folk The World Tour - Live Album\09 Mermaid Part A.mp3","Flight of the Conchords\Folk The World Tour - Live Album\09 Mermaid Part A.mp3","file:///C:/Users/phseamar/OneDrive - Microsoft/Documents/Music/Flight of the Conchords/Folk The World Tour - Live Album/09 Mermaid Part A.mp3","Flight of the Conchords","09 Mermaid Part A","Folk The World Tour - Live Album","Country","","Unknown","203","3.4","3:23","90","3.52","Medium (70-99)","Medium","Medium (3-5 min)","Flight of the Conchords\Folk The World Tour - Live Album","307","False","0","","0","",""
"10 Mermaid Part B.mp3","C:\Users\phseamar\OneDrive - Microsoft\Documents\Music\Flight of the Conchords\Folk The World Tour - Live Album\10 Mermaid Part B.mp3","Flight of the Conchords\Folk The World Tour - Live Album\10 Mermaid Part B.mp3","file:///C:/Users/phseamar/OneDrive - Microsoft/Documents/Music/Flight of the Conchords/Folk The World Tour - Live Album/10 Mermaid Part B.mp3","Flight of the Conchords","10 Mermaid Part B","Folk The World Tour - Live Album","Country","","Unknown","251","4.2","4:11","113","4.11","Upbeat (100-129)","Medium","Medium (3-5 min)","Flight of the Conchords\Folk The World Tour - Live Album","308","False","0","","0","",""
"11 Nothin' Wrong.mp3","C:\Users\phseamar\OneDrive - Microsoft\Documents\Music\Flight of the Conchords\Folk The World Tour - Live Album\11 Nothin' Wrong.mp3","Flight of the Conchords\Folk The World Tour - Live Album\11 Nothin' Wrong.mp3","file:///C:/Users/phseamar/OneDrive - Microsoft/Documents/Music/Flight of the Conchords/Folk The World Tour - Live Album/11 Nothin' Wrong.mp3","Flight of the Conchords","11 Nothin' Wrong","Folk The World Tour - Live Album","Country","","Unknown","171","2.8","2:51","113","2.69","Upbeat (100-129)","Medium","Short (Under 3 min)","Flight of the Conchords\Folk The World Tour - Live Album","309","False","0","","0","",""
"12 Something Special For The Ladies.mp3","C:\Users\phseamar\OneDrive - Microsoft\Documents\Music\Flight of the Conchords\Folk The World Tour - Live Album\12 Something Special For The Ladies.mp3","Flight of the Conchords\Folk The World Tour - Live Album\12 Something Special For The Ladies.mp3","file:///C:/Users/phseamar/OneDrive - Microsoft/Documents/Music/Flight of the Conchords/Folk The World Tour - Live Album/12 Something Special For The Ladies.mp3","Flight of the Conchords","12 Something Special For The Ladies","Folk The World Tour - Live Album","Country","","Unknown","218","3.6","3:38","113","4.42","Upbeat (100-129)","Medium","Medium (3-5 min)","Flight of the Conchords\Folk The World Tour - Live Album","310","False","0","","0","",""
"13 Hotties.mp3","C:\Users\phseamar\OneDrive - Microsoft\Documents\Music\Flight of the Conchords\Folk The World Tour - Live Album\13 Hotties.mp3","Flight of the Conchords\Folk The World Tour - Live Album\13 Hotties.mp3","file:///C:/Users/phseamar/OneDrive - Microsoft/Documents/Music/Flight of the Conchords/Folk The World Tour - Live Album/13 Hotties.mp3","Flight of the Conchords","13 Hotties","Folk The World Tour - Live Album","Country","","Unknown","192","3.2","3:12","111","3.76","Upbeat (100-129)","Medium","Medium (3-5 min)","Flight of the Conchords\Folk The World Tour - Live Album","311","False","0","","0","",""
"14 Frodo 2000 LOTR Rejected Demo Version.mp3","C:\Users\phseamar\OneDrive - Microsoft\Documents\Music\Flight of the Conchords\Folk The World Tour - Live Album\14 Frodo 2000 LOTR Rejected Demo Version.mp3","Flight of the Conchords\Folk The World Tour - Live Album\14 Frodo 2000 LOTR Rejected Demo Version.mp3","file:///C:/Users/phseamar/OneDrive - Microsoft/Documents/Music/Flight of the Conchords/Folk The World Tour - Live Album/14 Frodo 2000 LOTR Rejected Demo Version.mp3","Flight of the Conchords","14 Frodo 2000 LOTR Rejected Demo Version","Folk The World Tour - Live Album","Country","2000","2000s","213","3.6","3:33","101","3.97","Upbeat (100-129)","Medium","Medium (3-5 min)","Flight of the Conchords\Folk The World Tour - Live Album","312","False","0","","0","",""
"01 Episode 5- 29 September 2005.mp3","C:\Users\phseamar\OneDrive - Microsoft\Documents\Music\Flight of the Conchords\The Complete BBC Radio Series Disc 3\01 Episode 5- 29 September 2005.mp3","Flight of the Conchords\The Complete BBC Radio Series Disc 3\01 Episode 5- 29 September 2005.mp3","file:///C:/Users/phseamar/OneDrive - Microsoft/Documents/Music/Flight of the Conchords/The Complete BBC Radio Series Disc 3/01 Episode 5- 29 September 2005.mp3","01 Episode 5","29 September 2005","The Complete BBC Radio Series Disc 3","Unknown","2005","2000s","176","2.9","2:56","109","3.22","Upbeat (100-129)","Medium","Short (Under 3 min)","Flight of the Conchords\The Complete BBC Radio Series Disc 3","313","False","0","","0","",""
"02 Episode 5- 29 September 2005.mp3","C:\Users\phseamar\OneDrive - Microsoft\Documents\Music\Flight of the Conchords\The Complete BBC Radio Series Disc 3\02 Episode 5- 29 September 2005.mp3","Flight of the Conchords\The Complete BBC Radio Series Disc 3\02 Episode 5- 29 September 2005.mp3","file:///C:/Users/phseamar/OneDrive - Microsoft/Documents/Music/Flight of the Conchords/The Complete BBC Radio Series Disc 3/02 Episode 5- 29 September 2005.mp3","02 Episode 5","29 September 2005","The Complete BBC Radio Series Disc 3","Unknown","2005","2000s","233","3.9","3:53","100","4.65","Upbeat (100-129)","Medium","Medium (3-5 min)","Flight of the Conchords\The Complete BBC Radio Series Disc 3","314","False","0","","0","",""
"03 Waterloo Bridge.mp3","C:\Users\phseamar\OneDrive - Microsoft\Documents\Music\Flight of the Conchords\The Complete BBC Radio Series Disc 3\03 Waterloo Bridge.mp3","Flight of the Conchords\The Complete BBC Radio Series Disc 3\03 Waterloo Bridge.mp3","file:///C:/Users/phseamar/OneDrive - Microsoft/Documents/Music/Flight of the Conchords/The Complete BBC Radio Series Disc 3/03 Waterloo Bridge.mp3","Flight of the Conchords","03 Waterloo Bridge","The Complete BBC Radio Series Disc 3","Unknown","","Unknown","229","3.8","3:49","103","4.62","Upbeat (100-129)","Medium","Medium (3-5 min)","Flight of the Conchords\The Complete BBC Radio Series Disc 3","315","False","0","","0","",""
"04 The Duo Work Long And Hard.mp3","C:\Users\phseamar\OneDrive - Microsoft\Documents\Music\Flight of the Conchords\The Complete BBC Radio Series Disc 3\04 The Duo Work Long And Hard.mp3","Flight of the Conchords\The Complete BBC Radio Series Disc 3\04 The Duo Work Long And Hard.mp3","file:///C:/Users/phseamar/OneDrive - Microsoft/Documents/Music/Flight of the Conchords/The Complete BBC Radio Series Disc 3/04 The Duo Work Long And Hard.mp3","Flight of the Conchords","04 The Duo Work Long And Hard","The Complete BBC Radio Series Disc 3","Unknown","","Unknown","207","3.4","3:27","93","4.36","Medium (70-99)","Medium","Medium (3-5 min)","Flight of the Conchords\The Complete BBC Radio Series Disc 3","316","False","0","","0","",""
"05 Time By Ourselves.mp3","C:\Users\phseamar\OneDrive - Microsoft\Documents\Music\Flight of the Conchords\The Complete BBC Radio Series Disc 3\05 Time By Ourselves.mp3","Flight of the Conchords\The Complete BBC Radio Series Disc 3\05 Time By Ourselves.mp3","file:///C:/Users/phseamar/OneDrive - Microsoft/Documents/Music/Flight of the Conchords/The Complete BBC Radio Series Disc 3/05 Time By Ourselves.mp3","Flight of the Conchords","05 Time By Ourselves","The Complete BBC Radio Series Disc 3","Unknown","","Unknown","288","4.8","4:48","104","6.38","Upbeat (100-129)","Medium","Medium (3-5 min)","Flight of the Conchords\The Complete BBC Radio Series Disc 3","317","False","0","","0","",""
"06 Episode 5- 29 September 2005.mp3","C:\Users\phseamar\OneDrive - Microsoft\Documents\Music\Flight of the Conchords\The Complete BBC Radio Series Disc 3\06 Episode 5- 29 September 2005.mp3","Flight of the Conchords\The Complete BBC Radio Series Disc 3\06 Episode 5- 29 September 2005.mp3","file:///C:/Users/phseamar/OneDrive - Microsoft/Documents/Music/Flight of the Conchords/The Complete BBC Radio Series Disc 3/06 Episode 5- 29 September 2005.mp3","06 Episode 5","29 September 2005","The Complete BBC Radio Series Disc 3","Unknown","2005","2000s","134","2.2","2:14","112","2.78","Upbeat (100-129)","Medium","Short (Under 3 min)","Flight of the Conchords\The Complete BBC Radio Series Disc 3","318","False","0","","0","",""
"07 Episode 5- 29 September 2005.mp3","C:\Users\phseamar\OneDrive - Microsoft\Documents\Music\Flight of the Conchords\The Complete BBC Radio Series Disc 3\07 Episode 5- 29 September 2005.mp3","Flight of the Conchords\The Complete BBC Radio Series Disc 3\07 Episode 5- 29 September 2005.mp3","file:///C:/Users/phseamar/OneDrive - Microsoft/Documents/Music/Flight of the Conchords/The Complete BBC Radio Series Disc 3/07 Episode 5- 29 September 2005.mp3","07 Episode 5","29 September 2005","The Complete BBC Radio Series Disc 3","Unknown","2005","2000s","107","1.8","1:47","92","1.97","Medium (70-99)","Medium","Short (Under 3 min)","Flight of the Conchords\The Complete BBC Radio Series Disc 3","319","False","0","","0","",""
"08 Sue Is Trying To Slit The Band.mp3","C:\Users\phseamar\OneDrive - Microsoft\Documents\Music\Flight of the Conchords\The Complete BBC Radio Series Disc 3\08 Sue Is Trying To Slit The Band.mp3","Flight of the Conchords\The Complete BBC Radio Series Disc 3\08 Sue Is Trying To Slit The Band.mp3","file:///C:/Users/phseamar/OneDrive - Microsoft/Documents/Music/Flight of the Conchords/The Complete BBC Radio Series Disc 3/08 Sue Is Trying To Slit The Band.mp3","Flight of the Conchords","08 Sue Is Trying To Slit The Band","The Complete BBC Radio Series Disc 3","Unknown","","Unknown","86","1.4","1:26","90","1.71","Medium (70-99)","Medium","Short (Under 3 min)","Flight of the Conchords\The Complete BBC Radio Series Disc 3","320","False","0","","0","",""
"09 The Band's Broken Up.mp3","C:\Users\phseamar\OneDrive - Microsoft\Documents\Music\Flight of the Conchords\The Complete BBC Radio Series Disc 3\09 The Band's Broken Up.mp3","Flight of the Conchords\The Complete BBC Radio Series Disc 3\09 The Band's Broken Up.mp3","file:///C:/Users/phseamar/OneDrive - Microsoft/Documents/Music/Flight of the Conchords/The Complete BBC Radio Series Disc 3/09 The Band's Broken Up.mp3","Flight of the Conchords","09 The Band's Broken Up","The Complete BBC Radio Series Disc 3","Unknown","","Unknown","55","0.9","0:55","94","1.22","Medium (70-99)","Medium","Short (Under 3 min)","Flight of the Conchords\The Complete BBC Radio Series Disc 3","321","False","0","","0","",""
"10 The Distance Future Song.mp3","C:\Users\phseamar\OneDrive - Microsoft\Documents\Music\Flight of the Conchords\The Complete BBC Radio Series Disc 3\10 The Distance Future Song.mp3","Flight of the Conchords\The Complete BBC Radio Series Disc 3\10 The Distance Future Song.mp3","file:///C:/Users/phseamar/OneDrive - Microsoft/Documents/Music/Flight of the Conchords/The Complete BBC Radio Series Disc 3/10 The Distance Future Song.mp3","Flight of the Conchords","10 The Distance Future Song","The Complete BBC Radio Series Disc 3","Unknown","","Unknown","269","4.5","4:29","108","5.72","Upbeat (100-129)","Medium","Medium (3-5 min)","Flight of the Conchords\The Complete BBC Radio Series Disc 3","322","False","0","","0","",""
"11 Episode 6- 6 October 2005.mp3","C:\Users\phseamar\OneDrive - Microsoft\Documents\Music\Flight of the Conchords\The Complete BBC Radio Series Disc 3\11 Episode 6- 6 October 2005.mp3","Flight of the Conchords\The Complete BBC Radio Series Disc 3\11 Episode 6- 6 October 2005.mp3","file:///C:/Users/phseamar/OneDrive - Microsoft/Documents/Music/Flight of the Conchords/The Complete BBC Radio Series Disc 3/11 Episode 6- 6 October 2005.mp3","11 Episode 6","6 October 2005","The Complete BBC Radio Series Disc 3","Unknown","2005","2000s","180","3","3:00","96","3.39","Medium (70-99)","Medium","Medium (3-5 min)","Flight of the Conchords\The Complete BBC Radio Series Disc 3","323","False","0","","0","",""
"12 Episode 6- 6 October 2005.mp3","C:\Users\phseamar\OneDrive - Microsoft\Documents\Music\Flight of the Conchords\The Complete BBC Radio Series Disc 3\12 Episode 6- 6 October 2005.mp3","Flight of the Conchords\The Complete BBC Radio Series Disc 3\12 Episode 6- 6 October 2005.mp3","file:///C:/Users/phseamar/OneDrive - Microsoft/Documents/Music/Flight of the Conchords/The Complete BBC Radio Series Disc 3/12 Episode 6- 6 October 2005.mp3","12 Episode 6","6 October 2005","The Complete BBC Radio Series Disc 3","Unknown","2005","2000s","121","2","2:01","99","2.15","Medium (70-99)","Medium","Short (Under 3 min)","Flight of the Conchords\The Complete BBC Radio Series Disc 3","324","False","0","","0","",""
"13 Episode 6- 6 October 2005.mp3","C:\Users\phseamar\OneDrive - Microsoft\Documents\Music\Flight of the Conchords\The Complete BBC Radio Series Disc 3\13 Episode 6- 6 October 2005.mp3","Flight of the Conchords\The Complete BBC Radio Series Disc 3\13 Episode 6- 6 October 2005.mp3","file:///C:/Users/phseamar/OneDrive - Microsoft/Documents/Music/Flight of the Conchords/The Complete BBC Radio Series Disc 3/13 Episode 6- 6 October 2005.mp3","13 Episode 6","6 October 2005","The Complete BBC Radio Series Disc 3","Unknown","2005","2000s","145","2.4","2:25","110","2.75","Upbeat (100-129)","Medium","Short (Under 3 min)","Flight of the Conchords\The Complete BBC Radio Series Disc 3","325","False","0","","0","",""
"14 Jermaines Going To Do It.mp3","C:\Users\phseamar\OneDrive - Microsoft\Documents\Music\Flight of the Conchords\The Complete BBC Radio Series Disc 3\14 Jermaines Going To Do It.mp3","Flight of the Conchords\The Complete BBC Radio Series Disc 3\14 Jermaines Going To Do It.mp3","file:///C:/Users/phseamar/OneDrive - Microsoft/Documents/Music/Flight of the Conchords/The Complete BBC Radio Series Disc 3/14 Jermaines Going To Do It.mp3","Flight of the Conchords","14 Jermaines Going To Do It","The Complete BBC Radio Series Disc 3","Unknown","","Unknown","276","4.6","4:36","92","5.67","Medium (70-99)","Medium","Medium (3-5 min)","Flight of the Conchords\The Complete BBC Radio Series Disc 3","326","False","0","","0","",""
"15 The Royal Albert Hall.mp3","C:\Users\phseamar\OneDrive - Microsoft\Documents\Music\Flight of the Conchords\The Complete BBC Radio Series Disc 3\15 The Royal Albert Hall.mp3","Flight of the Conchords\The Complete BBC Radio Series Disc 3\15 The Royal Albert Hall.mp3","file:///C:/Users/phseamar/OneDrive - Microsoft/Documents/Music/Flight of the Conchords/The Complete BBC Radio Series Disc 3/15 The Royal Albert Hall.mp3","Flight of the Conchords","15 The Royal Albert Hall","The Complete BBC Radio Series Disc 3","Unknown","","Unknown","197","3.3","3:17","112","3.17","Upbeat (100-129)","Medium","Medium (3-5 min)","Flight of the Conchords\The Complete BBC Radio Series Disc 3","327","False","0","","0","",""
"16 The Folk Parody Duo.mp3","C:\Users\phseamar\OneDrive - Microsoft\Documents\Music\Flight of the Conchords\The Complete BBC Radio Series Disc 3\16 The Folk Parody Duo.mp3","Flight of the Conchords\The Complete BBC Radio Series Disc 3\16 The Folk Parody Duo.mp3","file:///C:/Users/phseamar/OneDrive - Microsoft/Documents/Music/Flight of the Conchords/The Complete BBC Radio Series Disc 3/16 The Folk Parody Duo.mp3","Flight of the Conchords","16 The Folk Parody Duo","The Complete BBC Radio Series Disc 3","Country","","Unknown","95","1.6","1:35","99","1.31","Medium (70-99)","Medium","Short (Under 3 min)","Flight of the Conchords\The Complete BBC Radio Series Disc 3","328","False","0","","0","",""
"17 Episode 6- 6 October 2005.mp3","C:\Users\phseamar\OneDrive - Microsoft\Documents\Music\Flight of the Conchords\The Complete BBC Radio Series Disc 3\17 Episode 6- 6 October 2005.mp3","Flight of the Conchords\The Complete BBC Radio Series Disc 3\17 Episode 6- 6 October 2005.mp3","file:///C:/Users/phseamar/OneDrive - Microsoft/Documents/Music/Flight of the Conchords/The Complete BBC Radio Series Disc 3/17 Episode 6- 6 October 2005.mp3","17 Episode 6","6 October 2005","The Complete BBC Radio Series Disc 3","Unknown","2005","2000s","323","5.4","5:23","107","6.37","Upbeat (100-129)","Medium","Long (Over 5 min)","Flight of the Conchords\The Complete BBC Radio Series Disc 3","329","False","0","","0","",""
"18 Sticky Situation.mp3","C:\Users\phseamar\OneDrive - Microsoft\Documents\Music\Flight of the Conchords\The Complete BBC Radio Series Disc 3\18 Sticky Situation.mp3","Flight of the Conchords\The Complete BBC Radio Series Disc 3\18 Sticky Situation.mp3","file:///C:/Users/phseamar/OneDrive - Microsoft/Documents/Music/Flight of the Conchords/The Complete BBC Radio Series Disc 3/18 Sticky Situation.mp3","Flight of the Conchords","18 Sticky Situation","The Complete BBC Radio Series Disc 3","Unknown","","Unknown","178","3","2:58","104","3.27","Upbeat (100-129)","Medium","Short (Under 3 min)","Flight of the Conchords\The Complete BBC Radio Series Disc 3","330","False","0","","0","",""
"19 Work Permit Violation.mp3","C:\Users\phseamar\OneDrive - Microsoft\Documents\Music\Flight of the Conchords\The Complete BBC Radio Series Disc 3\19 Work Permit Violation.mp3","Flight of the Conchords\The Complete BBC Radio Series Disc 3\19 Work Permit Violation.mp3","file:///C:/Users/phseamar/OneDrive - Microsoft/Documents/Music/Flight of the Conchords/The Complete BBC Radio Series Disc 3/19 Work Permit Violation.mp3","Flight of the Conchords","19 Work Permit Violation","The Complete BBC Radio Series Disc 3","Unknown","","Unknown","119","2","1:59","96","2.18","Medium (70-99)","Medium","Short (Under 3 min)","Flight of the Conchords\The Complete BBC Radio Series Disc 3","331","False","0","","0","",""
"20 What Of The Legarcy-!!.mp3","C:\Users\phseamar\OneDrive - Microsoft\Documents\Music\Flight of the Conchords\The Complete BBC Radio Series Disc 3\20 What Of The Legarcy-!!.mp3","Flight of the Conchords\The Complete BBC Radio Series Disc 3\20 What Of The Legarcy-!!.mp3","file:///C:/Users/phseamar/OneDrive - Microsoft/Documents/Music/Flight of the Conchords/The Complete BBC Radio Series Disc 3/20 What Of The Legarcy-!!.mp3","20 What Of The Legarcy","!!","The Complete BBC Radio Series Disc 3","Unknown","","Unknown","135","2.2","2:15","114","2.85","Upbeat (100-129)","Medium","Short (Under 3 min)","Flight of the Conchords\The Complete BBC Radio Series Disc 3","332","False","0","","0","",""
"01 Episode 3- 15 September 2005.mp3","C:\Users\phseamar\OneDrive - Microsoft\Documents\Music\Flight of the Conchords\The Complete BBC Radio Series Disk 2 Disc 2\01 Episode 3- 15 September 2005.mp3","Flight of the Conchords\The Complete BBC Radio Series Disk 2 Disc 2\01 Episode 3- 15 September 2005.mp3","file:///C:/Users/phseamar/OneDrive - Microsoft/Documents/Music/Flight of the Conchords/The Complete BBC Radio Series Disk 2 Disc 2/01 Episode 3- 15 September 2005.mp3","01 Episode 3","15 September 2005","The Complete BBC Radio Series Disk 2 Disc 2","Unknown","2005","2000s","245","4.1","4:05","106","5","Upbeat (100-129)","Medium","Medium (3-5 min)","Flight of the Conchords\The Complete BBC Radio Series Disk 2 Disc 2","333","False","0","","0","",""
"02 Episode 3- 15 September 2005.mp3","C:\Users\phseamar\OneDrive - Microsoft\Documents\Music\Flight of the Conchords\The Complete BBC Radio Series Disk 2 Disc 2\02 Episode 3- 15 September 2005.mp3","Flight of the Conchords\The Complete BBC Radio Series Disk 2 Disc 2\02 Episode 3- 15 September 2005.mp3","file:///C:/Users/phseamar/OneDrive - Microsoft/Documents/Music/Flight of the Conchords/The Complete BBC Radio Series Disk 2 Disc 2/02 Episode 3- 15 September 2005.mp3","02 Episode 3","15 September 2005","The Complete BBC Radio Series Disk 2 Disc 2","Unknown","2005","2000s","271","4.5","4:31","103","5.47","Upbeat (100-129)","Medium","Medium (3-5 min)","Flight of the Conchords\The Complete BBC Radio Series Disk 2 Disc 2","334","False","0","","0","",""
"03 Episode 3- 15 September 2005.mp3","C:\Users\phseamar\OneDrive - Microsoft\Documents\Music\Flight of the Conchords\The Complete BBC Radio Series Disk 2 Disc 2\03 Episode 3- 15 September 2005.mp3","Flight of the Conchords\The Complete BBC Radio Series Disk 2 Disc 2\03 Episode 3- 15 September 2005.mp3","file:///C:/Users/phseamar/OneDrive - Microsoft/Documents/Music/Flight of the Conchords/The Complete BBC Radio Series Disk 2 Disc 2/03 Episode 3- 15 September 2005.mp3","03 Episode 3","15 September 2005","The Complete BBC Radio Series Disk 2 Disc 2","Unknown","2005","2000s","47","0.8","0:47","90","1.02","Medium (70-99)","Medium","Short (Under 3 min)","Flight of the Conchords\The Complete BBC Radio Series Disk 2 Disc 2","335","False","0","","0","",""
"04 Episode 3- 15 September 2005.mp3","C:\Users\phseamar\OneDrive - Microsoft\Documents\Music\Flight of the Conchords\The Complete BBC Radio Series Disk 2 Disc 2\04 Episode 3- 15 September 2005.mp3","Flight of the Conchords\The Complete BBC Radio Series Disk 2 Disc 2\04 Episode 3- 15 September 2005.mp3","file:///C:/Users/phseamar/OneDrive - Microsoft/Documents/Music/Flight of the Conchords/The Complete BBC Radio Series Disk 2 Disc 2/04 Episode 3- 15 September 2005.mp3","04 Episode 3","15 September 2005","The Complete BBC Radio Series Disk 2 Disc 2","Unknown","2005","2000s","213","3.6","3:33","115","4.62","Upbeat (100-129)","Medium","Medium (3-5 min)","Flight of the Conchords\The Complete BBC Radio Series Disk 2 Disc 2","336","False","0","","0","",""
"05 Episode 3- 15 September 2005.mp3","C:\Users\phseamar\OneDrive - Microsoft\Documents\Music\Flight of the Conchords\The Complete BBC Radio Series Disk 2 Disc 2\05 Episode 3- 15 September 2005.mp3","Flight of the Conchords\The Complete BBC Radio Series Disk 2 Disc 2\05 Episode 3- 15 September 2005.mp3","file:///C:/Users/phseamar/OneDrive - Microsoft/Documents/Music/Flight of the Conchords/The Complete BBC Radio Series Disk 2 Disc 2/05 Episode 3- 15 September 2005.mp3","05 Episode 3","15 September 2005","The Complete BBC Radio Series Disk 2 Disc 2","Unknown","2005","2000s","108","1.8","1:48","104","1.97","Upbeat (100-129)","Medium","Short (Under 3 min)","Flight of the Conchords\The Complete BBC Radio Series Disk 2 Disc 2","337","False","0","","0","",""
"06 Episode 3- 15 September 2005.mp3","C:\Users\phseamar\OneDrive - Microsoft\Documents\Music\Flight of the Conchords\The Complete BBC Radio Series Disk 2 Disc 2\06 Episode 3- 15 September 2005.mp3","Flight of the Conchords\The Complete BBC Radio Series Disk 2 Disc 2\06 Episode 3- 15 September 2005.mp3","file:///C:/Users/phseamar/OneDrive - Microsoft/Documents/Music/Flight of the Conchords/The Complete BBC Radio Series Disk 2 Disc 2/06 Episode 3- 15 September 2005.mp3","06 Episode 3","15 September 2005","The Complete BBC Radio Series Disk 2 Disc 2","Unknown","2005","2000s","183","3","3:03","106","3.58","Upbeat (100-129)","Medium","Medium (3-5 min)","Flight of the Conchords\The Complete BBC Radio Series Disk 2 Disc 2","338","False","0","","0","",""
"07 Episode 3- 15 September 2005.mp3","C:\Users\phseamar\OneDrive - Microsoft\Documents\Music\Flight of the Conchords\The Complete BBC Radio Series Disk 2 Disc 2\07 Episode 3- 15 September 2005.mp3","Flight of the Conchords\The Complete BBC Radio Series Disk 2 Disc 2\07 Episode 3- 15 September 2005.mp3","file:///C:/Users/phseamar/OneDrive - Microsoft/Documents/Music/Flight of the Conchords/The Complete BBC Radio Series Disk 2 Disc 2/07 Episode 3- 15 September 2005.mp3","07 Episode 3","15 September 2005","The Complete BBC Radio Series Disk 2 Disc 2","Unknown","2005","2000s","178","3","2:58","104","3.68","Upbeat (100-129)","Medium","Short (Under 3 min)","Flight of the Conchords\The Complete BBC Radio Series Disk 2 Disc 2","339","False","0","","0","",""
"08 Episode 3- 15 September 2005.mp3","C:\Users\phseamar\OneDrive - Microsoft\Documents\Music\Flight of the Conchords\The Complete BBC Radio Series Disk 2 Disc 2\08 Episode 3- 15 September 2005.mp3","Flight of the Conchords\The Complete BBC Radio Series Disk 2 Disc 2\08 Episode 3- 15 September 2005.mp3","file:///C:/Users/phseamar/OneDrive - Microsoft/Documents/Music/Flight of the Conchords/The Complete BBC Radio Series Disk 2 Disc 2/08 Episode 3- 15 September 2005.mp3","08 Episode 3","15 September 2005","The Complete BBC Radio Series Disk 2 Disc 2","Unknown","2005","2000s","236","3.9","3:56","109","3.96","Upbeat (100-129)","Medium","Medium (3-5 min)","Flight of the Conchords\The Complete BBC Radio Series Disk 2 Disc 2","340","False","0","","0","",""
"09 Episode 3- 15 September 2005.mp3","C:\Users\phseamar\OneDrive - Microsoft\Documents\Music\Flight of the Conchords\The Complete BBC Radio Series Disk 2 Disc 2\09 Episode 3- 15 September 2005.mp3","Flight of the Conchords\The Complete BBC Radio Series Disk 2 Disc 2\09 Episode 3- 15 September 2005.mp3","file:///C:/Users/phseamar/OneDrive - Microsoft/Documents/Music/Flight of the Conchords/The Complete BBC Radio Series Disk 2 Disc 2/09 Episode 3- 15 September 2005.mp3","09 Episode 3","15 September 2005","The Complete BBC Radio Series Disk 2 Disc 2","Unknown","2005","2000s","151","2.5","2:31","96","2.91","Medium (70-99)","Medium","Short (Under 3 min)","Flight of the Conchords\The Complete BBC Radio Series Disk 2 Disc 2","341","False","0","","0","",""
"10 Episode 3- 15 September 2005.mp3","C:\Users\phseamar\OneDrive - Microsoft\Documents\Music\Flight of the Conchords\The Complete BBC Radio Series Disk 2 Disc 2\10 Episode 3- 15 September 2005.mp3","Flight of the Conchords\The Complete BBC Radio Series Disk 2 Disc 2\10 Episode 3- 15 September 2005.mp3","file:///C:/Users/phseamar/OneDrive - Microsoft/Documents/Music/Flight of the Conchords/The Complete BBC Radio Series Disk 2 Disc 2/10 Episode 3- 15 September 2005.mp3","10 Episode 3","15 September 2005","The Complete BBC Radio Series Disk 2 Disc 2","Unknown","2005","2000s","147","2.4","2:27","91","2.94","Medium (70-99)","Medium","Short (Under 3 min)","Flight of the Conchords\The Complete BBC Radio Series Disk 2 Disc 2","342","False","0","","0","",""
"11 Episode 4- 22 September 2005.mp3","C:\Users\phseamar\OneDrive - Microsoft\Documents\Music\Flight of the Conchords\The Complete BBC Radio Series Disk 2 Disc 2\11 Episode 4- 22 September 2005.mp3","Flight of the Conchords\The Complete BBC Radio Series Disk 2 Disc 2\11 Episode 4- 22 September 2005.mp3","file:///C:/Users/phseamar/OneDrive - Microsoft/Documents/Music/Flight of the Conchords/The Complete BBC Radio Series Disk 2 Disc 2/11 Episode 4- 22 September 2005.mp3","11 Episode 4","22 September 2005","The Complete BBC Radio Series Disk 2 Disc 2","Unknown","2005","2000s","176","2.9","2:56","114","3.42","Upbeat (100-129)","Medium","Short (Under 3 min)","Flight of the Conchords\The Complete BBC Radio Series Disk 2 Disc 2","343","False","0","","0","",""
"12 Episode 4- 22 September 2005.mp3","C:\Users\phseamar\OneDrive - Microsoft\Documents\Music\Flight of the Conchords\The Complete BBC Radio Series Disk 2 Disc 2\12 Episode 4- 22 September 2005.mp3","Flight of the Conchords\The Complete BBC Radio Series Disk 2 Disc 2\12 Episode 4- 22 September 2005.mp3","file:///C:/Users/phseamar/OneDrive - Microsoft/Documents/Music/Flight of the Conchords/The Complete BBC Radio Series Disk 2 Disc 2/12 Episode 4- 22 September 2005.mp3","12 Episode 4","22 September 2005","The Complete BBC Radio Series Disk 2 Disc 2","Unknown","2005","2000s","164","2.7","2:44","107","3.63","Upbeat (100-129)","Medium","Short (Under 3 min)","Flight of the Conchords\The Complete BBC Radio Series Disk 2 Disc 2","344","False","0","","0","",""
"13 Episode 4- 22 September 2005.mp3","C:\Users\phseamar\OneDrive - Microsoft\Documents\Music\Flight of the Conchords\The Complete BBC Radio Series Disk 2 Disc 2\13 Episode 4- 22 September 2005.mp3","Flight of the Conchords\The Complete BBC Radio Series Disk 2 Disc 2\13 Episode 4- 22 September 2005.mp3","file:///C:/Users/phseamar/OneDrive - Microsoft/Documents/Music/Flight of the Conchords/The Complete BBC Radio Series Disk 2 Disc 2/13 Episode 4- 22 September 2005.mp3","13 Episode 4","22 September 2005","The Complete BBC Radio Series Disk 2 Disc 2","Unknown","2005","2000s","211","3.5","3:31","93","4.08","Medium (70-99)","Medium","Medium (3-5 min)","Flight of the Conchords\The Complete BBC Radio Series Disk 2 Disc 2","345","False","0","","0","",""
"14 Episode 4- 22 September 2005.mp3","C:\Users\phseamar\OneDrive - Microsoft\Documents\Music\Flight of the Conchords\The Complete BBC Radio Series Disk 2 Disc 2\14 Episode 4- 22 September 2005.mp3","Flight of the Conchords\The Complete BBC Radio Series Disk 2 Disc 2\14 Episode 4- 22 September 2005.mp3","file:///C:/Users/phseamar/OneDrive - Microsoft/Documents/Music/Flight of the Conchords/The Complete BBC Radio Series Disk 2 Disc 2/14 Episode 4- 22 September 2005.mp3","14 Episode 4","22 September 2005","The Complete BBC Radio Series Disk 2 Disc 2","Unknown","2005","2000s","171","2.8","2:51","114","3.34","Upbeat (100-129)","Medium","Short (Under 3 min)","Flight of the Conchords\The Complete BBC Radio Series Disk 2 Disc 2","346","False","0","","0","",""
"15 Episode 4- 22 September 2005.mp3","C:\Users\phseamar\OneDrive - Microsoft\Documents\Music\Flight of the Conchords\The Complete BBC Radio Series Disk 2 Disc 2\15 Episode 4- 22 September 2005.mp3","Flight of the Conchords\The Complete BBC Radio Series Disk 2 Disc 2\15 Episode 4- 22 September 2005.mp3","file:///C:/Users/phseamar/OneDrive - Microsoft/Documents/Music/Flight of the Conchords/The Complete BBC Radio Series Disk 2 Disc 2/15 Episode 4- 22 September 2005.mp3","15 Episode 4","22 September 2005","The Complete BBC Radio Series Disk 2 Disc 2","Unknown","2005","2000s","180","3","3:00","96","3.75","Medium (70-99)","Medium","Medium (3-5 min)","Flight of the Conchords\The Complete BBC Radio Series Disk 2 Disc 2","347","False","0","","0","",""
"16 Episode 4- 22 September 2005.mp3","C:\Users\phseamar\OneDrive - Microsoft\Documents\Music\Flight of the Conchords\The Complete BBC Radio Series Disk 2 Disc 2\16 Episode 4- 22 September 2005.mp3","Flight of the Conchords\The Complete BBC Radio Series Disk 2 Disc 2\16 Episode 4- 22 September 2005.mp3","file:///C:/Users/phseamar/OneDrive - Microsoft/Documents/Music/Flight of the Conchords/The Complete BBC Radio Series Disk 2 Disc 2/16 Episode 4- 22 September 2005.mp3","16 Episode 4","22 September 2005","The Complete BBC Radio Series Disk 2 Disc 2","Unknown","2005","2000s","246","4.1","4:06","110","5.16","Upbeat (100-129)","Medium","Medium (3-5 min)","Flight of the Conchords\The Complete BBC Radio Series Disk 2 Disc 2","348","False","0","","0","",""
"17 Episode 4- 22 September 2005.mp3","C:\Users\phseamar\OneDrive - Microsoft\Documents\Music\Flight of the Conchords\The Complete BBC Radio Series Disk 2 Disc 2\17 Episode 4- 22 September 2005.mp3","Flight of the Conchords\The Complete BBC Radio Series Disk 2 Disc 2\17 Episode 4- 22 September 2005.mp3","file:///C:/Users/phseamar/OneDrive - Microsoft/Documents/Music/Flight of the Conchords/The Complete BBC Radio Series Disk 2 Disc 2/17 Episode 4- 22 September 2005.mp3","17 Episode 4","22 September 2005","The Complete BBC Radio Series Disk 2 Disc 2","Unknown","2005","2000s","157","2.6","2:37","92","3.19","Medium (70-99)","Medium","Short (Under 3 min)","Flight of the Conchords\The Complete BBC Radio Series Disk 2 Disc 2","349","False","0","","0","",""
"18 Episode 4- 22 September 2005.mp3","C:\Users\phseamar\OneDrive - Microsoft\Documents\Music\Flight of the Conchords\The Complete BBC Radio Series Disk 2 Disc 2\18 Episode 4- 22 September 2005.mp3","Flight of the Conchords\The Complete BBC Radio Series Disk 2 Disc 2\18 Episode 4- 22 September 2005.mp3","file:///C:/Users/phseamar/OneDrive - Microsoft/Documents/Music/Flight of the Conchords/The Complete BBC Radio Series Disk 2 Disc 2/18 Episode 4- 22 September 2005.mp3","18 Episode 4","22 September 2005","The Complete BBC Radio Series Disk 2 Disc 2","Unknown","2005","2000s","183","3","3:03","110","3.43","Upbeat (100-129)","Medium","Medium (3-5 min)","Flight of the Conchords\The Complete BBC Radio Series Disk 2 Disc 2","350","False","0","","0","",""
"19 Episode 4- 22 September 2005.mp3","C:\Users\phseamar\OneDrive - Microsoft\Documents\Music\Flight of the Conchords\The Complete BBC Radio Series Disk 2 Disc 2\19 Episode 4- 22 September 2005.mp3","Flight of the Conchords\The Complete BBC Radio Series Disk 2 Disc 2\19 Episode 4- 22 September 2005.mp3","file:///C:/Users/phseamar/OneDrive - Microsoft/Documents/Music/Flight of the Conchords/The Complete BBC Radio Series Disk 2 Disc 2/19 Episode 4- 22 September 2005.mp3","19 Episode 4","22 September 2005","The Complete BBC Radio Series Disk 2 Disc 2","Unknown","2005","2000s","168","2.8","2:48","107","2.98","Upbeat (100-129)","Medium","Short (Under 3 min)","Flight of the Conchords\The Complete BBC Radio Series Disk 2 Disc 2","351","False","0","","0","",""
"20 Episode 4- 22 September 2005.mp3","C:\Users\phseamar\OneDrive - Microsoft\Documents\Music\Flight of the Conchords\The Complete BBC Radio Series Disk 2 Disc 2\20 Episode 4- 22 September 2005.mp3","Flight of the Conchords\The Complete BBC Radio Series Disk 2 Disc 2\20 Episode 4- 22 September 2005.mp3","file:///C:/Users/phseamar/OneDrive - Microsoft/Documents/Music/Flight of the Conchords/The Complete BBC Radio Series Disk 2 Disc 2/20 Episode 4- 22 September 2005.mp3","20 Episode 4","22 September 2005","The Complete BBC Radio Series Disk 2 Disc 2","Unknown","2005","2000s","120","2","2:00","107","2.17","Upbeat (100-129)","Medium","Short (Under 3 min)","Flight of the Conchords\The Complete BBC Radio Series Disk 2 Disc 2","352","False","0","","0","",""
"01 Business Time.mp3","C:\Users\phseamar\OneDrive - Microsoft\Documents\Music\Flight of the Conchords\The Distant Future\01 Business Time.mp3","Flight of the Conchords\The Distant Future\01 Business Time.mp3","file:///C:/Users/phseamar/OneDrive - Microsoft/Documents/Music/Flight of the Conchords/The Distant Future/01 Business Time.mp3","Flight of the Conchords","01 Business Time","The Distant Future","Unknown","","Unknown","245","4.1","4:05","104","5.72","Upbeat (100-129)","Medium","Medium (3-5 min)","Flight of the Conchords\The Distant Future","353","False","0","","0","",""
"02 If You're into It.mp3","C:\Users\phseamar\OneDrive - Microsoft\Documents\Music\Flight of the Conchords\The Distant Future\02 If You're into It.mp3","Flight of the Conchords\The Distant Future\02 If You're into It.mp3","file:///C:/Users/phseamar/OneDrive - Microsoft/Documents/Music/Flight of the Conchords/The Distant Future/02 If You're into It.mp3","Flight of the Conchords","02 If You're into It","The Distant Future","Unknown","","Unknown","105","1.8","1:45","109","2.39","Upbeat (100-129)","Medium","Short (Under 3 min)","Flight of the Conchords\The Distant Future","354","False","0","","0","",""
"03 I'm Not Crying.mp3","C:\Users\phseamar\OneDrive - Microsoft\Documents\Music\Flight of the Conchords\The Distant Future\03 I'm Not Crying.mp3","Flight of the Conchords\The Distant Future\03 I'm Not Crying.mp3","file:///C:/Users/phseamar/OneDrive - Microsoft/Documents/Music/Flight of the Conchords/The Distant Future/03 I'm Not Crying.mp3","Flight of the Conchords","03 I'm Not Crying","The Distant Future","Unknown","","Unknown","204","3.4","3:24","109","3.96","Upbeat (100-129)","Medium","Medium (3-5 min)","Flight of the Conchords\The Distant Future","355","False","0","","0","",""
"01 Wake Up Call! (Original Mix).mp3","C:\Users\phseamar\OneDrive - Microsoft\Documents\Music\Frantic- Future Sound of Hard Dance Disc 1\01 Wake Up Call! (Original Mix).mp3","Frantic- Future Sound of Hard Dance Disc 1\01 Wake Up Call! (Original Mix).mp3","file:///C:/Users/phseamar/OneDrive - Microsoft/Documents/Music/Frantic- Future Sound of Hard Dance Disc 1/01 Wake Up Call! (Original Mix).mp3","Frantic- Future Sound of Hard Dance Disc 1","01 Wake Up Call! (Original Mix)","Unknown Album","Electronic","","Unknown","304","5.1","5:04","124","8.39","Upbeat (100-129)","High","Long (Over 5 min)","Frantic- Future Sound of Hard Dance Disc 1","360","False","0","","0","",""
"02 Like This Like That (Hi-Gate Remix).mp3","C:\Users\phseamar\OneDrive - Microsoft\Documents\Music\Frantic- Future Sound of Hard Dance Disc 1\02 Like This Like That (Hi-Gate Remix).mp3","Frantic- Future Sound of Hard Dance Disc 1\02 Like This Like That (Hi-Gate Remix).mp3","file:///C:/Users/phseamar/OneDrive - Microsoft/Documents/Music/Frantic- Future Sound of Hard Dance Disc 1/02 Like This Like That (Hi-Gate Remix).mp3","02 Like This Like That (Hi","Gate Remix)","Unknown Album","Electronic","","Unknown","285","4.8","4:45","137","7.44","Fast (130-159)","High","Medium (3-5 min)","Frantic- Future Sound of Hard Dance Disc 1","361","False","0","","0","",""
"04 Rock Da Funky Beats (12' Original Mix).mp3","C:\Users\phseamar\OneDrive - Microsoft\Documents\Music\Frantic- Future Sound of Hard Dance Disc 1\04 Rock Da Funky Beats (12' Original Mix).mp3","Frantic- Future Sound of Hard Dance Disc 1\04 Rock Da Funky Beats (12' Original Mix).mp3","file:///C:/Users/phseamar/OneDrive - Microsoft/Documents/Music/Frantic- Future Sound of Hard Dance Disc 1/04 Rock Da Funky Beats (12' Original Mix).mp3","Frantic- Future Sound of Hard Dance Disc 1","04 Rock Da Funky Beats (12' Original Mix)","Unknown Album","Electronic","","Unknown","219","3.6","3:39","126","5.22","Upbeat (100-129)","High","Medium (3-5 min)","Frantic- Future Sound of Hard Dance Disc 1","364","False","0","","0","",""
"05 Kick Up the Volume.mp3","C:\Users\phseamar\OneDrive - Microsoft\Documents\Music\Frantic- Future Sound of Hard Dance Disc 1\05 Kick Up the Volume.mp3","Frantic- Future Sound of Hard Dance Disc 1\05 Kick Up the Volume.mp3","file:///C:/Users/phseamar/OneDrive - Microsoft/Documents/Music/Frantic- Future Sound of Hard Dance Disc 1/05 Kick Up the Volume.mp3","Frantic- Future Sound of Hard Dance Disc 1","05 Kick Up the Volume","Unknown Album","Electronic","","Unknown","233","3.9","3:53","132","6.38","Fast (130-159)","High","Medium (3-5 min)","Frantic- Future Sound of Hard Dance Disc 1","366","False","0","","0","",""
"06 In Effect.mp3","C:\Users\phseamar\OneDrive - Microsoft\Documents\Music\Frantic- Future Sound of Hard Dance Disc 1\06 In Effect.mp3","Frantic- Future Sound of Hard Dance Disc 1\06 In Effect.mp3","file:///C:/Users/phseamar/OneDrive - Microsoft/Documents/Music/Frantic- Future Sound of Hard Dance Disc 1/06 In Effect.mp3","Frantic- Future Sound of Hard Dance Disc 1","06 In Effect","Unknown Album","Electronic","","Unknown","245","4.1","4:05","131","6.38","Fast (130-159)","High","Medium (3-5 min)","Frantic- Future Sound of Hard Dance Disc 1","367","False","0","","0","",""
"07 9 Is A Classic (Mark Kavanagh Mix).mp3","C:\Users\phseamar\OneDrive - Microsoft\Documents\Music\Frantic- Future Sound of Hard Dance Disc 1\07 9 Is A Classic (Mark Kavanagh Mix).mp3","Frantic- Future Sound of Hard Dance Disc 1\07 9 Is A Classic (Mark Kavanagh Mix).mp3","file:///C:/Users/phseamar/OneDrive - Microsoft/Documents/Music/Frantic- Future Sound of Hard Dance Disc 1/07 9 Is A Classic (Mark Kavanagh Mix).mp3","Frantic- Future Sound of Hard Dance Disc 1","07 9 Is A Classic (Mark Kavanagh Mix)","Unknown Album","Electronic","","Unknown","295","4.9","4:55","123","7.7","Upbeat (100-129)","High","Medium (3-5 min)","Frantic- Future Sound of Hard Dance Disc 1","368","False","0","","0","",""
"08 The Beginning (BK's The End Remix).mp3","C:\Users\phseamar\OneDrive - Microsoft\Documents\Music\Frantic- Future Sound of Hard Dance Disc 1\08 The Beginning (BK's The End Remix).mp3","Frantic- Future Sound of Hard Dance Disc 1\08 The Beginning (BK's The End Remix).mp3","file:///C:/Users/phseamar/OneDrive - Microsoft/Documents/Music/Frantic- Future Sound of Hard Dance Disc 1/08 The Beginning (BK's The End Remix).mp3","Frantic- Future Sound of Hard Dance Disc 1","08 The Beginning (BK's The End Remix)","Unknown Album","Electronic","","Unknown","301","5","5:01","129","7.97","Upbeat (100-129)","High","Long (Over 5 min)","Frantic- Future Sound of Hard Dance Disc 1","370","False","0","","0","",""
"09 Circular Saw.mp3","C:\Users\phseamar\OneDrive - Microsoft\Documents\Music\Frantic- Future Sound of Hard Dance Disc 1\09 Circular Saw.mp3","Frantic- Future Sound of Hard Dance Disc 1\09 Circular Saw.mp3","file:///C:/Users/phseamar/OneDrive - Microsoft/Documents/Music/Frantic- Future Sound of Hard Dance Disc 1/09 Circular Saw.mp3","Frantic- Future Sound of Hard Dance Disc 1","09 Circular Saw","Unknown Album","Electronic","","Unknown","231","3.8","3:51","135","6.05","Fast (130-159)","High","Medium (3-5 min)","Frantic- Future Sound of Hard Dance Disc 1","372","False","0","","0","",""
"10 Out There.mp3","C:\Users\phseamar\OneDrive - Microsoft\Documents\Music\Frantic- Future Sound of Hard Dance Disc 1\10 Out There.mp3","Frantic- Future Sound of Hard Dance Disc 1\10 Out There.mp3","file:///C:/Users/phseamar/OneDrive - Microsoft/Documents/Music/Frantic- Future Sound of Hard Dance Disc 1/10 Out There.mp3","Frantic- Future Sound of Hard Dance Disc 1","10 Out There","Unknown Album","Electronic","","Unknown","281","4.7","4:41","137","6.9","Fast (130-159)","High","Medium (3-5 min)","Frantic- Future Sound of Hard Dance Disc 1","373","False","0","","0","",""
"11 Another Jam (BK's Riot! Remix).mp3","C:\Users\phseamar\OneDrive - Microsoft\Documents\Music\Frantic- Future Sound of Hard Dance Disc 1\11 Another Jam (BK's Riot! Remix).mp3","Frantic- Future Sound of Hard Dance Disc 1\11 Another Jam (BK's Riot! Remix).mp3","file:///C:/Users/phseamar/OneDrive - Microsoft/Documents/Music/Frantic- Future Sound of Hard Dance Disc 1/11 Another Jam (BK's Riot! Remix).mp3","Frantic- Future Sound of Hard Dance Disc 1","11 Another Jam (BK's Riot! Remix)","Unknown Album","Electronic","","Unknown","332","5.5","5:32","138","8.8","Fast (130-159)","High","Long (Over 5 min)","Frantic- Future Sound of Hard Dance Disc 1","374","False","0","","0","",""
"12 Keep Your Love (Paul Glazby Remix).mp3","C:\Users\phseamar\OneDrive - Microsoft\Documents\Music\Frantic- Future Sound of Hard Dance Disc 1\12 Keep Your Love (Paul Glazby Remix).mp3","Frantic- Future Sound of Hard Dance Disc 1\12 Keep Your Love (Paul Glazby Remix).mp3","file:///C:/Users/phseamar/OneDrive - Microsoft/Documents/Music/Frantic- Future Sound of Hard Dance Disc 1/12 Keep Your Love (Paul Glazby Remix).mp3","Frantic- Future Sound of Hard Dance Disc 1","12 Keep Your Love (Paul Glazby Remix)","Unknown Album","Electronic","","Unknown","252","4.2","4:12","137","6.02","Fast (130-159)","High","Medium (3-5 min)","Frantic- Future Sound of Hard Dance Disc 1","376","False","0","","0","",""
"13 Can't Wait.mp3","C:\Users\phseamar\OneDrive - Microsoft\Documents\Music\Frantic- Future Sound of Hard Dance Disc 1\13 Can't Wait.mp3","Frantic- Future Sound of Hard Dance Disc 1\13 Can't Wait.mp3","file:///C:/Users/phseamar/OneDrive - Microsoft/Documents/Music/Frantic- Future Sound of Hard Dance Disc 1/13 Can't Wait.mp3","Frantic- Future Sound of Hard Dance Disc 1","13 Can't Wait","Unknown Album","Electronic","","Unknown","227","3.8","3:47","124","5.78","Upbeat (100-129)","High","Medium (3-5 min)","Frantic- Future Sound of Hard Dance Disc 1","378","False","0","","0","",""
"14 So Wot-.mp3","C:\Users\phseamar\OneDrive - Microsoft\Documents\Music\Frantic- Future Sound of Hard Dance Disc 1\14 So Wot-.mp3","Frantic- Future Sound of Hard Dance Disc 1\14 So Wot-.mp3","file:///C:/Users/phseamar/OneDrive - Microsoft/Documents/Music/Frantic- Future Sound of Hard Dance Disc 1/14 So Wot-.mp3","Frantic- Future Sound of Hard Dance Disc 1","14 So Wot-","Unknown Album","Electronic","","Unknown","328","5.5","5:28","135","8.01","Fast (130-159)","High","Long (Over 5 min)","Frantic- Future Sound of Hard Dance Disc 1","379","False","0","","0","",""
"15 Erection.mp3","C:\Users\phseamar\OneDrive - Microsoft\Documents\Music\Frantic- Future Sound of Hard Dance Disc 1\15 Erection.mp3","Frantic- Future Sound of Hard Dance Disc 1\15 Erection.mp3","file:///C:/Users/phseamar/OneDrive - Microsoft/Documents/Music/Frantic- Future Sound of Hard Dance Disc 1/15 Erection.mp3","Frantic- Future Sound of Hard Dance Disc 1","15 Erection","Unknown Album","Electronic","","Unknown","327","5.4","5:27","130","8.75","Fast (130-159)","High","Long (Over 5 min)","Frantic- Future Sound of Hard Dance Disc 1","380","False","0","","0","",""
"16 Rock the Beat.mp3","C:\Users\phseamar\OneDrive - Microsoft\Documents\Music\Frantic- Future Sound of Hard Dance Disc 1\16 Rock the Beat.mp3","Frantic- Future Sound of Hard Dance Disc 1\16 Rock the Beat.mp3","file:///C:/Users/phseamar/OneDrive - Microsoft/Documents/Music/Frantic- Future Sound of Hard Dance Disc 1/16 Rock the Beat.mp3","Frantic- Future Sound of Hard Dance Disc 1","16 Rock the Beat","Unknown Album","Electronic","","Unknown","239","4","3:59","137","5.99","Fast (130-159)","High","Medium (3-5 min)","Frantic- Future Sound of Hard Dance Disc 1","381","False","0","","0","",""
"17 Injected With A Poison (BK & Nick Sentience Remix).mp3","C:\Users\phseamar\OneDrive - Microsoft\Documents\Music\Frantic- Future Sound of Hard Dance Disc 1\17 Injected With A Poison (BK & Nick Sentience Remix).mp3","Frantic- Future Sound of Hard Dance Disc 1\17 Injected With A Poison (BK & Nick Sentience Remix).mp3","file:///C:/Users/phseamar/OneDrive - Microsoft/Documents/Music/Frantic- Future Sound of Hard Dance Disc 1/17 Injected With A Poison (BK & Nick Sentience Remix).mp3","Frantic- Future Sound of Hard Dance Disc 1","17 Injected With A Poison (BK & Nick Sentience Remix)","Unknown Album","Electronic","","Unknown","321","5.4","5:21","136","7.45","Fast (130-159)","High","Long (Over 5 min)","Frantic- Future Sound of Hard Dance Disc 1","382","False","0","","0","",""
"01 First Strike.mp3","C:\Users\phseamar\OneDrive - Microsoft\Documents\Music\Frantic- Future Sound of Hard Dance Disc 2\01 First Strike.mp3","Frantic- Future Sound of Hard Dance Disc 2\01 First Strike.mp3","file:///C:/Users/phseamar/OneDrive - Microsoft/Documents/Music/Frantic- Future Sound of Hard Dance Disc 2/01 First Strike.mp3","Frantic- Future Sound of Hard Dance Disc 2","01 First Strike","Unknown Album","Electronic","","Unknown","298","5","4:58","131","7.18","Fast (130-159)","High","Medium (3-5 min)","Frantic- Future Sound of Hard Dance Disc 2","384","False","0","","0","",""
"02 1998 (Paul Van Dyk Remix).mp3","C:\Users\phseamar\OneDrive - Microsoft\Documents\Music\Frantic- Future Sound of Hard Dance Disc 2\02 1998 (Paul Van Dyk Remix).mp3","Frantic- Future Sound of Hard Dance Disc 2\02 1998 (Paul Van Dyk Remix).mp3","file:///C:/Users/phseamar/OneDrive - Microsoft/Documents/Music/Frantic- Future Sound of Hard Dance Disc 2/02 1998 (Paul Van Dyk Remix).mp3","Frantic- Future Sound of Hard Dance Disc 2","02 1998 (Paul Van Dyk Remix)","Unknown Album","Electronic","1998","1990s","323","5.4","5:23","127","8.63","Upbeat (100-129)","High","Long (Over 5 min)","Frantic- Future Sound of Hard Dance Disc 2","385","False","0","","0","",""
"03 I Feel Love (DJ JamX & De Leon Remix).mp3","C:\Users\phseamar\OneDrive - Microsoft\Documents\Music\Frantic- Future Sound of Hard Dance Disc 2\03 I Feel Love (DJ JamX & De Leon Remix).mp3","Frantic- Future Sound of Hard Dance Disc 2\03 I Feel Love (DJ JamX & De Leon Remix).mp3","file:///C:/Users/phseamar/OneDrive - Microsoft/Documents/Music/Frantic- Future Sound of Hard Dance Disc 2/03 I Feel Love (DJ JamX & De Leon Remix).mp3","Frantic- Future Sound of Hard Dance Disc 2","03 I Feel Love (DJ JamX & De Leon Remix)","Unknown Album","Electronic","","Unknown","129","2.2","2:09","128","3.35","Upbeat (100-129)","High","Short (Under 3 min)","Frantic- Future Sound of Hard Dance Disc 2","387","False","0","","0","",""
"04 Generator (Original Mix).mp3","C:\Users\phseamar\OneDrive - Microsoft\Documents\Music\Frantic- Future Sound of Hard Dance Disc 2\04 Generator (Original Mix).mp3","Frantic- Future Sound of Hard Dance Disc 2\04 Generator (Original Mix).mp3","file:///C:/Users/phseamar/OneDrive - Microsoft/Documents/Music/Frantic- Future Sound of Hard Dance Disc 2/04 Generator (Original Mix).mp3","Frantic- Future Sound of Hard Dance Disc 2","04 Generator (Original Mix)","Unknown Album","Electronic","","Unknown","246","4.1","4:06","133","6.5","Fast (130-159)","High","Medium (3-5 min)","Frantic- Future Sound of Hard Dance Disc 2","389","False","0","","0","",""
"05 Trust Me.mp3","C:\Users\phseamar\OneDrive - Microsoft\Documents\Music\Frantic- Future Sound of Hard Dance Disc 2\05 Trust Me.mp3","Frantic- Future Sound of Hard Dance Disc 2\05 Trust Me.mp3","file:///C:/Users/phseamar/OneDrive - Microsoft/Documents/Music/Frantic- Future Sound of Hard Dance Disc 2/05 Trust Me.mp3","Frantic- Future Sound of Hard Dance Disc 2","05 Trust Me","Unknown Album","Electronic","","Unknown","220","3.7","3:40","130","5.83","Fast (130-159)","High","Medium (3-5 min)","Frantic- Future Sound of Hard Dance Disc 2","391","False","0","","0","",""
"06 Discotech.mp3","C:\Users\phseamar\OneDrive - Microsoft\Documents\Music\Frantic- Future Sound of Hard Dance Disc 2\06 Discotech.mp3","Frantic- Future Sound of Hard Dance Disc 2\06 Discotech.mp3","file:///C:/Users/phseamar/OneDrive - Microsoft/Documents/Music/Frantic- Future Sound of Hard Dance Disc 2/06 Discotech.mp3","Frantic- Future Sound of Hard Dance Disc 2","06 Discotech","Unknown Album","Electronic","","Unknown","232","3.9","3:52","137","6.03","Fast (130-159)","High","Medium (3-5 min)","Frantic- Future Sound of Hard Dance Disc 2","392","False","0","","0","",""
"08 (Instru) Mental.mp3","C:\Users\phseamar\OneDrive - Microsoft\Documents\Music\Frantic- Future Sound of Hard Dance Disc 2\08 (Instru) Mental.mp3","Frantic- Future Sound of Hard Dance Disc 2\08 (Instru) Mental.mp3","file:///C:/Users/phseamar/OneDrive - Microsoft/Documents/Music/Frantic- Future Sound of Hard Dance Disc 2/08 (Instru) Mental.mp3","Frantic- Future Sound of Hard Dance Disc 2","08 (Instru) Mental","Unknown Album","Electronic","","Unknown","308","5.1","5:08","130","8.46","Fast (130-159)","High","Long (Over 5 min)","Frantic- Future Sound of Hard Dance Disc 2","394","False","0","","0","",""
"08 (instru)Mental.mp3","C:\Users\phseamar\OneDrive - Microsoft\Documents\Music\Frantic- Future Sound of Hard Dance Disc 2\08 (instru)Mental.mp3","Frantic- Future Sound of Hard Dance Disc 2\08 (instru)Mental.mp3","file:///C:/Users/phseamar/OneDrive - Microsoft/Documents/Music/Frantic- Future Sound of Hard Dance Disc 2/08 (instru)Mental.mp3","Frantic- Future Sound of Hard Dance Disc 2","08 (instru)Mental","Unknown Album","Electronic","","Unknown","308","5.1","5:08","127","8.46","Upbeat (100-129)","High","Long (Over 5 min)","Frantic- Future Sound of Hard Dance Disc 2","395","False","0","","0","",""
"09 Baby Wants to Ride.mp3","C:\Users\phseamar\OneDrive - Microsoft\Documents\Music\Frantic- Future Sound of Hard Dance Disc 2\09 Baby Wants to Ride.mp3","Frantic- Future Sound of Hard Dance Disc 2\09 Baby Wants to Ride.mp3","file:///C:/Users/phseamar/OneDrive - Microsoft/Documents/Music/Frantic- Future Sound of Hard Dance Disc 2/09 Baby Wants to Ride.mp3","Frantic- Future Sound of Hard Dance Disc 2","09 Baby Wants to Ride","Unknown Album","Electronic","","Unknown","321","5.4","5:21","133","8.21","Fast (130-159)","High","Long (Over 5 min)","Frantic- Future Sound of Hard Dance Disc 2","396","False","0","","0","",""
"10 Don't Hold the Music Back.mp3","C:\Users\phseamar\OneDrive - Microsoft\Documents\Music\Frantic- Future Sound of Hard Dance Disc 2\10 Don't Hold the Music Back.mp3","Frantic- Future Sound of Hard Dance Disc 2\10 Don't Hold the Music Back.mp3","file:///C:/Users/phseamar/OneDrive - Microsoft/Documents/Music/Frantic- Future Sound of Hard Dance Disc 2/10 Don't Hold the Music Back.mp3","Frantic- Future Sound of Hard Dance Disc 2","10 Don't Hold the Music Back","Unknown Album","Electronic","","Unknown","220","3.7","3:40","133","5.94","Fast (130-159)","High","Medium (3-5 min)","Frantic- Future Sound of Hard Dance Disc 2","397","False","0","","0","",""
"10 Dont' Hold the Music Back.mp3","C:\Users\phseamar\OneDrive - Microsoft\Documents\Music\Frantic- Future Sound of Hard Dance Disc 2\10 Dont' Hold the Music Back.mp3","Frantic- Future Sound of Hard Dance Disc 2\10 Dont' Hold the Music Back.mp3","file:///C:/Users/phseamar/OneDrive - Microsoft/Documents/Music/Frantic- Future Sound of Hard Dance Disc 2/10 Dont' Hold the Music Back.mp3","Frantic- Future Sound of Hard Dance Disc 2","10 Dont' Hold the Music Back","Unknown Album","Electronic","","Unknown","220","3.7","3:40","136","5.94","Fast (130-159)","High","Medium (3-5 min)","Frantic- Future Sound of Hard Dance Disc 2","398","False","0","","0","",""
"11 Red Snapper.mp3","C:\Users\phseamar\OneDrive - Microsoft\Documents\Music\Frantic- Future Sound of Hard Dance Disc 2\11 Red Snapper.mp3","Frantic- Future Sound of Hard Dance Disc 2\11 Red Snapper.mp3","file:///C:/Users/phseamar/OneDrive - Microsoft/Documents/Music/Frantic- Future Sound of Hard Dance Disc 2/11 Red Snapper.mp3","Frantic- Future Sound of Hard Dance Disc 2","11 Red Snapper","Unknown Album","Electronic","","Unknown","289","4.8","4:49","137","8.29","Fast (130-159)","High","Medium (3-5 min)","Frantic- Future Sound of Hard Dance Disc 2","399","False","0","","0","",""
"11 Red Snapperdoggett, Mark.mp3","C:\Users\phseamar\OneDrive - Microsoft\Documents\Music\Frantic- Future Sound of Hard Dance Disc 2\11 Red Snapperdoggett, Mark.mp3","Frantic- Future Sound of Hard Dance Disc 2\11 Red Snapperdoggett, Mark.mp3","file:///C:/Users/phseamar/OneDrive - Microsoft/Documents/Music/Frantic- Future Sound of Hard Dance Disc 2/11 Red Snapperdoggett, Mark.mp3","Frantic- Future Sound of Hard Dance Disc 2","11 Red Snapperdoggett, Mark","Unknown Album","Electronic","","Unknown","289","4.8","4:49","127","8.29","Upbeat (100-129)","High","Medium (3-5 min)","Frantic- Future Sound of Hard Dance Disc 2","400","False","0","","0","",""
"12 Deliverance.mp3","C:\Users\phseamar\OneDrive - Microsoft\Documents\Music\Frantic- Future Sound of Hard Dance Disc 2\12 Deliverance.mp3","Frantic- Future Sound of Hard Dance Disc 2\12 Deliverance.mp3","file:///C:/Users/phseamar/OneDrive - Microsoft/Documents/Music/Frantic- Future Sound of Hard Dance Disc 2/12 Deliverance.mp3","Frantic- Future Sound of Hard Dance Disc 2","12 Deliverance","Unknown Album","Electronic","","Unknown","230","3.8","3:50","134","6.74","Fast (130-159)","High","Medium (3-5 min)","Frantic- Future Sound of Hard Dance Disc 2","401","False","0","","0","",""
"13 Atomic Drop.mp3","C:\Users\phseamar\OneDrive - Microsoft\Documents\Music\Frantic- Future Sound of Hard Dance Disc 2\13 Atomic Drop.mp3","Frantic- Future Sound of Hard Dance Disc 2\13 Atomic Drop.mp3","file:///C:/Users/phseamar/OneDrive - Microsoft/Documents/Music/Frantic- Future Sound of Hard Dance Disc 2/13 Atomic Drop.mp3","Frantic- Future Sound of Hard Dance Disc 2","13 Atomic Drop","Unknown Album","Electronic","","Unknown","217","3.6","3:37","127","5.93","Upbeat (100-129)","High","Medium (3-5 min)","Frantic- Future Sound of Hard Dance Disc 2","402","False","0","","0","",""
"14 itch Hiker & Dumont Mix).mp3","C:\Users\phseamar\OneDrive - Microsoft\Documents\Music\Frantic- Future Sound of Hard Dance Disc 2\14 itch Hiker & Dumont Mix).mp3","Frantic- Future Sound of Hard Dance Disc 2\14 itch Hiker & Dumont Mix).mp3","file:///C:/Users/phseamar/OneDrive - Microsoft/Documents/Music/Frantic- Future Sound of Hard Dance Disc 2/14 itch Hiker & Dumont Mix).mp3","Frantic- Future Sound of Hard Dance Disc 2","14 itch Hiker & Dumont Mix)","Unknown Album","Electronic","","Unknown","171","2.8","2:51","128","4.85","Upbeat (100-129)","High","Short (Under 3 min)","Frantic- Future Sound of Hard Dance Disc 2","404","False","0","","0","",""
"15 See No Evil.mp3","C:\Users\phseamar\OneDrive - Microsoft\Documents\Music\Frantic- Future Sound of Hard Dance Disc 2\15 See No Evil.mp3","Frantic- Future Sound of Hard Dance Disc 2\15 See No Evil.mp3","file:///C:/Users/phseamar/OneDrive - Microsoft/Documents/Music/Frantic- Future Sound of Hard Dance Disc 2/15 See No Evil.mp3","Frantic- Future Sound of Hard Dance Disc 2","15 See No Evil","Unknown Album","Electronic","","Unknown","318","5.3","5:18","124","8.61","Upbeat (100-129)","High","Long (Over 5 min)","Frantic- Future Sound of Hard Dance Disc 2","406","False","0","","0","",""
"16 Rok Da House (Mix One).mp3","C:\Users\phseamar\OneDrive - Microsoft\Documents\Music\Frantic- Future Sound of Hard Dance Disc 2\16 Rok Da House (Mix One).mp3","Frantic- Future Sound of Hard Dance Disc 2\16 Rok Da House (Mix One).mp3","file:///C:/Users/phseamar/OneDrive - Microsoft/Documents/Music/Frantic- Future Sound of Hard Dance Disc 2/16 Rok Da House (Mix One).mp3","Frantic- Future Sound of Hard Dance Disc 2","16 Rok Da House (Mix One)","Unknown Album","Electronic","","Unknown","260","4.3","4:20","121","6.61","Upbeat (100-129)","High","Medium (3-5 min)","Frantic- Future Sound of Hard Dance Disc 2","407","False","0","","0","",""
"17 Get A Rush.mp3","C:\Users\phseamar\OneDrive - Microsoft\Documents\Music\Frantic- Future Sound of Hard Dance Disc 2\17 Get A Rush.mp3","Frantic- Future Sound of Hard Dance Disc 2\17 Get A Rush.mp3","file:///C:/Users/phseamar/OneDrive - Microsoft/Documents/Music/Frantic- Future Sound of Hard Dance Disc 2/17 Get A Rush.mp3","Frantic- Future Sound of Hard Dance Disc 2","17 Get A Rush","Unknown Album","Electronic","","Unknown","176","2.9","2:56","139","4.68","Fast (130-159)","High","Short (Under 3 min)","Frantic- Future Sound of Hard Dance Disc 2","410","False","0","","0","",""
"18 Neuro Dancer.mp3","C:\Users\phseamar\OneDrive - Microsoft\Documents\Music\Frantic- Future Sound of Hard Dance Disc 2\18 Neuro Dancer.mp3","Frantic- Future Sound of Hard Dance Disc 2\18 Neuro Dancer.mp3","file:///C:/Users/phseamar/OneDrive - Microsoft/Documents/Music/Frantic- Future Sound of Hard Dance Disc 2/18 Neuro Dancer.mp3","Frantic- Future Sound of Hard Dance Disc 2","18 Neuro Dancer","Unknown Album","Electronic","","Unknown","386","6.4","6:26","128","10.15","Upbeat (100-129)","High","Long (Over 5 min)","Frantic- Future Sound of Hard Dance Disc 2","412","False","0","","0","",""
"01 Extremis.mp3","C:\Users\phseamar\OneDrive - Microsoft\Documents\Music\Future- A Journey Through the Electric Underground Disc 1\01 Extremis.mp3","Future- A Journey Through the Electric Underground Disc 1\01 Extremis.mp3","file:///C:/Users/phseamar/OneDrive - Microsoft/Documents/Music/Future- A Journey Through the Electric Underground Disc 1/01 Extremis.mp3","Future- A Journey Through the Electric Underground Disc 1","01 Extremis","Unknown Album","Unknown","","Unknown","248","4.1","4:08","103","5.59","Upbeat (100-129)","Medium","Medium (3-5 min)","Future- A Journey Through the Electric Underground Disc 1","413","False","0","","0","",""
"02 Atom Bomb (Atomix 1).mp3","C:\Users\phseamar\OneDrive - Microsoft\Documents\Music\Future- A Journey Through the Electric Underground Disc 1\02 Atom Bomb (Atomix 1).mp3","Future- A Journey Through the Electric Underground Disc 1\02 Atom Bomb (Atomix 1).mp3","file:///C:/Users/phseamar/OneDrive - Microsoft/Documents/Music/Future- A Journey Through the Electric Underground Disc 1/02 Atom Bomb (Atomix 1).mp3","Future- A Journey Through the Electric Underground Disc 1","02 Atom Bomb (Atomix 1)","Unknown Album","Unknown","","Unknown","340","5.7","5:40","113","7.95","Upbeat (100-129)","Medium","Long (Over 5 min)","Future- A Journey Through the Electric Underground Disc 1","414","False","0","","0","",""
"03 KJZ.mp3","C:\Users\phseamar\OneDrive - Microsoft\Documents\Music\Future- A Journey Through the Electric Underground Disc 1\03 KJZ.mp3","Future- A Journey Through the Electric Underground Disc 1\03 KJZ.mp3","file:///C:/Users/phseamar/OneDrive - Microsoft/Documents/Music/Future- A Journey Through the Electric Underground Disc 1/03 KJZ.mp3","Future- A Journey Through the Electric Underground Disc 1","03 KJZ","Unknown Album","Unknown","","Unknown","465","7.8","7:45","91","10.54","Medium (70-99)","Medium","Long (Over 5 min)","Future- A Journey Through the Electric Underground Disc 1","416","False","0","","0","",""
"04 Smokin' Japanese Babe.mp3","C:\Users\phseamar\OneDrive - Microsoft\Documents\Music\Future- A Journey Through the Electric Underground Disc 1\04 Smokin' Japanese Babe.mp3","Future- A Journey Through the Electric Underground Disc 1\04 Smokin' Japanese Babe.mp3","file:///C:/Users/phseamar/OneDrive - Microsoft/Documents/Music/Future- A Journey Through the Electric Underground Disc 1/04 Smokin' Japanese Babe.mp3","Future- A Journey Through the Electric Underground Disc 1","04 Smokin' Japanese Babe","Unknown Album","Unknown","","Unknown","277","4.6","4:37","119","5.67","Upbeat (100-129)","Medium","Medium (3-5 min)","Future- A Journey Through the Electric Underground Disc 1","418","False","0","","0","",""
"05 Karmacoma (Bumper Ball Dub).mp3","C:\Users\phseamar\OneDrive - Microsoft\Documents\Music\Future- A Journey Through the Electric Underground Disc 1\05 Karmacoma (Bumper Ball Dub).mp3","Future- A Journey Through the Electric Underground Disc 1\05 Karmacoma (Bumper Ball Dub).mp3","file:///C:/Users/phseamar/OneDrive - Microsoft/Documents/Music/Future- A Journey Through the Electric Underground Disc 1/05 Karmacoma (Bumper Ball Dub).mp3","Future- A Journey Through the Electric Underground Disc 1","05 Karmacoma (Bumper Ball Dub)","Unknown Album","Unknown","","Unknown","354","5.9","5:54","109","9.16","Upbeat (100-129)","Medium","Long (Over 5 min)","Future- A Journey Through the Electric Underground Disc 1","419","False","0","","0","",""
"06 Winter Ceremony (Howie B Left Foot Mix).mp3","C:\Users\phseamar\OneDrive - Microsoft\Documents\Music\Future- A Journey Through the Electric Underground Disc 1\06 Winter Ceremony (Howie B Left Foot Mix).mp3","Future- A Journey Through the Electric Underground Disc 1\06 Winter Ceremony (Howie B Left Foot Mix).mp3","file:///C:/Users/phseamar/OneDrive - Microsoft/Documents/Music/Future- A Journey Through the Electric Underground Disc 1/06 Winter Ceremony (Howie B Left Foot Mix).mp3","Future- A Journey Through the Electric Underground Disc 1","06 Winter Ceremony (Howie B Left Foot Mix)","Unknown Album","Unknown","","Unknown","567","9.4","9:27","93","12.2","Medium (70-99)","Medium","Long (Over 5 min)","Future- A Journey Through the Electric Underground Disc 1","421","False","0","","0","",""
"07 Loops of Fury.mp3","C:\Users\phseamar\OneDrive - Microsoft\Documents\Music\Future- A Journey Through the Electric Underground Disc 1\07 Loops of Fury.mp3","Future- A Journey Through the Electric Underground Disc 1\07 Loops of Fury.mp3","file:///C:/Users/phseamar/OneDrive - Microsoft/Documents/Music/Future- A Journey Through the Electric Underground Disc 1/07 Loops of Fury.mp3","Future- A Journey Through the Electric Underground Disc 1","07 Loops of Fury","Unknown Album","Unknown","","Unknown","279","4.6","4:39","117","6.29","Upbeat (100-129)","Medium","Medium (3-5 min)","Future- A Journey Through the Electric Underground Disc 1","423","False","0","","0","",""
"08 Snake Hips.mp3","C:\Users\phseamar\OneDrive - Microsoft\Documents\Music\Future- A Journey Through the Electric Underground Disc 1\08 Snake Hips.mp3","Future- A Journey Through the Electric Underground Disc 1\08 Snake Hips.mp3","file:///C:/Users/phseamar/OneDrive - Microsoft/Documents/Music/Future- A Journey Through the Electric Underground Disc 1/08 Snake Hips.mp3","Future- A Journey Through the Electric Underground Disc 1","08 Snake Hips","Unknown Album","Hip Hop","","Unknown","345","5.8","5:45","88","7.64","Medium (70-99)","Medium","Long (Over 5 min)","Future- A Journey Through the Electric Underground Disc 1","425","False","0","","0","",""
"09 Extremis (Qattara Remix).mp3","C:\Users\phseamar\OneDrive - Microsoft\Documents\Music\Future- A Journey Through the Electric Underground Disc 1\09 Extremis (Qattara Remix).mp3","Future- A Journey Through the Electric Underground Disc 1\09 Extremis (Qattara Remix).mp3","file:///C:/Users/phseamar/OneDrive - Microsoft/Documents/Music/Future- A Journey Through the Electric Underground Disc 1/09 Extremis (Qattara Remix).mp3","Future- A Journey Through the Electric Underground Disc 1","09 Extremis (Qattara Remix)","Unknown Album","Unknown","","Unknown","508","8.5","8:28","91","11.22","Medium (70-99)","Medium","Long (Over 5 min)","Future- A Journey Through the Electric Underground Disc 1","426","False","0","","0","",""
"01 Absurd (Landslide Mix).mp3","C:\Users\phseamar\OneDrive - Microsoft\Documents\Music\Future- A Journey Through the Electric Underground Disc 2\01 Absurd (Landslide Mix).mp3","Future- A Journey Through the Electric Underground Disc 2\01 Absurd (Landslide Mix).mp3","file:///C:/Users/phseamar/OneDrive - Microsoft/Documents/Music/Future- A Journey Through the Electric Underground Disc 2/01 Absurd (Landslide Mix).mp3","Future- A Journey Through the Electric Underground Disc 2","01 Absurd (Landslide Mix)","Unknown Album","Unknown","","Unknown","464","7.7","7:44","109","10","Upbeat (100-129)","Medium","Long (Over 5 min)","Future- A Journey Through the Electric Underground Disc 2","428","False","0","","0","",""
"02 Salsa With Mesquite.mp3","C:\Users\phseamar\OneDrive - Microsoft\Documents\Music\Future- A Journey Through the Electric Underground Disc 2\02 Salsa With Mesquite.mp3","Future- A Journey Through the Electric Underground Disc 2\02 Salsa With Mesquite.mp3","file:///C:/Users/phseamar/OneDrive - Microsoft/Documents/Music/Future- A Journey Through the Electric Underground Disc 2/02 Salsa With Mesquite.mp3","Future- A Journey Through the Electric Underground Disc 2","02 Salsa With Mesquite","Unknown Album","Unknown","","Unknown","438","7.3","7:18","91","10.43","Medium (70-99)","Medium","Long (Over 5 min)","Future- A Journey Through the Electric Underground Disc 2","430","False","0","","0","",""
"03 Ostiak (CP Emporium Mix).mp3","C:\Users\phseamar\OneDrive - Microsoft\Documents\Music\Future- A Journey Through the Electric Underground Disc 2\03 Ostiak (CP Emporium Mix).mp3","Future- A Journey Through the Electric Underground Disc 2\03 Ostiak (CP Emporium Mix).mp3","file:///C:/Users/phseamar/OneDrive - Microsoft/Documents/Music/Future- A Journey Through the Electric Underground Disc 2/03 Ostiak (CP Emporium Mix).mp3","Future- A Journey Through the Electric Underground Disc 2","03 Ostiak (CP Emporium Mix)","Unknown Album","Unknown","","Unknown","260","4.3","4:20","103","6.61","Upbeat (100-129)","Medium","Medium (3-5 min)","Future- A Journey Through the Electric Underground Disc 2","431","False","0","","0","",""
"04 Water from a Vine Leaf.mp3","C:\Users\phseamar\OneDrive - Microsoft\Documents\Music\Future- A Journey Through the Electric Underground Disc 2\04 Water from a Vine Leaf.mp3","Future- A Journey Through the Electric Underground Disc 2\04 Water from a Vine Leaf.mp3","file:///C:/Users/phseamar/OneDrive - Microsoft/Documents/Music/Future- A Journey Through the Electric Underground Disc 2/04 Water from a Vine Leaf.mp3","Future- A Journey Through the Electric Underground Disc 2","04 Water from a Vine Leaf","Unknown Album","Unknown","","Unknown","222","3.7","3:42","98","5.56","Medium (70-99)","Medium","Medium (3-5 min)","Future- A Journey Through the Electric Underground Disc 2","433","False","0","","0","",""
"05 Smokebelch II.mp3","C:\Users\phseamar\OneDrive - Microsoft\Documents\Music\Future- A Journey Through the Electric Underground Disc 2\05 Smokebelch II.mp3","Future- A Journey Through the Electric Underground Disc 2\05 Smokebelch II.mp3","file:///C:/Users/phseamar/OneDrive - Microsoft/Documents/Music/Future- A Journey Through the Electric Underground Disc 2/05 Smokebelch II.mp3","Future- A Journey Through the Electric Underground Disc 2","05 Smokebelch II","Unknown Album","Unknown","","Unknown","239","4","3:59","98","5.99","Medium (70-99)","Medium","Medium (3-5 min)","Future- A Journey Through the Electric Underground Disc 2","434","False","0","","0","",""
"06 Crystal Clear (Clear, Like an Unmuddied Lake).mp3","C:\Users\phseamar\OneDrive - Microsoft\Documents\Music\Future- A Journey Through the Electric Underground Disc 2\06 Crystal Clear (Clear, Like an Unmuddied Lake).mp3","Future- A Journey Through the Electric Underground Disc 2\06 Crystal Clear (Clear, Like an Unmuddied Lake).mp3","file:///C:/Users/phseamar/OneDrive - Microsoft/Documents/Music/Future- A Journey Through the Electric Underground Disc 2/06 Crystal Clear (Clear, Like an Unmuddied Lake).mp3","Future- A Journey Through the Electric Underground Disc 2","06 Crystal Clear (Clear, Like an Unmuddied Lake)","Unknown Album","Unknown","","Unknown","367","6.1","6:07","96","7.29","Medium (70-99)","Medium","Long (Over 5 min)","Future- A Journey Through the Electric Underground Disc 2","435","False","0","","0","",""
"07 Space Diary 1.mp3","C:\Users\phseamar\OneDrive - Microsoft\Documents\Music\Future- A Journey Through the Electric Underground Disc 2\07 Space Diary 1.mp3","Future- A Journey Through the Electric Underground Disc 2\07 Space Diary 1.mp3","file:///C:/Users/phseamar/OneDrive - Microsoft/Documents/Music/Future- A Journey Through the Electric Underground Disc 2/07 Space Diary 1.mp3","Future- A Journey Through the Electric Underground Disc 2","07 Space Diary 1","Unknown Album","Unknown","","Unknown","97","1.6","1:37","109","2.44","Upbeat (100-129)","Medium","Short (Under 3 min)","Future- A Journey Through the Electric Underground Disc 2","436","False","0","","0","",""
"08 Sleep 2.mp3","C:\Users\phseamar\OneDrive - Microsoft\Documents\Music\Future- A Journey Through the Electric Underground Disc 2\08 Sleep 2.mp3","Future- A Journey Through the Electric Underground Disc 2\08 Sleep 2.mp3","file:///C:/Users/phseamar/OneDrive - Microsoft/Documents/Music/Future- A Journey Through the Electric Underground Disc 2/08 Sleep 2.mp3","Future- A Journey Through the Electric Underground Disc 2","08 Sleep 2","Unknown Album","Unknown","","Unknown","495","8.2","8:15","117","10.74","Upbeat (100-129)","Medium","Long (Over 5 min)","Future- A Journey Through the Electric Underground Disc 2","437","False","0","","0","",""
"09 Spiritual Invocation.mp3","C:\Users\phseamar\OneDrive - Microsoft\Documents\Music\Future- A Journey Through the Electric Underground Disc 2\09 Spiritual Invocation.mp3","Future- A Journey Through the Electric Underground Disc 2\09 Spiritual Invocation.mp3","file:///C:/Users/phseamar/OneDrive - Microsoft/Documents/Music/Future- A Journey Through the Electric Underground Disc 2/09 Spiritual Invocation.mp3","Future- A Journey Through the Electric Underground Disc 2","09 Spiritual Invocation","Unknown Album","Unknown","","Unknown","189","3.2","3:09","105","4.03","Upbeat (100-129)","Medium","Medium (3-5 min)","Future- A Journey Through the Electric Underground Disc 2","438","False","0","","0","",""
"10 Lizard Point.mp3","C:\Users\phseamar\OneDrive - Microsoft\Documents\Music\Future- A Journey Through the Electric Underground Disc 2\10 Lizard Point.mp3","Future- A Journey Through the Electric Underground Disc 2\10 Lizard Point.mp3","file:///C:/Users/phseamar/OneDrive - Microsoft/Documents/Music/Future- A Journey Through the Electric Underground Disc 2/10 Lizard Point.mp3","Future- A Journey Through the Electric Underground Disc 2","10 Lizard Point","Unknown Album","Unknown","","Unknown","228","3.8","3:48","112","4.85","Upbeat (100-129)","Medium","Medium (3-5 min)","Future- A Journey Through the Electric Underground Disc 2","439","False","0","","0","",""
"11 Mr. Lullaby Should Have Rocked You.mp3","C:\Users\phseamar\OneDrive - Microsoft\Documents\Music\Future- A Journey Through the Electric Underground Disc 2\11 Mr. Lullaby Should Have Rocked You.mp3","Future- A Journey Through the Electric Underground Disc 2\11 Mr. Lullaby Should Have Rocked You.mp3","file:///C:/Users/phseamar/OneDrive - Microsoft/Documents/Music/Future- A Journey Through the Electric Underground Disc 2/11 Mr. Lullaby Should Have Rocked You.mp3","Future- A Journey Through the Electric Underground Disc 2","11 Mr. Lullaby Should Have Rocked You","Unknown Album","Rock","","Unknown","93","1.6","1:33","112","2.19","Upbeat (100-129)","High","Short (Under 3 min)","Future- A Journey Through the Electric Underground Disc 2","440","False","0","","0","",""
"12 Their Memories.mp3","C:\Users\phseamar\OneDrive - Microsoft\Documents\Music\Future- A Journey Through the Electric Underground Disc 2\12 Their Memories.mp3","Future- A Journey Through the Electric Underground Disc 2\12 Their Memories.mp3","file:///C:/Users/phseamar/OneDrive - Microsoft/Documents/Music/Future- A Journey Through the Electric Underground Disc 2/12 Their Memories.mp3","Future- A Journey Through the Electric Underground Disc 2","12 Their Memories","Unknown Album","Unknown","","Unknown","150","2.5","2:30","95","3.26","Medium (70-99)","Medium","Short (Under 3 min)","Future- A Journey Through the Electric Underground Disc 2","441","False","0","","0","",""
"13 Home.mp3","C:\Users\phseamar\OneDrive - Microsoft\Documents\Music\Future- A Journey Through the Electric Underground Disc 2\13 Home.mp3","Future- A Journey Through the Electric Underground Disc 2\13 Home.mp3","file:///C:/Users/phseamar/OneDrive - Microsoft/Documents/Music/Future- A Journey Through the Electric Underground Disc 2/13 Home.mp3","Future- A Journey Through the Electric Underground Disc 2","13 Home","Unknown Album","Unknown","","Unknown","244","4.1","4:04","92","5.39","Medium (70-99)","Medium","Medium (3-5 min)","Future- A Journey Through the Electric Underground Disc 2","442","False","0","","0","",""
"01 The Sundance Kid.mp3","C:\Users\phseamar\OneDrive - Microsoft\Documents\Music\Jazz and Easy Listening\01 The Sundance Kid.mp3","Jazz and Easy Listening\01 The Sundance Kid.mp3","file:///C:/Users/phseamar/OneDrive - Microsoft/Documents/Music/Jazz and Easy Listening/01 The Sundance Kid.mp3","Jazz and Easy Listening","01 The Sundance Kid","Unknown Album","Electronic","","Unknown","134","2.2","2:14","121","2.05","Upbeat (100-129)","High","Short (Under 3 min)","Jazz and Easy Listening","443","False","0","","0","",""
"01 Two Fisted Love.mp3","C:\Users\phseamar\OneDrive - Microsoft\Documents\Music\Jazz and Easy Listening\01 Two Fisted Love.mp3","Jazz and Easy Listening\01 Two Fisted Love.mp3","file:///C:/Users/phseamar/OneDrive - Microsoft/Documents/Music/Jazz and Easy Listening/01 Two Fisted Love.mp3","Jazz and Easy Listening","01 Two Fisted Love","Unknown Album","Jazz","","Unknown","247","4.1","4:07","92","3.78","Medium (70-99)","Low","Medium (3-5 min)","Jazz and Easy Listening","444","False","0","","0","",""
"02 Durham Town.mp3","C:\Users\phseamar\OneDrive - Microsoft\Documents\Music\Jazz and Easy Listening\02 Durham Town.mp3","Jazz and Easy Listening\02 Durham Town.mp3","file:///C:/Users/phseamar/OneDrive - Microsoft/Documents/Music/Jazz and Easy Listening/02 Durham Town.mp3","Jazz and Easy Listening","02 Durham Town","Unknown Album","Jazz","","Unknown","197","3.3","3:17","108","3.01","Upbeat (100-129)","Low","Medium (3-5 min)","Jazz and Easy Listening","445","False","0","","0","",""
"02 The Darktown Strutters' Ball.mp3","C:\Users\phseamar\OneDrive - Microsoft\Documents\Music\Jazz and Easy Listening\02 The Darktown Strutters' Ball.mp3","Jazz and Easy Listening\02 The Darktown Strutters' Ball.mp3","file:///C:/Users/phseamar/OneDrive - Microsoft/Documents/Music/Jazz and Easy Listening/02 The Darktown Strutters' Ball.mp3","Jazz and Easy Listening","02 The Darktown Strutters' Ball","Unknown Album","Jazz","","Unknown","188","3.1","3:08","116","2.88","Upbeat (100-129)","Low","Medium (3-5 min)","Jazz and Easy Listening","446","False","0","","0","",""
"02 Vaya Con Dios (May God Be with You).mp3","C:\Users\phseamar\OneDrive - Microsoft\Documents\Music\Jazz and Easy Listening\02 Vaya Con Dios (May God Be with You).mp3","Jazz and Easy Listening\02 Vaya Con Dios (May God Be with You).mp3","file:///C:/Users/phseamar/OneDrive - Microsoft/Documents/Music/Jazz and Easy Listening/02 Vaya Con Dios (May God Be with You).mp3","Jazz and Easy Listening","02 Vaya Con Dios (May God Be with You)","Unknown Album","Jazz","","Unknown","178","3","2:58","101","2.73","Upbeat (100-129)","Low","Short (Under 3 min)","Jazz and Easy Listening","447","False","0","","0","",""
"03 I Know What I Know.mp3","C:\Users\phseamar\OneDrive - Microsoft\Documents\Music\Jazz and Easy Listening\03 I Know What I Know.mp3","Jazz and Easy Listening\03 I Know What I Know.mp3","file:///C:/Users/phseamar/OneDrive - Microsoft/Documents/Music/Jazz and Easy Listening/03 I Know What I Know.mp3","Jazz and Easy Listening","03 I Know What I Know","Unknown Album","Jazz","","Unknown","193","3.2","3:13","112","1.48","Upbeat (100-129)","Low","Medium (3-5 min)","Jazz and Easy Listening","448","False","0","","0","",""
"03 Poetry Man.mp3","C:\Users\phseamar\OneDrive - Microsoft\Documents\Music\Jazz and Easy Listening\03 Poetry Man.mp3","Jazz and Easy Listening\03 Poetry Man.mp3","file:///C:/Users/phseamar/OneDrive - Microsoft/Documents/Music/Jazz and Easy Listening/03 Poetry Man.mp3","Jazz and Easy Listening","03 Poetry Man","Unknown Album","Jazz","","Unknown","277","4.6","4:37","115","5.3","Upbeat (100-129)","Low","Medium (3-5 min)","Jazz and Easy Listening","450","False","0","","0","",""
"04 Johnny.mp3","C:\Users\phseamar\OneDrive - Microsoft\Documents\Music\Jazz and Easy Listening\04 Johnny.mp3","Jazz and Easy Listening\04 Johnny.mp3","file:///C:/Users/phseamar/OneDrive - Microsoft/Documents/Music/Jazz and Easy Listening/04 Johnny.mp3","Jazz and Easy Listening","04 Johnny","Unknown Album","Jazz","","Unknown","140","2.3","2:20","117","2.15","Upbeat (100-129)","Low","Short (Under 3 min)","Jazz and Easy Listening","451","False","0","","0","",""
"05 Don't Let Me Down.mp3","C:\Users\phseamar\OneDrive - Microsoft\Documents\Music\Jazz and Easy Listening\05 Don't Let Me Down.mp3","Jazz and Easy Listening\05 Don't Let Me Down.mp3","file:///C:/Users/phseamar/OneDrive - Microsoft/Documents/Music/Jazz and Easy Listening/05 Don't Let Me Down.mp3","Jazz and Easy Listening","05 Don't Let Me Down","Unknown Album","Jazz","","Unknown","337","5.6","5:37","100","3.92","Upbeat (100-129)","Low","Long (Over 5 min)","Jazz and Easy Listening","452","False","0","","0","",""
"05 I'm Making Believe.MP3","C:\Users\phseamar\OneDrive - Microsoft\Documents\Music\Jazz and Easy Listening\05 I'm Making Believe.MP3","Jazz and Easy Listening\05 I'm Making Believe.MP3","file:///C:/Users/phseamar/OneDrive - Microsoft/Documents/Music/Jazz and Easy Listening/05 I'm Making Believe.MP3","Jazz and Easy Listening","05 I'm Making Believe","Unknown Album","Jazz","","Unknown","196","3.3","3:16","109","2.25","Upbeat (100-129)","Low","Medium (3-5 min)","Jazz and Easy Listening","453","False","0","","0","",""
"05 The Lady Is a Tramp.mp3","C:\Users\phseamar\OneDrive - Microsoft\Documents\Music\Jazz and Easy Listening\05 The Lady Is a Tramp.mp3","Jazz and Easy Listening\05 The Lady Is a Tramp.mp3","file:///C:/Users/phseamar/OneDrive - Microsoft/Documents/Music/Jazz and Easy Listening/05 The Lady Is a Tramp.mp3","Jazz and Easy Listening","05 The Lady Is a Tramp","Unknown Album","Jazz","","Unknown","202","3.4","3:22","98","3.1","Medium (70-99)","Low","Medium (3-5 min)","Jazz and Easy Listening","454","False","0","","0","",""
"05 Trumpet Blues.mp3","C:\Users\phseamar\OneDrive - Microsoft\Documents\Music\Jazz and Easy Listening\05 Trumpet Blues.mp3","Jazz and Easy Listening\05 Trumpet Blues.mp3","file:///C:/Users/phseamar/OneDrive - Microsoft/Documents/Music/Jazz and Easy Listening/05 Trumpet Blues.mp3","Jazz and Easy Listening","05 Trumpet Blues","Unknown Album","Jazz","","Unknown","478","8","7:58","112","7.31","Upbeat (100-129)","Low","Long (Over 5 min)","Jazz and Easy Listening","455","False","0","","0","",""
"06 Bolero.mp3","C:\Users\phseamar\OneDrive - Microsoft\Documents\Music\Jazz and Easy Listening\06 Bolero.mp3","Jazz and Easy Listening\06 Bolero.mp3","file:///C:/Users/phseamar/OneDrive - Microsoft/Documents/Music/Jazz and Easy Listening/06 Bolero.mp3","Jazz and Easy Listening","06 Bolero","Unknown Album","Jazz","","Unknown","825","13.8","13:45","93","15.75","Medium (70-99)","Low","Long (Over 5 min)","Jazz and Easy Listening","456","False","0","","0","",""
"06 It Don't Matter To Me.mp3","C:\Users\phseamar\OneDrive - Microsoft\Documents\Music\Jazz and Easy Listening\06 It Don't Matter To Me.mp3","Jazz and Easy Listening\06 It Don't Matter To Me.mp3","file:///C:/Users/phseamar/OneDrive - Microsoft/Documents/Music/Jazz and Easy Listening/06 It Don't Matter To Me.mp3","Jazz and Easy Listening","06 It Don't Matter To Me","Unknown Album","Jazz","","Unknown","168","2.8","2:48","115","2.56","Upbeat (100-129)","Low","Short (Under 3 min)","Jazz and Easy Listening","457","False","0","","0","",""
"07 All of Me.mp3","C:\Users\phseamar\OneDrive - Microsoft\Documents\Music\Jazz and Easy Listening\07 All of Me.mp3","Jazz and Easy Listening\07 All of Me.mp3","file:///C:/Users/phseamar/OneDrive - Microsoft/Documents/Music/Jazz and Easy Listening/07 All of Me.mp3","Jazz and Easy Listening","07 All of Me","Unknown Album","Jazz","","Unknown","180","3","3:00","93","2.76","Medium (70-99)","Low","Medium (3-5 min)","Jazz and Easy Listening","458","False","0","","0","",""
"07 Sophisticated Lady.MP3","C:\Users\phseamar\OneDrive - Microsoft\Documents\Music\Jazz and Easy Listening\07 Sophisticated Lady.MP3","Jazz and Easy Listening\07 Sophisticated Lady.MP3","file:///C:/Users/phseamar/OneDrive - Microsoft/Documents/Music/Jazz and Easy Listening/07 Sophisticated Lady.MP3","Jazz and Easy Listening","07 Sophisticated Lady","Unknown Album","Jazz","","Unknown","291","4.8","4:51","99","4.45","Medium (70-99)","Low","Medium (3-5 min)","Jazz and Easy Listening","459","False","0","","0","",""
"07 Streets of London.MP3","C:\Users\phseamar\OneDrive - Microsoft\Documents\Music\Jazz and Easy Listening\07 Streets of London.MP3","Jazz and Easy Listening\07 Streets of London.MP3","file:///C:/Users/phseamar/OneDrive - Microsoft/Documents/Music/Jazz and Easy Listening/07 Streets of London.MP3","Jazz and Easy Listening","07 Streets of London","Unknown Album","Jazz","","Unknown","224","3.7","3:44","105","3.43","Upbeat (100-129)","Low","Medium (3-5 min)","Jazz and Easy Listening","460","False","0","","0","",""
"07 Take Your Children Home.mp3","C:\Users\phseamar\OneDrive - Microsoft\Documents\Music\Jazz and Easy Listening\07 Take Your Children Home.mp3","Jazz and Easy Listening\07 Take Your Children Home.mp3","file:///C:/Users/phseamar/OneDrive - Microsoft/Documents/Music/Jazz and Easy Listening/07 Take Your Children Home.mp3","Jazz and Easy Listening","07 Take Your Children Home","Unknown Album","Jazz","","Unknown","258","4.3","4:18","112","3.94","Upbeat (100-129)","Low","Medium (3-5 min)","Jazz and Easy Listening","461","False","0","","0","",""
"08 Mack the Knife.mp3","C:\Users\phseamar\OneDrive - Microsoft\Documents\Music\Jazz and Easy Listening\08 Mack the Knife.mp3","Jazz and Easy Listening\08 Mack the Knife.mp3","file:///C:/Users/phseamar/OneDrive - Microsoft/Documents/Music/Jazz and Easy Listening/08 Mack the Knife.mp3","Jazz and Easy Listening","08 Mack the Knife","Unknown Album","Jazz","","Unknown","202","3.4","3:22","111","3.09","Upbeat (100-129)","Low","Medium (3-5 min)","Jazz and Easy Listening","463","False","0","","0","",""
"08 Never Letting Go.mp3","C:\Users\phseamar\OneDrive - Microsoft\Documents\Music\Jazz and Easy Listening\08 Never Letting Go.mp3","Jazz and Easy Listening\08 Never Letting Go.mp3","file:///C:/Users/phseamar/OneDrive - Microsoft/Documents/Music/Jazz and Easy Listening/08 Never Letting Go.mp3","Jazz and Easy Listening","08 Never Letting Go","Unknown Album","Jazz","","Unknown","190","3.2","3:10","105","2.97","Upbeat (100-129)","Low","Medium (3-5 min)","Jazz and Easy Listening","464","False","0","","0","",""
"09 Cheek to Cheek.mp3","C:\Users\phseamar\OneDrive - Microsoft\Documents\Music\Jazz and Easy Listening\09 Cheek to Cheek.mp3","Jazz and Easy Listening\09 Cheek to Cheek.mp3","file:///C:/Users/phseamar/OneDrive - Microsoft/Documents/Music/Jazz and Easy Listening/09 Cheek to Cheek.mp3","Jazz and Easy Listening","09 Cheek to Cheek","Unknown Album","Jazz","","Unknown","354","5.9","5:54","100","5.42","Upbeat (100-129)","Low","Long (Over 5 min)","Jazz and Easy Listening","465","False","0","","0","",""
"09 I'll Be Seeing You.mp3","C:\Users\phseamar\OneDrive - Microsoft\Documents\Music\Jazz and Easy Listening\09 I'll Be Seeing You.mp3","Jazz and Easy Listening\09 I'll Be Seeing You.mp3","file:///C:/Users/phseamar/OneDrive - Microsoft/Documents/Music/Jazz and Easy Listening/09 I'll Be Seeing You.mp3","Jazz and Easy Listening","09 I'll Be Seeing You","Unknown Album","Jazz","","Unknown","210","3.5","3:30","100","3.22","Upbeat (100-129)","Low","Medium (3-5 min)","Jazz and Easy Listening","466","False","0","","0","",""
"09 Karma Hotel.mp3","C:\Users\phseamar\OneDrive - Microsoft\Documents\Music\Jazz and Easy Listening\09 Karma Hotel.mp3","Jazz and Easy Listening\09 Karma Hotel.mp3","file:///C:/Users/phseamar/OneDrive - Microsoft/Documents/Music/Jazz and Easy Listening/09 Karma Hotel.mp3","Jazz and Easy Listening","09 Karma Hotel","Unknown Album","Jazz","","Unknown","305","5.1","5:05","105","4.66","Upbeat (100-129)","Low","Long (Over 5 min)","Jazz and Easy Listening","467","False","0","","0","",""
"09 No Show Tonight.mp3","C:\Users\phseamar\OneDrive - Microsoft\Documents\Music\Jazz and Easy Listening\09 No Show Tonight.mp3","Jazz and Easy Listening\09 No Show Tonight.mp3","file:///C:/Users/phseamar/OneDrive - Microsoft/Documents/Music/Jazz and Easy Listening/09 No Show Tonight.mp3","Jazz and Easy Listening","09 No Show Tonight","Unknown Album","Jazz","","Unknown","185","3.1","3:05","96","2.83","Medium (70-99)","Low","Medium (3-5 min)","Jazz and Easy Listening","468","False","0","","0","",""
"10 Little Brown Jug.mp3","C:\Users\phseamar\OneDrive - Microsoft\Documents\Music\Jazz and Easy Listening\10 Little Brown Jug.mp3","Jazz and Easy Listening\10 Little Brown Jug.mp3","file:///C:/Users/phseamar/OneDrive - Microsoft/Documents/Music/Jazz and Easy Listening/10 Little Brown Jug.mp3","Jazz and Easy Listening","10 Little Brown Jug","Unknown Album","Jazz","","Unknown","174","2.9","2:54","94","2.66","Medium (70-99)","Low","Short (Under 3 min)","Jazz and Easy Listening","469","False","0","","0","",""
"11 Ain't Misbehavin' (2).mp3","C:\Users\phseamar\OneDrive - Microsoft\Documents\Music\Jazz and Easy Listening\11 Ain't Misbehavin' (2).mp3","Jazz and Easy Listening\11 Ain't Misbehavin' (2).mp3","file:///C:/Users/phseamar/OneDrive - Microsoft/Documents/Music/Jazz and Easy Listening/11 Ain't Misbehavin' (2).mp3","Jazz and Easy Listening","11 Ain't Misbehavin' (2)","Unknown Album","Jazz","","Unknown","195","3.2","3:15","91","2.24","Medium (70-99)","Low","Medium (3-5 min)","Jazz and Easy Listening","470","False","0","","0","",""
"11 Ain't Misbehavin'.mp3","C:\Users\phseamar\OneDrive - Microsoft\Documents\Music\Jazz and Easy Listening\11 Ain't Misbehavin'.mp3","Jazz and Easy Listening\11 Ain't Misbehavin'.mp3","file:///C:/Users/phseamar/OneDrive - Microsoft/Documents/Music/Jazz and Easy Listening/11 Ain't Misbehavin'.mp3","Jazz and Easy Listening","11 Ain't Misbehavin'","Unknown Album","Jazz","","Unknown","195","3.2","3:15","95","2.24","Medium (70-99)","Low","Medium (3-5 min)","Jazz and Easy Listening","471","False","0","","0","",""
"11 Baby I'm A Want You.mp3","C:\Users\phseamar\OneDrive - Microsoft\Documents\Music\Jazz and Easy Listening\11 Baby I'm A Want You.mp3","Jazz and Easy Listening\11 Baby I'm A Want You.mp3","file:///C:/Users/phseamar/OneDrive - Microsoft/Documents/Music/Jazz and Easy Listening/11 Baby I'm A Want You.mp3","Jazz and Easy Listening","11 Baby I'm A Want You","Unknown Album","Jazz","","Unknown","145","2.4","2:25","103","2.23","Upbeat (100-129)","Low","Short (Under 3 min)","Jazz and Easy Listening","472","False","0","","0","",""
"13 Have Yourself a Merry Little Christmas.mp3","C:\Users\phseamar\OneDrive - Microsoft\Documents\Music\Jazz and Easy Listening\13 Have Yourself a Merry Little Christmas.mp3","Jazz and Easy Listening\13 Have Yourself a Merry Little Christmas.mp3","file:///C:/Users/phseamar/OneDrive - Microsoft/Documents/Music/Jazz and Easy Listening/13 Have Yourself a Merry Little Christmas.mp3","Jazz and Easy Listening","13 Have Yourself a Merry Little Christmas","Unknown Album","Jazz","","Unknown","201","3.4","3:21","102","3.07","Upbeat (100-129)","Low","Medium (3-5 min)","Jazz and Easy Listening","473","False","0","","0","",""
"14 Chloe.mp3","C:\Users\phseamar\OneDrive - Microsoft\Documents\Music\Jazz and Easy Listening\14 Chloe.mp3","Jazz and Easy Listening\14 Chloe.mp3","file:///C:/Users/phseamar/OneDrive - Microsoft/Documents/Music/Jazz and Easy Listening/14 Chloe.mp3","Jazz and Easy Listening","14 Chloe","Unknown Album","Jazz","","Unknown","184","3.1","3:04","119","2.11","Upbeat (100-129)","Low","Medium (3-5 min)","Jazz and Easy Listening","474","False","0","","0","",""
"14 What the World Needs Now Is Love.mp3","C:\Users\phseamar\OneDrive - Microsoft\Documents\Music\Jazz and Easy Listening\14 What the World Needs Now Is Love.mp3","Jazz and Easy Listening\14 What the World Needs Now Is Love.mp3","file:///C:/Users/phseamar/OneDrive - Microsoft/Documents/Music/Jazz and Easy Listening/14 What the World Needs Now Is Love.mp3","Jazz and Easy Listening","14 What the World Needs Now Is Love","Unknown Album","Jazz","","Unknown","237","4","3:57","92","3.63","Medium (70-99)","Low","Medium (3-5 min)","Jazz and Easy Listening","475","False","0","","0","",""
"15 God Rest Ye Merry Gentlemen.mp3","C:\Users\phseamar\OneDrive - Microsoft\Documents\Music\Jazz and Easy Listening\15 God Rest Ye Merry Gentlemen.mp3","Jazz and Easy Listening\15 God Rest Ye Merry Gentlemen.mp3","file:///C:/Users/phseamar/OneDrive - Microsoft/Documents/Music/Jazz and Easy Listening/15 God Rest Ye Merry Gentlemen.mp3","Jazz and Easy Listening","15 God Rest Ye Merry Gentlemen","Unknown Album","Jazz","","Unknown","164","2.7","2:44","98","2.51","Medium (70-99)","Low","Short (Under 3 min)","Jazz and Easy Listening","476","False","0","","0","",""
"15 That Old Black Magic.mp3","C:\Users\phseamar\OneDrive - Microsoft\Documents\Music\Jazz and Easy Listening\15 That Old Black Magic.mp3","Jazz and Easy Listening\15 That Old Black Magic.mp3","file:///C:/Users/phseamar/OneDrive - Microsoft/Documents/Music/Jazz and Easy Listening/15 That Old Black Magic.mp3","Jazz and Easy Listening","15 That Old Black Magic","Unknown Album","Jazz","","Unknown","179","3","2:59","113","1.72","Upbeat (100-129)","Low","Short (Under 3 min)","Jazz and Easy Listening","477","False","0","","0","",""
"16 Everything I Own.mp3","C:\Users\phseamar\OneDrive - Microsoft\Documents\Music\Jazz and Easy Listening\16 Everything I Own.mp3","Jazz and Easy Listening\16 Everything I Own.mp3","file:///C:/Users/phseamar/OneDrive - Microsoft/Documents/Music/Jazz and Easy Listening/16 Everything I Own.mp3","Jazz and Easy Listening","16 Everything I Own","Unknown Album","Jazz","","Unknown","180","3","3:00","106","2.75","Upbeat (100-129)","Low","Medium (3-5 min)","Jazz and Easy Listening","478","False","0","","0","",""
"16 Some Sweet Day.mp3","C:\Users\phseamar\OneDrive - Microsoft\Documents\Music\Jazz and Easy Listening\16 Some Sweet Day.mp3","Jazz and Easy Listening\16 Some Sweet Day.mp3","file:///C:/Users/phseamar/OneDrive - Microsoft/Documents/Music/Jazz and Easy Listening/16 Some Sweet Day.mp3","Jazz and Easy Listening","16 Some Sweet Day","Unknown Album","Jazz","","Unknown","183","3","3:03","103","6.99","Upbeat (100-129)","Low","Medium (3-5 min)","Jazz and Easy Listening","479","False","0","","0","",""
"17 Tuxedo Junction.mp3","C:\Users\phseamar\OneDrive - Microsoft\Documents\Music\Jazz and Easy Listening\17 Tuxedo Junction.mp3","Jazz and Easy Listening\17 Tuxedo Junction.mp3","file:///C:/Users/phseamar/OneDrive - Microsoft/Documents/Music/Jazz and Easy Listening/17 Tuxedo Junction.mp3","Jazz and Easy Listening","17 Tuxedo Junction","Unknown Album","Jazz","","Unknown","209","3.5","3:29","100","3.2","Upbeat (100-129)","Low","Medium (3-5 min)","Jazz and Easy Listening","480","False","0","","0","",""
"Al Hirt - Java.mp3","C:\Users\phseamar\OneDrive - Microsoft\Documents\Music\Jazz and Easy Listening\Al Hirt - Java.mp3","Jazz and Easy Listening\Al Hirt - Java.mp3","file:///C:/Users/phseamar/OneDrive - Microsoft/Documents/Music/Jazz and Easy Listening/Al Hirt - Java.mp3","Al Hirt","Java","Unknown Album","Jazz","","Unknown","117","2","1:57","93","1.79","Medium (70-99)","Low","Short (Under 3 min)","Jazz and Easy Listening","481","False","0","","0","",""
"Al Hirt - Mexican Hat Dance.mp3","C:\Users\phseamar\OneDrive - Microsoft\Documents\Music\Jazz and Easy Listening\Al Hirt - Mexican Hat Dance.mp3","Jazz and Easy Listening\Al Hirt - Mexican Hat Dance.mp3","file:///C:/Users/phseamar/OneDrive - Microsoft/Documents/Music/Jazz and Easy Listening/Al Hirt - Mexican Hat Dance.mp3","Al Hirt","Mexican Hat Dance","Unknown Album","Electronic","","Unknown","127","2.1","2:07","135","1.95","Fast (130-159)","High","Short (Under 3 min)","Jazz and Easy Listening","482","False","0","","0","",""
"Barry White - Walking In The Rain.mp3","C:\Users\phseamar\OneDrive - Microsoft\Documents\Music\Jazz and Easy Listening\Barry White - Walking In The Rain.mp3","Jazz and Easy Listening\Barry White - Walking In The Rain.mp3","file:///C:/Users/phseamar/OneDrive - Microsoft/Documents/Music/Jazz and Easy Listening/Barry White - Walking In The Rain.mp3","Barry White","Walking In The Rain","Unknown Album","Jazz","","Unknown","265","4.4","4:25","117","6.15","Upbeat (100-129)","Low","Medium (3-5 min)","Jazz and Easy Listening","483","False","0","","0","",""
"Billie Holiday - Good Morning, Hearache.mp3","C:\Users\phseamar\OneDrive - Microsoft\Documents\Music\Jazz and Easy Listening\Billie Holiday - Good Morning, Hearache.mp3","Jazz and Easy Listening\Billie Holiday - Good Morning, Hearache.mp3","file:///C:/Users/phseamar/OneDrive - Microsoft/Documents/Music/Jazz and Easy Listening/Billie Holiday - Good Morning, Hearache.mp3","Billie Holiday","Good Morning, Hearache","Unknown Album","Jazz","","Unknown","187","3.1","3:07","116","2.86","Upbeat (100-129)","Low","Medium (3-5 min)","Jazz and Easy Listening","484","False","0","","0","",""
"Billie Holiday - Stormy Weather.mp3","C:\Users\phseamar\OneDrive - Microsoft\Documents\Music\Jazz and Easy Listening\Billie Holiday - Stormy Weather.mp3","Jazz and Easy Listening\Billie Holiday - Stormy Weather.mp3","file:///C:/Users/phseamar/OneDrive - Microsoft/Documents/Music/Jazz and Easy Listening/Billie Holiday - Stormy Weather.mp3","Billie Holiday","Stormy Weather","Unknown Album","Jazz","","Unknown","225","3.8","3:45","117","3.43","Upbeat (100-129)","Low","Medium (3-5 min)","Jazz and Easy Listening","485","False","0","","0","",""
"Billie Holiday_I Only Have Eyes For You (1).mp3","C:\Users\phseamar\OneDrive - Microsoft\Documents\Music\Jazz and Easy Listening\Billie Holiday_I Only Have Eyes For You (1).mp3","Jazz and Easy Listening\Billie Holiday_I Only Have Eyes For You (1).mp3","file:///C:/Users/phseamar/OneDrive - Microsoft/Documents/Music/Jazz and Easy Listening/Billie Holiday_I Only Have Eyes For You (1).mp3","Jazz and Easy Listening","Billie Holiday_I Only Have Eyes For You (1)","Unknown Album","Jazz","","Unknown","105","1.8","1:45","97","1.62","Medium (70-99)","Low","Short (Under 3 min)","Jazz and Easy Listening","486","False","0","","0","",""
"billie holliday -all of me - all of me.mp3","C:\Users\phseamar\OneDrive - Microsoft\Documents\Music\Jazz and Easy Listening\billie holliday -all of me - all of me.mp3","Jazz and Easy Listening\billie holliday -all of me - all of me.mp3","file:///C:/Users/phseamar/OneDrive - Microsoft/Documents/Music/Jazz and Easy Listening/billie holliday -all of me - all of me.mp3","billie holliday","all of me - all of me","Unknown Album","Jazz","","Unknown","184","3.1","3:04","117","2.81","Upbeat (100-129)","Low","Medium (3-5 min)","Jazz and Easy Listening","487","False","0","","0","",""
"Billy Holiday  & Charlie Parke - Billie Holliday - Live.mp3","C:\Users\phseamar\OneDrive - Microsoft\Documents\Music\Jazz and Easy Listening\Billy Holiday  & Charlie Parke - Billie Holliday - Live.mp3","Jazz and Easy Listening\Billy Holiday  & Charlie Parke - Billie Holliday - Live.mp3","file:///C:/Users/phseamar/OneDrive - Microsoft/Documents/Music/Jazz and Easy Listening/Billy Holiday  & Charlie Parke - Billie Holliday - Live.mp3","Billy Holiday  & Charlie Parke","Billie Holliday - Live","Unknown Album","Jazz","","Unknown","820","13.7","13:40","102","12.52","Upbeat (100-129)","Low","Long (Over 5 min)","Jazz and Easy Listening","488","False","0","","0","",""
"Billy Holiday - As Time Goes By.mp3","C:\Users\phseamar\OneDrive - Microsoft\Documents\Music\Jazz and Easy Listening\Billy Holiday - As Time Goes By.mp3","Jazz and Easy Listening\Billy Holiday - As Time Goes By.mp3","file:///C:/Users/phseamar/OneDrive - Microsoft/Documents/Music/Jazz and Easy Listening/Billy Holiday - As Time Goes By.mp3","Billy Holiday","As Time Goes By","Unknown Album","Jazz","","Unknown","322","5.4","5:22","103","4.94","Upbeat (100-129)","Low","Long (Over 5 min)","Jazz and Easy Listening","489","False","0","","0","",""
"Billy Holiday - Blue Moon.mp3","C:\Users\phseamar\OneDrive - Microsoft\Documents\Music\Jazz and Easy Listening\Billy Holiday - Blue Moon.mp3","Jazz and Easy Listening\Billy Holiday - Blue Moon.mp3","file:///C:/Users/phseamar/OneDrive - Microsoft/Documents/Music/Jazz and Easy Listening/Billy Holiday - Blue Moon.mp3","Billy Holiday","Blue Moon","Unknown Album","Jazz","","Unknown","207","3.4","3:27","106","3.17","Upbeat (100-129)","Low","Medium (3-5 min)","Jazz and Easy Listening","490","False","0","","0","",""
"Billy Holiday - Pennies From Heaven.mp3","C:\Users\phseamar\OneDrive - Microsoft\Documents\Music\Jazz and Easy Listening\Billy Holiday - Pennies From Heaven.mp3","Jazz and Easy Listening\Billy Holiday - Pennies From Heaven.mp3","file:///C:/Users/phseamar/OneDrive - Microsoft/Documents/Music/Jazz and Easy Listening/Billy Holiday - Pennies From Heaven.mp3","Billy Holiday","Pennies From Heaven","Unknown Album","Jazz","","Unknown","194","3.2","3:14","104","2.97","Upbeat (100-129)","Low","Medium (3-5 min)","Jazz and Easy Listening","491","False","0","","0","",""
"Billy Holiday and Louis Armstrong - Summertime.mp3","C:\Users\phseamar\OneDrive - Microsoft\Documents\Music\Jazz and Easy Listening\Billy Holiday and Louis Armstrong - Summertime.mp3","Jazz and Easy Listening\Billy Holiday and Louis Armstrong - Summertime.mp3","file:///C:/Users/phseamar/OneDrive - Microsoft/Documents/Music/Jazz and Easy Listening/Billy Holiday and Louis Armstrong - Summertime.mp3","Billy Holiday and Louis Armstrong","Summertime","Unknown Album","Jazz","","Unknown","295","4.9","4:55","105","4.56","Upbeat (100-129)","Low","Medium (3-5 min)","Jazz and Easy Listening","492","False","0","","0","",""
"Billy Holliday- Georgia on my Mind.mp3","C:\Users\phseamar\OneDrive - Microsoft\Documents\Music\Jazz and Easy Listening\Billy Holliday- Georgia on my Mind.mp3","Jazz and Easy Listening\Billy Holliday- Georgia on my Mind.mp3","file:///C:/Users/phseamar/OneDrive - Microsoft/Documents/Music/Jazz and Easy Listening/Billy Holliday- Georgia on my Mind.mp3","Billy Holliday","Georgia on my Mind","Unknown Album","Jazz","","Unknown","97","1.6","1:37","97","1.49","Medium (70-99)","Low","Short (Under 3 min)","Jazz and Easy Listening","493","False","0","","0","",""
"Bread - Make It Wth You.mp3","C:\Users\phseamar\OneDrive - Microsoft\Documents\Music\Jazz and Easy Listening\Bread - Make It Wth You.mp3","Jazz and Easy Listening\Bread - Make It Wth You.mp3","file:///C:/Users/phseamar/OneDrive - Microsoft/Documents/Music/Jazz and Easy Listening/Bread - Make It Wth You.mp3","Bread","Make It Wth You","Unknown Album","Jazz","","Unknown","196","3.3","3:16","112","3","Upbeat (100-129)","Low","Medium (3-5 min)","Jazz and Easy Listening","494","False","0","","0","",""
"Bread - The Guitar Man.mp3","C:\Users\phseamar\OneDrive - Microsoft\Documents\Music\Jazz and Easy Listening\Bread - The Guitar Man.mp3","Jazz and Easy Listening\Bread - The Guitar Man.mp3","file:///C:/Users/phseamar/OneDrive - Microsoft/Documents/Music/Jazz and Easy Listening/Bread - The Guitar Man.mp3","Bread","The Guitar Man","Unknown Album","Jazz","","Unknown","227","3.8","3:47","99","4.33","Medium (70-99)","Low","Medium (3-5 min)","Jazz and Easy Listening","495","False","0","","0","",""
"Charlie Parker and Dizzy Gillespie - Toccatta For Trumpet.mp3","C:\Users\phseamar\OneDrive - Microsoft\Documents\Music\Jazz and Easy Listening\Charlie Parker and Dizzy Gillespie - Toccatta For Trumpet.mp3","Jazz and Easy Listening\Charlie Parker and Dizzy Gillespie - Toccatta For Trumpet.mp3","file:///C:/Users/phseamar/OneDrive - Microsoft/Documents/Music/Jazz and Easy Listening/Charlie Parker and Dizzy Gillespie - Toccatta For Trumpet.mp3","Charlie Parker and Dizzy Gillespie","Toccatta For Trumpet","Unknown Album","Jazz","","Unknown","197","3.3","3:17","95","1.77","Medium (70-99)","Low","Medium (3-5 min)","Jazz and Easy Listening","496","False","0","","0","",""
"DesChil- I'm  a survivor.mp3","C:\Users\phseamar\OneDrive - Microsoft\Documents\Music\Jazz and Easy Listening\DesChil- I'm  a survivor.mp3","Jazz and Easy Listening\DesChil- I'm  a survivor.mp3","file:///C:/Users/phseamar/OneDrive - Microsoft/Documents/Music/Jazz and Easy Listening/DesChil- I'm  a survivor.mp3","DesChil","I'm  a survivor","Unknown Album","Jazz","","Unknown","252","4.2","4:12","94","3.86","Medium (70-99)","Low","Medium (3-5 min)","Jazz and Easy Listening","497","False","0","","0","",""
"Dizzy Gillespie w Charlie Parker & Sarah Vaughn - Hot House.mp3","C:\Users\phseamar\OneDrive - Microsoft\Documents\Music\Jazz and Easy Listening\Dizzy Gillespie w Charlie Parker & Sarah Vaughn - Hot House.mp3","Jazz and Easy Listening\Dizzy Gillespie w Charlie Parker & Sarah Vaughn - Hot House.mp3","file:///C:/Users/phseamar/OneDrive - Microsoft/Documents/Music/Jazz and Easy Listening/Dizzy Gillespie w Charlie Parker & Sarah Vaughn - Hot House.mp3","Dizzy Gillespie w Charlie Parker & Sarah Vaughn","Hot House","Unknown Album","Electronic","","Unknown","186","3.1","3:06","136","2.85","Fast (130-159)","High","Medium (3-5 min)","Jazz and Easy Listening","498","False","0","","0","",""
"Dizzy Gillespie, Sarah Vaughn, Charlie Parker T02 - Blue 'n' Boogie.mp3","C:\Users\phseamar\OneDrive - Microsoft\Documents\Music\Jazz and Easy Listening\Dizzy Gillespie, Sarah Vaughn, Charlie Parker T02 - Blue 'n' Boogie.mp3","Jazz and Easy Listening\Dizzy Gillespie, Sarah Vaughn, Charlie Parker T02 - Blue 'n' Boogie.mp3","file:///C:/Users/phseamar/OneDrive - Microsoft/Documents/Music/Jazz and Easy Listening/Dizzy Gillespie, Sarah Vaughn, Charlie Parker T02 - Blue 'n' Boogie.mp3","Dizzy Gillespie, Sarah Vaughn, Charlie Parker T02","Blue 'n' Boogie","Unknown Album","Jazz","","Unknown","175","2.9","2:55","99","2.68","Medium (70-99)","Low","Short (Under 3 min)","Jazz and Easy Listening","499","False","0","","0","",""
"Do You Know the Way to San Jose.mp3","C:\Users\phseamar\OneDrive - Microsoft\Documents\Music\Jazz and Easy Listening\Do You Know the Way to San Jose.mp3","Jazz and Easy Listening\Do You Know the Way to San Jose.mp3","file:///C:/Users/phseamar/OneDrive - Microsoft/Documents/Music/Jazz and Easy Listening/Do You Know the Way to San Jose.mp3","Jazz and Easy Listening","Do You Know the Way to San Jose","Unknown Album","Jazz","","Unknown","148","2.5","2:28","109","2.27","Upbeat (100-129)","Low","Short (Under 3 min)","Jazz and Easy Listening","500","False","0","","0","",""
"Duke Ellington  -  Mood Indigo (Ella Fitzgerald).mp3","C:\Users\phseamar\OneDrive - Microsoft\Documents\Music\Jazz and Easy Listening\Duke Ellington  -  Mood Indigo (Ella Fitzgerald).mp3","Jazz and Easy Listening\Duke Ellington  -  Mood Indigo (Ella Fitzgerald).mp3","file:///C:/Users/phseamar/OneDrive - Microsoft/Documents/Music/Jazz and Easy Listening/Duke Ellington  -  Mood Indigo (Ella Fitzgerald).mp3","Duke Ellington","Mood Indigo (Ella Fitzgerald)","Unknown Album","Jazz","","Unknown","208","3.5","3:28","109","3.18","Upbeat (100-129)","Low","Medium (3-5 min)","Jazz and Easy Listening","501","False","0","","0","",""
"Either Or Both.mp3","C:\Users\phseamar\OneDrive - Microsoft\Documents\Music\Jazz and Easy Listening\Either Or Both.mp3","Jazz and Easy Listening\Either Or Both.mp3","file:///C:/Users/phseamar/OneDrive - Microsoft/Documents/Music/Jazz and Easy Listening/Either Or Both.mp3","Jazz and Easy Listening","Either Or Both","Unknown Album","Jazz","","Unknown","233","3.9","3:53","111","3.57","Upbeat (100-129)","Low","Medium (3-5 min)","Jazz and Easy Listening","502","False","0","","0","",""
"Ella Fitzgerald - (Irving Berlin) - Blue Skies.mp3","C:\Users\phseamar\OneDrive - Microsoft\Documents\Music\Jazz and Easy Listening\Ella Fitzgerald - (Irving Berlin) - Blue Skies.mp3","Jazz and Easy Listening\Ella Fitzgerald - (Irving Berlin) - Blue Skies.mp3","file:///C:/Users/phseamar/OneDrive - Microsoft/Documents/Music/Jazz and Easy Listening/Ella Fitzgerald - (Irving Berlin) - Blue Skies.mp3","Ella Fitzgerald","(Irving Berlin) - Blue Skies","Unknown Album","Jazz","","Unknown","225","3.8","3:45","101","3.45","Upbeat (100-129)","Low","Medium (3-5 min)","Jazz and Easy Listening","503","False","0","","0","",""
"Ella Fitzgerald - Let's Face The Music And Dance.mp3","C:\Users\phseamar\OneDrive - Microsoft\Documents\Music\Jazz and Easy Listening\Ella Fitzgerald - Let's Face The Music And Dance.mp3","Jazz and Easy Listening\Ella Fitzgerald - Let's Face The Music And Dance.mp3","file:///C:/Users/phseamar/OneDrive - Microsoft/Documents/Music/Jazz and Easy Listening/Ella Fitzgerald - Let's Face The Music And Dance.mp3","Ella Fitzgerald","Let's Face The Music And Dance","Unknown Album","Electronic","","Unknown","175","2.9","2:55","136","2.67","Fast (130-159)","High","Short (Under 3 min)","Jazz and Easy Listening","504","False","0","","0","",""
"Ella Fitzgerald - Scat.mp3","C:\Users\phseamar\OneDrive - Microsoft\Documents\Music\Jazz and Easy Listening\Ella Fitzgerald - Scat.mp3","Jazz and Easy Listening\Ella Fitzgerald - Scat.mp3","file:///C:/Users/phseamar/OneDrive - Microsoft/Documents/Music/Jazz and Easy Listening/Ella Fitzgerald - Scat.mp3","Ella Fitzgerald","Scat","Unknown Album","Jazz","","Unknown","243","4","4:03","119","3.72","Upbeat (100-129)","Low","Medium (3-5 min)","Jazz and Easy Listening","505","False","0","","0","",""
"Ella Fitzgerald - The Way You Look Tonight.mp3","C:\Users\phseamar\OneDrive - Microsoft\Documents\Music\Jazz and Easy Listening\Ella Fitzgerald - The Way You Look Tonight.mp3","Jazz and Easy Listening\Ella Fitzgerald - The Way You Look Tonight.mp3","file:///C:/Users/phseamar/OneDrive - Microsoft/Documents/Music/Jazz and Easy Listening/Ella Fitzgerald - The Way You Look Tonight.mp3","Ella Fitzgerald","The Way You Look Tonight","Unknown Album","Jazz","","Unknown","269","4.5","4:29","103","4.12","Upbeat (100-129)","Low","Medium (3-5 min)","Jazz and Easy Listening","506","False","0","","0","",""
"Ella Fitzgerald & Louie Armstrong - April in Paris.mp3","C:\Users\phseamar\OneDrive - Microsoft\Documents\Music\Jazz and Easy Listening\Ella Fitzgerald & Louie Armstrong - April in Paris.mp3","Jazz and Easy Listening\Ella Fitzgerald & Louie Armstrong - April in Paris.mp3","file:///C:/Users/phseamar/OneDrive - Microsoft/Documents/Music/Jazz and Easy Listening/Ella Fitzgerald & Louie Armstrong - April in Paris.mp3","Ella Fitzgerald & Louie Armstrong","April in Paris","Unknown Album","Jazz","","Unknown","395","6.6","6:35","114","6.03","Upbeat (100-129)","Low","Long (Over 5 min)","Jazz and Easy Listening","507","False","0","","0","",""
"Ella Fitzgerald & Louis Armstr - Let's Call The Whole Thing Off.mp3","C:\Users\phseamar\OneDrive - Microsoft\Documents\Music\Jazz and Easy Listening\Ella Fitzgerald & Louis Armstr - Let's Call The Whole Thing Off.mp3","Jazz and Easy Listening\Ella Fitzgerald & Louis Armstr - Let's Call The Whole Thing Off.mp3","file:///C:/Users/phseamar/OneDrive - Microsoft/Documents/Music/Jazz and Easy Listening/Ella Fitzgerald & Louis Armstr - Let's Call The Whole Thing Off.mp3","Ella Fitzgerald & Louis Armstr","Let's Call The Whole Thing Off","Unknown Album","Jazz","","Unknown","254","4.2","4:14","98","3.88","Medium (70-99)","Low","Medium (3-5 min)","Jazz and Easy Listening","508","False","0","","0","",""
"enya - Lord of the Rings soundtrack.mp3","C:\Users\phseamar\OneDrive - Microsoft\Documents\Music\Jazz and Easy Listening\enya - Lord of the Rings soundtrack.mp3","Jazz and Easy Listening\enya - Lord of the Rings soundtrack.mp3","file:///C:/Users/phseamar/OneDrive - Microsoft/Documents/Music/Jazz and Easy Listening/enya - Lord of the Rings soundtrack.mp3","enya","Lord of the Rings soundtrack","Unknown Album","Jazz","","Unknown","210","3.5","3:30","100","4.03","Upbeat (100-129)","Low","Medium (3-5 min)","Jazz and Easy Listening","509","False","0","","0","",""
"Glen Miller - In the Mood.mp3","C:\Users\phseamar\OneDrive - Microsoft\Documents\Music\Jazz and Easy Listening\Glen Miller - In the Mood.mp3","Jazz and Easy Listening\Glen Miller - In the Mood.mp3","file:///C:/Users/phseamar/OneDrive - Microsoft/Documents/Music/Jazz and Easy Listening/Glen Miller - In the Mood.mp3","Glen Miller","In the Mood","Unknown Album","Jazz","","Unknown","216","3.6","3:36","91","3.3","Medium (70-99)","Low","Medium (3-5 min)","Jazz and Easy Listening","510","False","0","","0","",""
"Glen Miller - Rhapsody In Blue.mp3","C:\Users\phseamar\OneDrive - Microsoft\Documents\Music\Jazz and Easy Listening\Glen Miller - Rhapsody In Blue.mp3","Jazz and Easy Listening\Glen Miller - Rhapsody In Blue.mp3","file:///C:/Users/phseamar/OneDrive - Microsoft/Documents/Music/Jazz and Easy Listening/Glen Miller - Rhapsody In Blue.mp3","Glen Miller","Rhapsody In Blue","Unknown Album","Jazz","","Unknown","206","3.4","3:26","111","3.15","Upbeat (100-129)","Low","Medium (3-5 min)","Jazz and Easy Listening","511","False","0","","0","",""
"Glenn Miller - Chattanooga Choo-Choo.mp3","C:\Users\phseamar\OneDrive - Microsoft\Documents\Music\Jazz and Easy Listening\Glenn Miller - Chattanooga Choo-Choo.mp3","Jazz and Easy Listening\Glenn Miller - Chattanooga Choo-Choo.mp3","file:///C:/Users/phseamar/OneDrive - Microsoft/Documents/Music/Jazz and Easy Listening/Glenn Miller - Chattanooga Choo-Choo.mp3","Glenn Miller","Chattanooga Choo-Choo","Unknown Album","Jazz","","Unknown","204","3.4","3:24","102","3.12","Upbeat (100-129)","Low","Medium (3-5 min)","Jazz and Easy Listening","512","False","0","","0","",""
"Glenn Miller - In The Mood.mp3","C:\Users\phseamar\OneDrive - Microsoft\Documents\Music\Jazz and Easy Listening\Glenn Miller - In The Mood.mp3","Jazz and Easy Listening\Glenn Miller - In The Mood.mp3","file:///C:/Users/phseamar/OneDrive - Microsoft/Documents/Music/Jazz and Easy Listening/Glenn Miller - In The Mood.mp3","Glenn Miller","In The Mood","Unknown Album","Jazz","","Unknown","213","3.6","3:33","107","3.26","Upbeat (100-129)","Low","Medium (3-5 min)","Jazz and Easy Listening","513","False","0","","0","",""
"Glenn Miller - Pennsylvania Six-Five Thousand.mp3","C:\Users\phseamar\OneDrive - Microsoft\Documents\Music\Jazz and Easy Listening\Glenn Miller - Pennsylvania Six-Five Thousand.mp3","Jazz and Easy Listening\Glenn Miller - Pennsylvania Six-Five Thousand.mp3","file:///C:/Users/phseamar/OneDrive - Microsoft/Documents/Music/Jazz and Easy Listening/Glenn Miller - Pennsylvania Six-Five Thousand.mp3","Glenn Miller","Pennsylvania Six-Five Thousand","Unknown Album","Jazz","","Unknown","193","3.2","3:13","117","2.96","Upbeat (100-129)","Low","Medium (3-5 min)","Jazz and Easy Listening","514","False","0","","0","",""
"Glenn Miller with Gene  Krupa - Sing, Sing, Sing.mp3","C:\Users\phseamar\OneDrive - Microsoft\Documents\Music\Jazz and Easy Listening\Glenn Miller with Gene  Krupa - Sing, Sing, Sing.mp3","Jazz and Easy Listening\Glenn Miller with Gene  Krupa - Sing, Sing, Sing.mp3","file:///C:/Users/phseamar/OneDrive - Microsoft/Documents/Music/Jazz and Easy Listening/Glenn Miller with Gene  Krupa - Sing, Sing, Sing.mp3","Glenn Miller with Gene  Krupa","Sing, Sing, Sing","Unknown Album","Jazz","","Unknown","305","5.1","5:05","118","4.9","Upbeat (100-129)","Low","Long (Over 5 min)","Jazz and Easy Listening","515","False","0","","0","",""
"Glenn Mller - String of Pearls.mp3","C:\Users\phseamar\OneDrive - Microsoft\Documents\Music\Jazz and Easy Listening\Glenn Mller - String of Pearls.mp3","Jazz and Easy Listening\Glenn Mller - String of Pearls.mp3","file:///C:/Users/phseamar/OneDrive - Microsoft/Documents/Music/Jazz and Easy Listening/Glenn Mller - String of Pearls.mp3","Glenn Mller","String of Pearls","Unknown Album","Jazz","","Unknown","206","3.4","3:26","113","3.15","Upbeat (100-129)","Low","Medium (3-5 min)","Jazz and Easy Listening","516","False","0","","0","",""
"lord of the rings - episode.mp3","C:\Users\phseamar\OneDrive - Microsoft\Documents\Music\Jazz and Easy Listening\lord of the rings - episode.mp3","Jazz and Easy Listening\lord of the rings - episode.mp3","file:///C:/Users/phseamar/OneDrive - Microsoft/Documents/Music/Jazz and Easy Listening/lord of the rings - episode.mp3","lord of the rings","episode","Unknown Album","Jazz","","Unknown","3466","57.8","57:46","98","26.45","Medium (70-99)","Low","Long (Over 5 min)","Jazz and Easy Listening","517","False","0","","0","",""
"Louis Armstrong - Caberet.mp3","C:\Users\phseamar\OneDrive - Microsoft\Documents\Music\Jazz and Easy Listening\Louis Armstrong - Caberet.mp3","Jazz and Easy Listening\Louis Armstrong - Caberet.mp3","file:///C:/Users/phseamar/OneDrive - Microsoft/Documents/Music/Jazz and Easy Listening/Louis Armstrong - Caberet.mp3","Louis Armstrong","Caberet","Unknown Album","Jazz","","Unknown","231","3.8","3:51","90","3.54","Medium (70-99)","Low","Medium (3-5 min)","Jazz and Easy Listening","518","False","0","","0","",""
"Louis Armstrong - Ella Fitzgerald - Dream A Little Dream Of Me.mp3","C:\Users\phseamar\OneDrive - Microsoft\Documents\Music\Jazz and Easy Listening\Louis Armstrong - Ella Fitzgerald - Dream A Little Dream Of Me.mp3","Jazz and Easy Listening\Louis Armstrong - Ella Fitzgerald - Dream A Little Dream Of Me.mp3","file:///C:/Users/phseamar/OneDrive - Microsoft/Documents/Music/Jazz and Easy Listening/Louis Armstrong - Ella Fitzgerald - Dream A Little Dream Of Me.mp3","Louis Armstrong","Ella Fitzgerald - Dream A Little Dream Of Me","Unknown Album","Jazz","","Unknown","79","1.3","1:19","99","1.21","Medium (70-99)","Low","Short (Under 3 min)","Jazz and Easy Listening","519","False","0","","0","",""
"Louis Armstrong - What A Wonderful World.mp3","C:\Users\phseamar\OneDrive - Microsoft\Documents\Music\Jazz and Easy Listening\Louis Armstrong - What A Wonderful World.mp3","Jazz and Easy Listening\Louis Armstrong - What A Wonderful World.mp3","file:///C:/Users/phseamar/OneDrive - Microsoft/Documents/Music/Jazz and Easy Listening/Louis Armstrong - What A Wonderful World.mp3","Louis Armstrong","What A Wonderful World","Unknown Album","Jazz","","Unknown","109","1.8","1:49","117","2.1","Upbeat (100-129)","Low","Short (Under 3 min)","Jazz and Easy Listening","520","False","0","","0","",""
"Louis Armstrong - When you wish upon a star.mp3","C:\Users\phseamar\OneDrive - Microsoft\Documents\Music\Jazz and Easy Listening\Louis Armstrong - When you wish upon a star.mp3","Jazz and Easy Listening\Louis Armstrong - When you wish upon a star.mp3","file:///C:/Users/phseamar/OneDrive - Microsoft/Documents/Music/Jazz and Easy Listening/Louis Armstrong - When you wish upon a star.mp3","Louis Armstrong","When you wish upon a star","Unknown Album","Jazz","","Unknown","265","4.4","4:25","106","3.04","Upbeat (100-129)","Low","Medium (3-5 min)","Jazz and Easy Listening","521","False","0","","0","",""
"Lyle Lovett - Money.mp3","C:\Users\phseamar\OneDrive - Microsoft\Documents\Music\Jazz and Easy Listening\Lyle Lovett - Money.mp3","Jazz and Easy Listening\Lyle Lovett - Money.mp3","file:///C:/Users/phseamar/OneDrive - Microsoft/Documents/Music/Jazz and Easy Listening/Lyle Lovett - Money.mp3","Lyle Lovett","Money","Unknown Album","Jazz","","Unknown","198","3.3","3:18","101","3.02","Upbeat (100-129)","Low","Medium (3-5 min)","Jazz and Easy Listening","522","False","0","","0","",""
"movie themes - lord of the rings.mp3","C:\Users\phseamar\OneDrive - Microsoft\Documents\Music\Jazz and Easy Listening\movie themes - lord of the rings.mp3","Jazz and Easy Listening\movie themes - lord of the rings.mp3","file:///C:/Users/phseamar/OneDrive - Microsoft/Documents/Music/Jazz and Easy Listening/movie themes - lord of the rings.mp3","movie themes","lord of the rings","Unknown Album","Jazz","","Unknown","164","2.7","2:44","93","2.51","Medium (70-99)","Low","Short (Under 3 min)","Jazz and Easy Listening","523","False","0","","0","",""
"Natilie Merchant.Jealousy.mp3","C:\Users\phseamar\OneDrive - Microsoft\Documents\Music\Jazz and Easy Listening\Natilie Merchant.Jealousy.mp3","Jazz and Easy Listening\Natilie Merchant.Jealousy.mp3","file:///C:/Users/phseamar/OneDrive - Microsoft/Documents/Music/Jazz and Easy Listening/Natilie Merchant.Jealousy.mp3","Jazz and Easy Listening","Natilie Merchant.Jealousy","Unknown Album","Jazz","","Unknown","161","2.7","2:41","94","2.46","Medium (70-99)","Low","Short (Under 3 min)","Jazz and Easy Listening","524","False","0","","0","",""
"01 Rowboat.mp3","C:\Users\phseamar\OneDrive - Microsoft\Documents\Music\Johnny Cash\Unchained\01 Rowboat.mp3","Johnny Cash\Unchained\01 Rowboat.mp3","file:///C:/Users/phseamar/OneDrive - Microsoft/Documents/Music/Johnny Cash/Unchained/01 Rowboat.mp3","Johnny Cash","01 Rowboat","Unchained","Unknown","","Unknown","223","3.7","3:43","90","5.15","Medium (70-99)","Medium","Medium (3-5 min)","Johnny Cash\Unchained","525","False","0","","0","",""
"02 Sea of Heartbreak.mp3","C:\Users\phseamar\OneDrive - Microsoft\Documents\Music\Johnny Cash\Unchained\02 Sea of Heartbreak.mp3","Johnny Cash\Unchained\02 Sea of Heartbreak.mp3","file:///C:/Users/phseamar/OneDrive - Microsoft/Documents/Music/Johnny Cash/Unchained/02 Sea of Heartbreak.mp3","Johnny Cash","02 Sea of Heartbreak","Unchained","Unknown","","Unknown","162","2.7","2:42","116","4.02","Upbeat (100-129)","Medium","Short (Under 3 min)","Johnny Cash\Unchained","526","False","0","","0","",""
"03 Rusty Cage.mp3","C:\Users\phseamar\OneDrive - Microsoft\Documents\Music\Johnny Cash\Unchained\03 Rusty Cage.mp3","Johnny Cash\Unchained\03 Rusty Cage.mp3","file:///C:/Users/phseamar/OneDrive - Microsoft/Documents/Music/Johnny Cash/Unchained/03 Rusty Cage.mp3","Johnny Cash","03 Rusty Cage","Unchained","Unknown","","Unknown","169","2.8","2:49","102","4","Upbeat (100-129)","Medium","Short (Under 3 min)","Johnny Cash\Unchained","527","False","0","","0","",""
"04 The One Rose (That's Left in My Heart_.mp3","C:\Users\phseamar\OneDrive - Microsoft\Documents\Music\Johnny Cash\Unchained\04 The One Rose (That's Left in My Heart_.mp3","Johnny Cash\Unchained\04 The One Rose (That's Left in My Heart_.mp3","file:///C:/Users/phseamar/OneDrive - Microsoft/Documents/Music/Johnny Cash/Unchained/04 The One Rose (That's Left in My Heart_.mp3","Johnny Cash","04 The One Rose (That's Left in My Heart_","Unchained","Unknown","","Unknown","146","2.4","2:26","107","2.4","Upbeat (100-129)","Medium","Short (Under 3 min)","Johnny Cash\Unchained","528","False","0","","0","",""
"05 Country Boy.mp3","C:\Users\phseamar\OneDrive - Microsoft\Documents\Music\Johnny Cash\Unchained\05 Country Boy.mp3","Johnny Cash\Unchained\05 Country Boy.mp3","file:///C:/Users/phseamar/OneDrive - Microsoft/Documents/Music/Johnny Cash/Unchained/05 Country Boy.mp3","Johnny Cash","05 Country Boy","Unchained","Country","","Unknown","151","2.5","2:31","92","3.51","Medium (70-99)","Medium","Short (Under 3 min)","Johnny Cash\Unchained","529","False","0","","0","",""
"06 Memories Are Made of This.mp3","C:\Users\phseamar\OneDrive - Microsoft\Documents\Music\Johnny Cash\Unchained\06 Memories Are Made of This.mp3","Johnny Cash\Unchained\06 Memories Are Made of This.mp3","file:///C:/Users/phseamar/OneDrive - Microsoft/Documents/Music/Johnny Cash/Unchained/06 Memories Are Made of This.mp3","Johnny Cash","06 Memories Are Made of This","Unchained","Unknown","","Unknown","139","2.3","2:19","95","2.95","Medium (70-99)","Medium","Short (Under 3 min)","Johnny Cash\Unchained","530","False","0","","0","",""
"07 Spiritual.mp3","C:\Users\phseamar\OneDrive - Microsoft\Documents\Music\Johnny Cash\Unchained\07 Spiritual.mp3","Johnny Cash\Unchained\07 Spiritual.mp3","file:///C:/Users/phseamar/OneDrive - Microsoft/Documents/Music/Johnny Cash/Unchained/07 Spiritual.mp3","Johnny Cash","07 Spiritual","Unchained","Unknown","","Unknown","306","5.1","5:06","95","6.09","Medium (70-99)","Medium","Long (Over 5 min)","Johnny Cash\Unchained","531","False","0","","0","",""
"08 The Kneeling Drunkard's Plea.mp3","C:\Users\phseamar\OneDrive - Microsoft\Documents\Music\Johnny Cash\Unchained\08 The Kneeling Drunkard's Plea.mp3","Johnny Cash\Unchained\08 The Kneeling Drunkard's Plea.mp3","file:///C:/Users/phseamar/OneDrive - Microsoft/Documents/Music/Johnny Cash/Unchained/08 The Kneeling Drunkard's Plea.mp3","Johnny Cash","08 The Kneeling Drunkard's Plea","Unchained","Unknown","","Unknown","152","2.5","2:32","92","3.43","Medium (70-99)","Medium","Short (Under 3 min)","Johnny Cash\Unchained","532","False","0","","0","",""
"09 Southern Accents.mp3","C:\Users\phseamar\OneDrive - Microsoft\Documents\Music\Johnny Cash\Unchained\09 Southern Accents.mp3","Johnny Cash\Unchained\09 Southern Accents.mp3","file:///C:/Users/phseamar/OneDrive - Microsoft/Documents/Music/Johnny Cash/Unchained/09 Southern Accents.mp3","Johnny Cash","09 Southern Accents","Unchained","Unknown","","Unknown","281","4.7","4:41","105","6.12","Upbeat (100-129)","Medium","Medium (3-5 min)","Johnny Cash\Unchained","533","False","0","","0","",""
"10 Mean Eyed Cat.mp3","C:\Users\phseamar\OneDrive - Microsoft\Documents\Music\Johnny Cash\Unchained\10 Mean Eyed Cat.mp3","Johnny Cash\Unchained\10 Mean Eyed Cat.mp3","file:///C:/Users/phseamar/OneDrive - Microsoft/Documents/Music/Johnny Cash/Unchained/10 Mean Eyed Cat.mp3","Johnny Cash","10 Mean Eyed Cat","Unchained","Unknown","","Unknown","153","2.6","2:33","90","3.33","Medium (70-99)","Medium","Short (Under 3 min)","Johnny Cash\Unchained","534","False","0","","0","",""
"11 Meet Me in Heaven.mp3","C:\Users\phseamar\OneDrive - Microsoft\Documents\Music\Johnny Cash\Unchained\11 Meet Me in Heaven.mp3","Johnny Cash\Unchained\11 Meet Me in Heaven.mp3","file:///C:/Users/phseamar/OneDrive - Microsoft/Documents/Music/Johnny Cash/Unchained/11 Meet Me in Heaven.mp3","Johnny Cash","11 Meet Me in Heaven","Unchained","Unknown","","Unknown","201","3.4","3:21","97","3.24","Medium (70-99)","Medium","Medium (3-5 min)","Johnny Cash\Unchained","535","False","0","","0","",""
"12 I Never Picked Cotton.mp3","C:\Users\phseamar\OneDrive - Microsoft\Documents\Music\Johnny Cash\Unchained\12 I Never Picked Cotton.mp3","Johnny Cash\Unchained\12 I Never Picked Cotton.mp3","file:///C:/Users/phseamar/OneDrive - Microsoft/Documents/Music/Johnny Cash/Unchained/12 I Never Picked Cotton.mp3","Johnny Cash","12 I Never Picked Cotton","Unchained","Unknown","","Unknown","159","2.6","2:39","115","3.84","Upbeat (100-129)","Medium","Short (Under 3 min)","Johnny Cash\Unchained","536","False","0","","0","",""
"13 Unchained.mp3","C:\Users\phseamar\OneDrive - Microsoft\Documents\Music\Johnny Cash\Unchained\13 Unchained.mp3","Johnny Cash\Unchained\13 Unchained.mp3","file:///C:/Users/phseamar/OneDrive - Microsoft/Documents/Music/Johnny Cash/Unchained/13 Unchained.mp3","Johnny Cash","13 Unchained","Unchained","Unknown","","Unknown","171","2.8","2:51","97","3.92","Medium (70-99)","Medium","Short (Under 3 min)","Johnny Cash\Unchained","537","False","0","","0","",""
"14 I've Been Everywhere.mp3","C:\Users\phseamar\OneDrive - Microsoft\Documents\Music\Johnny Cash\Unchained\14 I've Been Everywhere.mp3","Johnny Cash\Unchained\14 I've Been Everywhere.mp3","file:///C:/Users/phseamar/OneDrive - Microsoft/Documents/Music/Johnny Cash/Unchained/14 I've Been Everywhere.mp3","Johnny Cash","14 I've Been Everywhere","Unchained","Unknown","","Unknown","197","3.3","3:17","94","3.93","Medium (70-99)","Medium","Medium (3-5 min)","Johnny Cash\Unchained","538","False","0","","0","",""
"02 Jazz Master.mp3","C:\Users\phseamar\OneDrive - Microsoft\Documents\Music\Kruder & Dorfmeister\The K&D Sessions Disc 1\02 Jazz Master.mp3","Kruder & Dorfmeister\The K&D Sessions Disc 1\02 Jazz Master.mp3","file:///C:/Users/phseamar/OneDrive - Microsoft/Documents/Music/Kruder & Dorfmeister/The K&D Sessions Disc 1/02 Jazz Master.mp3","Kruder & Dorfmeister","02 Jazz Master","The K&D Sessions Disc 1","Jazz","","Unknown","500","8.3","8:20","95","10.51","Medium (70-99)","Low","Long (Over 5 min)","Kruder & Dorfmeister\The K&D Sessions Disc 1","540","False","0","","0","",""
"05 Bug Powder Dust.mp3","C:\Users\phseamar\OneDrive - Microsoft\Documents\Music\Kruder & Dorfmeister\The K&D Sessions Disc 1\05 Bug Powder Dust.mp3","Kruder & Dorfmeister\The K&D Sessions Disc 1\05 Bug Powder Dust.mp3","file:///C:/Users/phseamar/OneDrive - Microsoft/Documents/Music/Kruder & Dorfmeister/The K&D Sessions Disc 1/05 Bug Powder Dust.mp3","Kruder & Dorfmeister","05 Bug Powder Dust","The K&D Sessions Disc 1","Unknown","","Unknown","440","7.3","7:20","94","9.52","Medium (70-99)","Medium","Long (Over 5 min)","Kruder & Dorfmeister\The K&D Sessions Disc 1","543","False","0","","0","",""
"07 Useless.mp3","C:\Users\phseamar\OneDrive - Microsoft\Documents\Music\Kruder & Dorfmeister\The K&D Sessions Disc 1\07 Useless.mp3","Kruder & Dorfmeister\The K&D Sessions Disc 1\07 Useless.mp3","file:///C:/Users/phseamar/OneDrive - Microsoft/Documents/Music/Kruder & Dorfmeister/The K&D Sessions Disc 1/07 Useless.mp3","Kruder & Dorfmeister","07 Useless","The K&D Sessions Disc 1","Unknown","","Unknown","373","6.2","6:13","102","9.9","Upbeat (100-129)","Medium","Long (Over 5 min)","Kruder & Dorfmeister\The K&D Sessions Disc 1","545","False","0","","0","",""
"08 Gotta Jazz.mp3","C:\Users\phseamar\OneDrive - Microsoft\Documents\Music\Kruder & Dorfmeister\The K&D Sessions Disc 1\08 Gotta Jazz.mp3","Kruder & Dorfmeister\The K&D Sessions Disc 1\08 Gotta Jazz.mp3","file:///C:/Users/phseamar/OneDrive - Microsoft/Documents/Music/Kruder & Dorfmeister/The K&D Sessions Disc 1/08 Gotta Jazz.mp3","Kruder & Dorfmeister","08 Gotta Jazz","The K&D Sessions Disc 1","Jazz","","Unknown","332","5.5","5:32","93","6.99","Medium (70-99)","Low","Long (Over 5 min)","Kruder & Dorfmeister\The K&D Sessions Disc 1","546","False","0","","0","",""
"10 Trans Fatty Acid.mp3","C:\Users\phseamar\OneDrive - Microsoft\Documents\Music\Kruder & Dorfmeister\The K&D Sessions Disc 1\10 Trans Fatty Acid.mp3","Kruder & Dorfmeister\The K&D Sessions Disc 1\10 Trans Fatty Acid.mp3","file:///C:/Users/phseamar/OneDrive - Microsoft/Documents/Music/Kruder & Dorfmeister/The K&D Sessions Disc 1/10 Trans Fatty Acid.mp3","Kruder & Dorfmeister","10 Trans Fatty Acid","The K&D Sessions Disc 1","Unknown","","Unknown","513","8.6","8:33","103","11.1","Upbeat (100-129)","Medium","Long (Over 5 min)","Kruder & Dorfmeister\The K&D Sessions Disc 1","548","False","0","","0","",""
"01 Vavoom!.mp3","C:\Users\phseamar\OneDrive - Microsoft\Documents\Music\Man with No Name\Earth Moving the Sun\01 Vavoom!.mp3","Man with No Name\Earth Moving the Sun\01 Vavoom!.mp3","file:///C:/Users/phseamar/OneDrive - Microsoft/Documents/Music/Man with No Name/Earth Moving the Sun/01 Vavoom!.mp3","Man with No Name","01 Vavoom!","Earth Moving the Sun","Unknown","","Unknown","431","7.2","7:11","104","11.04","Upbeat (100-129)","Medium","Long (Over 5 min)","Man with No Name\Earth Moving the Sun","549","False","0","","0","",""
"03 Camouflage.mp3","C:\Users\phseamar\OneDrive - Microsoft\Documents\Music\Man with No Name\Earth Moving the Sun\03 Camouflage.mp3","Man with No Name\Earth Moving the Sun\03 Camouflage.mp3","file:///C:/Users/phseamar/OneDrive - Microsoft/Documents/Music/Man with No Name/Earth Moving the Sun/03 Camouflage.mp3","Man with No Name","03 Camouflage","Earth Moving the Sun","Unknown","","Unknown","138","2.3","2:18","101","3.06","Upbeat (100-129)","Medium","Short (Under 3 min)","Man with No Name\Earth Moving the Sun","551","False","0","","0","",""
"04 Own The World.mp3","C:\Users\phseamar\OneDrive - Microsoft\Documents\Music\Man with No Name\Earth Moving the Sun\04 Own The World.mp3","Man with No Name\Earth Moving the Sun\04 Own The World.mp3","file:///C:/Users/phseamar/OneDrive - Microsoft/Documents/Music/Man with No Name/Earth Moving the Sun/04 Own The World.mp3","Man with No Name","04 Own The World","Earth Moving the Sun","Unknown","","Unknown","436","7.3","7:16","106","11.32","Upbeat (100-129)","Medium","Long (Over 5 min)","Man with No Name\Earth Moving the Sun","552","False","0","","0","",""
"05 The First Day (Horizon).mp3","C:\Users\phseamar\OneDrive - Microsoft\Documents\Music\Man with No Name\Earth Moving the Sun\05 The First Day (Horizon).mp3","Man with No Name\Earth Moving the Sun\05 The First Day (Horizon).mp3","file:///C:/Users/phseamar/OneDrive - Microsoft/Documents/Music/Man with No Name/Earth Moving the Sun/05 The First Day (Horizon).mp3","Man with No Name","05 The First Day (Horizon)","Earth Moving the Sun","Unknown","","Unknown","368","6.1","6:08","115","9.38","Upbeat (100-129)","Medium","Long (Over 5 min)","Man with No Name\Earth Moving the Sun","553","False","0","","0","",""
"06 Treacle.mp3","C:\Users\phseamar\OneDrive - Microsoft\Documents\Music\Man with No Name\Earth Moving the Sun\06 Treacle.mp3","Man with No Name\Earth Moving the Sun\06 Treacle.mp3","file:///C:/Users/phseamar/OneDrive - Microsoft/Documents/Music/Man with No Name/Earth Moving the Sun/06 Treacle.mp3","Man with No Name","06 Treacle","Earth Moving the Sun","Unknown","","Unknown","400","6.7","6:40","108","10.16","Upbeat (100-129)","Medium","Long (Over 5 min)","Man with No Name\Earth Moving the Sun","554","False","0","","0","",""
"07 Possessed.mp3","C:\Users\phseamar\OneDrive - Microsoft\Documents\Music\Man with No Name\Earth Moving the Sun\07 Possessed.mp3","Man with No Name\Earth Moving the Sun\07 Possessed.mp3","file:///C:/Users/phseamar/OneDrive - Microsoft/Documents/Music/Man with No Name/Earth Moving the Sun/07 Possessed.mp3","Man with No Name","07 Possessed","Earth Moving the Sun","Unknown","","Unknown","392","6.5","6:32","101","10.8","Upbeat (100-129)","Medium","Long (Over 5 min)","Man with No Name\Earth Moving the Sun","555","False","0","","0","",""
"08 Parallel Universe.mp3","C:\Users\phseamar\OneDrive - Microsoft\Documents\Music\Man with No Name\Earth Moving the Sun\08 Parallel Universe.mp3","Man with No Name\Earth Moving the Sun\08 Parallel Universe.mp3","file:///C:/Users/phseamar/OneDrive - Microsoft/Documents/Music/Man with No Name/Earth Moving the Sun/08 Parallel Universe.mp3","Man with No Name","08 Parallel Universe","Earth Moving the Sun","Unknown","","Unknown","471","7.8","7:51","113","12.35","Upbeat (100-129)","Medium","Long (Over 5 min)","Man with No Name\Earth Moving the Sun","556","False","0","","0","",""
"09 Spaghettification.mp3","C:\Users\phseamar\OneDrive - Microsoft\Documents\Music\Man with No Name\Earth Moving the Sun\09 Spaghettification.mp3","Man with No Name\Earth Moving the Sun\09 Spaghettification.mp3","file:///C:/Users/phseamar/OneDrive - Microsoft/Documents/Music/Man with No Name/Earth Moving the Sun/09 Spaghettification.mp3","Man with No Name","09 Spaghettification","Earth Moving the Sun","Unknown","","Unknown","95","1.6","1:35","118","2.14","Upbeat (100-129)","Medium","Short (Under 3 min)","Man with No Name\Earth Moving the Sun","557","False","0","","0","",""
"10 Tarantula.mp3","C:\Users\phseamar\OneDrive - Microsoft\Documents\Music\Man with No Name\Earth Moving the Sun\10 Tarantula.mp3","Man with No Name\Earth Moving the Sun\10 Tarantula.mp3","file:///C:/Users/phseamar/OneDrive - Microsoft/Documents/Music/Man with No Name/Earth Moving the Sun/10 Tarantula.mp3","Man with No Name","10 Tarantula","Earth Moving the Sun","Unknown","","Unknown","510","8.5","8:30","98","13.72","Medium (70-99)","Medium","Long (Over 5 min)","Man with No Name\Earth Moving the Sun","558","False","0","","0","",""
"11 The Breech.mp3","C:\Users\phseamar\OneDrive - Microsoft\Documents\Music\Man with No Name\Earth Moving the Sun\11 The Breech.mp3","Man with No Name\Earth Moving the Sun\11 The Breech.mp3","file:///C:/Users/phseamar/OneDrive - Microsoft/Documents/Music/Man with No Name/Earth Moving the Sun/11 The Breech.mp3","Man with No Name","11 The Breech","Earth Moving the Sun","Unknown","","Unknown","392","6.5","6:32","92","10.85","Medium (70-99)","Medium","Long (Over 5 min)","Man with No Name\Earth Moving the Sun","559","False","0","","0","",""
"01 Track 1.mp3","C:\Users\phseamar\OneDrive - Microsoft\Documents\Music\Mark' Oh\Never Stop That Feeling\01 Track 1.mp3","Mark' Oh\Never Stop That Feeling\01 Track 1.mp3","file:///C:/Users/phseamar/OneDrive - Microsoft/Documents/Music/Mark' Oh/Never Stop That Feeling/01 Track 1.mp3","Mark' Oh","01 Track 1","Never Stop That Feeling","Pop","","Unknown","84","1.4","1:24","115","1.81","Upbeat (100-129)","Medium","Short (Under 3 min)","Mark' Oh\Never Stop That Feeling","560","False","0","","0","",""
"02 Love Song.mp3","C:\Users\phseamar\OneDrive - Microsoft\Documents\Music\Mark' Oh\Never Stop That Feeling\02 Love Song.mp3","Mark' Oh\Never Stop That Feeling\02 Love Song.mp3","file:///C:/Users/phseamar/OneDrive - Microsoft/Documents/Music/Mark' Oh/Never Stop That Feeling/02 Love Song.mp3","Mark' Oh","02 Love Song","Never Stop That Feeling","Pop","","Unknown","312","5.2","5:12","117","6.92","Upbeat (100-129)","Medium","Long (Over 5 min)","Mark' Oh\Never Stop That Feeling","561","False","0","","0","",""
"03 Dreaming of you.mp3","C:\Users\phseamar\OneDrive - Microsoft\Documents\Music\Mark' Oh\Never Stop That Feeling\03 Dreaming of you.mp3","Mark' Oh\Never Stop That Feeling\03 Dreaming of you.mp3","file:///C:/Users/phseamar/OneDrive - Microsoft/Documents/Music/Mark' Oh/Never Stop That Feeling/03 Dreaming of you.mp3","Mark' Oh","03 Dreaming of you","Never Stop That Feeling","Pop","","Unknown","330","5.5","5:30","101","6.67","Upbeat (100-129)","Medium","Long (Over 5 min)","Mark' Oh\Never Stop That Feeling","562","False","0","","0","",""
"04 Tears Don't Lie (Long Version).mp3","C:\Users\phseamar\OneDrive - Microsoft\Documents\Music\Mark' Oh\Never Stop That Feeling\04 Tears Don't Lie (Long Version).mp3","Mark' Oh\Never Stop That Feeling\04 Tears Don't Lie (Long Version).mp3","file:///C:/Users/phseamar/OneDrive - Microsoft/Documents/Music/Mark' Oh/Never Stop That Feeling/04 Tears Don't Lie (Long Version).mp3","Mark' Oh","04 Tears Don't Lie (Long Version)","Never Stop That Feeling","Pop","","Unknown","303","5","5:03","107","7.61","Upbeat (100-129)","Medium","Long (Over 5 min)","Mark' Oh\Never Stop That Feeling","563","False","0","","0","",""
"05 You want more-.mp3","C:\Users\phseamar\OneDrive - Microsoft\Documents\Music\Mark' Oh\Never Stop That Feeling\05 You want more-.mp3","Mark' Oh\Never Stop That Feeling\05 You want more-.mp3","file:///C:/Users/phseamar/OneDrive - Microsoft/Documents/Music/Mark' Oh/Never Stop That Feeling/05 You want more-.mp3","Mark' Oh","05 You want more-","Never Stop That Feeling","Pop","","Unknown","242","4","4:02","110","4.84","Upbeat (100-129)","Medium","Medium (3-5 min)","Mark' Oh\Never Stop That Feeling","564","False","0","","0","",""
"06 Let's Do It Again.mp3","C:\Users\phseamar\OneDrive - Microsoft\Documents\Music\Mark' Oh\Never Stop That Feeling\06 Let's Do It Again.mp3","Mark' Oh\Never Stop That Feeling\06 Let's Do It Again.mp3","file:///C:/Users/phseamar/OneDrive - Microsoft/Documents/Music/Mark' Oh/Never Stop That Feeling/06 Let's Do It Again.mp3","Mark' Oh","06 Let's Do It Again","Never Stop That Feeling","Pop","","Unknown","247","4.1","4:07","112","5.12","Upbeat (100-129)","Medium","Medium (3-5 min)","Mark' Oh\Never Stop That Feeling","565","False","0","","0","",""
"07 Can You Feel The Rhythm-.mp3","C:\Users\phseamar\OneDrive - Microsoft\Documents\Music\Mark' Oh\Never Stop That Feeling\07 Can You Feel The Rhythm-.mp3","Mark' Oh\Never Stop That Feeling\07 Can You Feel The Rhythm-.mp3","file:///C:/Users/phseamar/OneDrive - Microsoft/Documents/Music/Mark' Oh/Never Stop That Feeling/07 Can You Feel The Rhythm-.mp3","Mark' Oh","07 Can You Feel The Rhythm-","Never Stop That Feeling","Pop","","Unknown","283","4.7","4:43","109","7.31","Upbeat (100-129)","Medium","Medium (3-5 min)","Mark' Oh\Never Stop That Feeling","566","False","0","","0","",""
"08 Friendship.mp3","C:\Users\phseamar\OneDrive - Microsoft\Documents\Music\Mark' Oh\Never Stop That Feeling\08 Friendship.mp3","Mark' Oh\Never Stop That Feeling\08 Friendship.mp3","file:///C:/Users/phseamar/OneDrive - Microsoft/Documents/Music/Mark' Oh/Never Stop That Feeling/08 Friendship.mp3","Mark' Oh","08 Friendship","Never Stop That Feeling","Hip Hop","","Unknown","274","4.6","4:34","83","6.03","Medium (70-99)","Medium","Medium (3-5 min)","Mark' Oh\Never Stop That Feeling","567","False","0","","0","",""
"09 How Do I Love You-.mp3","C:\Users\phseamar\OneDrive - Microsoft\Documents\Music\Mark' Oh\Never Stop That Feeling\09 How Do I Love You-.mp3","Mark' Oh\Never Stop That Feeling\09 How Do I Love You-.mp3","file:///C:/Users/phseamar/OneDrive - Microsoft/Documents/Music/Mark' Oh/Never Stop That Feeling/09 How Do I Love You-.mp3","Mark' Oh","09 How Do I Love You-","Never Stop That Feeling","Pop","","Unknown","272","4.5","4:32","107","5.54","Upbeat (100-129)","Medium","Medium (3-5 min)","Mark' Oh\Never Stop That Feeling","568","False","0","","0","",""
"10 Randy.mp3","C:\Users\phseamar\OneDrive - Microsoft\Documents\Music\Mark' Oh\Never Stop That Feeling\10 Randy.mp3","Mark' Oh\Never Stop That Feeling\10 Randy.mp3","file:///C:/Users/phseamar/OneDrive - Microsoft/Documents/Music/Mark' Oh/Never Stop That Feeling/10 Randy.mp3","Mark' Oh","10 Randy","Never Stop That Feeling","Pop","","Unknown","299","5","4:59","114","6.74","Upbeat (100-129)","Medium","Medium (3-5 min)","Mark' Oh\Never Stop That Feeling","569","False","0","","0","",""
"01 So What.mp3","C:\Users\phseamar\OneDrive - Microsoft\Documents\Music\Miles Davis\Kind of Blue\01 So What.mp3","Miles Davis\Kind of Blue\01 So What.mp3","file:///C:/Users/phseamar/OneDrive - Microsoft/Documents/Music/Miles Davis/Kind of Blue/01 So What.mp3","Miles Davis","01 So What","Kind of Blue","Unknown","","Unknown","565","9.4","9:25","118","13.8","Upbeat (100-129)","Medium","Long (Over 5 min)","Miles Davis\Kind of Blue","580","False","0","","0","",""
"02 Freddie Freeloader.mp3","C:\Users\phseamar\OneDrive - Microsoft\Documents\Music\Miles Davis\Kind of Blue\02 Freddie Freeloader.mp3","Miles Davis\Kind of Blue\02 Freddie Freeloader.mp3","file:///C:/Users/phseamar/OneDrive - Microsoft/Documents/Music/Miles Davis/Kind of Blue/02 Freddie Freeloader.mp3","Miles Davis","02 Freddie Freeloader","Kind of Blue","Unknown","","Unknown","589","9.8","9:49","119","14.36","Upbeat (100-129)","Medium","Long (Over 5 min)","Miles Davis\Kind of Blue","581","False","0","","0","",""
"03 Blue in Green.mp3","C:\Users\phseamar\OneDrive - Microsoft\Documents\Music\Miles Davis\Kind of Blue\03 Blue in Green.mp3","Miles Davis\Kind of Blue\03 Blue in Green.mp3","file:///C:/Users/phseamar/OneDrive - Microsoft/Documents/Music/Miles Davis/Kind of Blue/03 Blue in Green.mp3","Miles Davis","03 Blue in Green","Kind of Blue","Unknown","","Unknown","337","5.6","5:37","93","7.46","Medium (70-99)","Medium","Long (Over 5 min)","Miles Davis\Kind of Blue","582","False","0","","0","",""
"04 All Blues.mp3","C:\Users\phseamar\OneDrive - Microsoft\Documents\Music\Miles Davis\Kind of Blue\04 All Blues.mp3","Miles Davis\Kind of Blue\04 All Blues.mp3","file:///C:/Users/phseamar/OneDrive - Microsoft/Documents/Music/Miles Davis/Kind of Blue/04 All Blues.mp3","Miles Davis","04 All Blues","Kind of Blue","Jazz","","Unknown","695","11.6","11:35","110","17.32","Upbeat (100-129)","Low","Long (Over 5 min)","Miles Davis\Kind of Blue","583","False","0","","0","",""
"05 Flamenco Sketches.mp3","C:\Users\phseamar\OneDrive - Microsoft\Documents\Music\Miles Davis\Kind of Blue\05 Flamenco Sketches.mp3","Miles Davis\Kind of Blue\05 Flamenco Sketches.mp3","file:///C:/Users/phseamar/OneDrive - Microsoft/Documents/Music/Miles Davis/Kind of Blue/05 Flamenco Sketches.mp3","Miles Davis","05 Flamenco Sketches","Kind of Blue","Unknown","","Unknown","566","9.4","9:26","113","12.58","Upbeat (100-129)","Medium","Long (Over 5 min)","Miles Davis\Kind of Blue","584","False","0","","0","",""
"01 Deception.mp3","C:\Users\phseamar\OneDrive - Microsoft\Documents\Music\Miles Davis\The Great Miles Davis\01 Deception.mp3","Miles Davis\The Great Miles Davis\01 Deception.mp3","file:///C:/Users/phseamar/OneDrive - Microsoft/Documents/Music/Miles Davis/The Great Miles Davis/01 Deception.mp3","Miles Davis","01 Deception","The Great Miles Davis","Unknown","","Unknown","169","2.8","2:49","114","2.33","Upbeat (100-129)","Medium","Short (Under 3 min)","Miles Davis\The Great Miles Davis","586","False","0","","0","",""
"02 Moon Dreams.mp3","C:\Users\phseamar\OneDrive - Microsoft\Documents\Music\Miles Davis\The Great Miles Davis\02 Moon Dreams.mp3","Miles Davis\The Great Miles Davis\02 Moon Dreams.mp3","file:///C:/Users/phseamar/OneDrive - Microsoft/Documents/Music/Miles Davis/The Great Miles Davis/02 Moon Dreams.mp3","Miles Davis","02 Moon Dreams","The Great Miles Davis","Unknown","","Unknown","200","3.3","3:20","98","2.62","Medium (70-99)","Medium","Medium (3-5 min)","Miles Davis\The Great Miles Davis","587","False","0","","0","",""
"03 Rocker.mp3","C:\Users\phseamar\OneDrive - Microsoft\Documents\Music\Miles Davis\The Great Miles Davis\03 Rocker.mp3","Miles Davis\The Great Miles Davis\03 Rocker.mp3","file:///C:/Users/phseamar/OneDrive - Microsoft/Documents/Music/Miles Davis/The Great Miles Davis/03 Rocker.mp3","Miles Davis","03 Rocker","The Great Miles Davis","Rock","","Unknown","186","3.1","3:06","124","2.61","Upbeat (100-129)","High","Medium (3-5 min)","Miles Davis\The Great Miles Davis","588","False","0","","0","",""
"04 Conception.mp3","C:\Users\phseamar\OneDrive - Microsoft\Documents\Music\Miles Davis\The Great Miles Davis\04 Conception.mp3","Miles Davis\The Great Miles Davis\04 Conception.mp3","file:///C:/Users/phseamar/OneDrive - Microsoft/Documents/Music/Miles Davis/The Great Miles Davis/04 Conception.mp3","Miles Davis","04 Conception","The Great Miles Davis","Unknown","","Unknown","249","4.2","4:09","97","3.62","Medium (70-99)","Medium","Medium (3-5 min)","Miles Davis\The Great Miles Davis","589","False","0","","0","",""
"05 Max is Making Wax.mp3","C:\Users\phseamar\OneDrive - Microsoft\Documents\Music\Miles Davis\The Great Miles Davis\05 Max is Making Wax.mp3","Miles Davis\The Great Miles Davis\05 Max is Making Wax.mp3","file:///C:/Users/phseamar/OneDrive - Microsoft/Documents/Music/Miles Davis/The Great Miles Davis/05 Max is Making Wax.mp3","Miles Davis","05 Max is Making Wax","The Great Miles Davis","Unknown","","Unknown","242","4","4:02","116","3.43","Upbeat (100-129)","Medium","Medium (3-5 min)","Miles Davis\The Great Miles Davis","590","False","0","","0","",""
"06 Woody'n'you.mp3","C:\Users\phseamar\OneDrive - Microsoft\Documents\Music\Miles Davis\The Great Miles Davis\06 Woody'n'you.mp3","Miles Davis\The Great Miles Davis\06 Woody'n'you.mp3","file:///C:/Users/phseamar/OneDrive - Microsoft/Documents/Music/Miles Davis/The Great Miles Davis/06 Woody'n'you.mp3","Miles Davis","06 Woody'n'you","The Great Miles Davis","Unknown","","Unknown","343","5.7","5:43","112","4.97","Upbeat (100-129)","Medium","Long (Over 5 min)","Miles Davis\The Great Miles Davis","591","False","0","","0","",""
"07 Boplicity.mp3","C:\Users\phseamar\OneDrive - Microsoft\Documents\Music\Miles Davis\The Great Miles Davis\07 Boplicity.mp3","Miles Davis\The Great Miles Davis\07 Boplicity.mp3","file:///C:/Users/phseamar/OneDrive - Microsoft/Documents/Music/Miles Davis/The Great Miles Davis/07 Boplicity.mp3","Miles Davis","07 Boplicity","The Great Miles Davis","Unknown","","Unknown","181","3","3:01","118","2.4","Upbeat (100-129)","Medium","Medium (3-5 min)","Miles Davis\The Great Miles Davis","592","False","0","","0","",""
"08 Godchild.mp3","C:\Users\phseamar\OneDrive - Microsoft\Documents\Music\Miles Davis\The Great Miles Davis\08 Godchild.mp3","Miles Davis\The Great Miles Davis\08 Godchild.mp3","file:///C:/Users/phseamar/OneDrive - Microsoft/Documents/Music/Miles Davis/The Great Miles Davis/08 Godchild.mp3","Miles Davis","08 Godchild","The Great Miles Davis","Unknown","","Unknown","189","3.2","3:09","99","2.74","Medium (70-99)","Medium","Medium (3-5 min)","Miles Davis\The Great Miles Davis","593","False","0","","0","",""
"09 Israel.mp3","C:\Users\phseamar\OneDrive - Microsoft\Documents\Music\Miles Davis\The Great Miles Davis\09 Israel.mp3","Miles Davis\The Great Miles Davis\09 Israel.mp3","file:///C:/Users/phseamar/OneDrive - Microsoft/Documents/Music/Miles Davis/The Great Miles Davis/09 Israel.mp3","Miles Davis","09 Israel","The Great Miles Davis","Unknown","","Unknown","137","2.3","2:17","111","1.8","Upbeat (100-129)","Medium","Short (Under 3 min)","Miles Davis\The Great Miles Davis","594","False","0","","0","",""
"10 Rouge.mp3","C:\Users\phseamar\OneDrive - Microsoft\Documents\Music\Miles Davis\The Great Miles Davis\10 Rouge.mp3","Miles Davis\The Great Miles Davis\10 Rouge.mp3","file:///C:/Users/phseamar/OneDrive - Microsoft/Documents/Music/Miles Davis/The Great Miles Davis/10 Rouge.mp3","Miles Davis","10 Rouge","The Great Miles Davis","Unknown","","Unknown","194","3.2","3:14","110","2.61","Upbeat (100-129)","Medium","Medium (3-5 min)","Miles Davis\The Great Miles Davis","595","False","0","","0","",""
"11 Venus de Milo.mp3","C:\Users\phseamar\OneDrive - Microsoft\Documents\Music\Miles Davis\The Great Miles Davis\11 Venus de Milo.mp3","Miles Davis\The Great Miles Davis\11 Venus de Milo.mp3","file:///C:/Users/phseamar/OneDrive - Microsoft/Documents/Music/Miles Davis/The Great Miles Davis/11 Venus de Milo.mp3","Miles Davis","11 Venus de Milo","The Great Miles Davis","Unknown","","Unknown","191","3.2","3:11","106","2.68","Upbeat (100-129)","Medium","Medium (3-5 min)","Miles Davis\The Great Miles Davis","596","False","0","","0","",""
"12 The Squirrel.mp3","C:\Users\phseamar\OneDrive - Microsoft\Documents\Music\Miles Davis\The Great Miles Davis\12 The Squirrel.mp3","Miles Davis\The Great Miles Davis\12 The Squirrel.mp3","file:///C:/Users/phseamar/OneDrive - Microsoft/Documents/Music/Miles Davis/The Great Miles Davis/12 The Squirrel.mp3","Miles Davis","12 The Squirrel","The Great Miles Davis","Unknown","","Unknown","221","3.7","3:41","103","3.21","Upbeat (100-129)","Medium","Medium (3-5 min)","Miles Davis\The Great Miles Davis","597","False","0","","0","",""
"13 Budo.mp3","C:\Users\phseamar\OneDrive - Microsoft\Documents\Music\Miles Davis\The Great Miles Davis\13 Budo.mp3","Miles Davis\The Great Miles Davis\13 Budo.mp3","file:///C:/Users/phseamar/OneDrive - Microsoft/Documents/Music/Miles Davis/The Great Miles Davis/13 Budo.mp3","Miles Davis","13 Budo","The Great Miles Davis","Unknown","","Unknown","154","2.6","2:34","91","2.06","Medium (70-99)","Medium","Short (Under 3 min)","Miles Davis\The Great Miles Davis","598","False","0","","0","",""
"14 Jeru.mp3","C:\Users\phseamar\OneDrive - Microsoft\Documents\Music\Miles Davis\The Great Miles Davis\14 Jeru.mp3","Miles Davis\The Great Miles Davis\14 Jeru.mp3","file:///C:/Users/phseamar/OneDrive - Microsoft/Documents/Music/Miles Davis/The Great Miles Davis/14 Jeru.mp3","Miles Davis","14 Jeru","The Great Miles Davis","Unknown","","Unknown","192","3.2","3:12","98","2.62","Medium (70-99)","Medium","Medium (3-5 min)","Miles Davis\The Great Miles Davis","599","False","0","","0","",""
"15 Move.mp3","C:\Users\phseamar\OneDrive - Microsoft\Documents\Music\Miles Davis\The Great Miles Davis\15 Move.mp3","Miles Davis\The Great Miles Davis\15 Move.mp3","file:///C:/Users/phseamar/OneDrive - Microsoft/Documents/Music/Miles Davis/The Great Miles Davis/15 Move.mp3","Miles Davis","15 Move","The Great Miles Davis","Unknown","","Unknown","154","2.6","2:34","104","2.05","Upbeat (100-129)","Medium","Short (Under 3 min)","Miles Davis\The Great Miles Davis","600","False","0","","0","",""
"16 Merry-Go-Round.mp3","C:\Users\phseamar\OneDrive - Microsoft\Documents\Music\Miles Davis\The Great Miles Davis\16 Merry-Go-Round.mp3","Miles Davis\The Great Miles Davis\16 Merry-Go-Round.mp3","file:///C:/Users/phseamar/OneDrive - Microsoft/Documents/Music/Miles Davis/The Great Miles Davis/16 Merry-Go-Round.mp3","16 Merry","Go-Round","The Great Miles Davis","Unknown","","Unknown","140","2.3","2:20","110","1.91","Upbeat (100-129)","Medium","Short (Under 3 min)","Miles Davis\The Great Miles Davis","601","False","0","","0","",""
"17 Perhaps.mp3","C:\Users\phseamar\OneDrive - Microsoft\Documents\Music\Miles Davis\The Great Miles Davis\17 Perhaps.mp3","Miles Davis\The Great Miles Davis\17 Perhaps.mp3","file:///C:/Users/phseamar/OneDrive - Microsoft/Documents/Music/Miles Davis/The Great Miles Davis/17 Perhaps.mp3","Miles Davis","17 Perhaps","The Great Miles Davis","Unknown","","Unknown","155","2.6","2:35","97","3.29","Medium (70-99)","Medium","Short (Under 3 min)","Miles Davis\The Great Miles Davis","602","False","0","","0","",""
"18 Marmaduke.mp3","C:\Users\phseamar\OneDrive - Microsoft\Documents\Music\Miles Davis\The Great Miles Davis\18 Marmaduke.mp3","Miles Davis\The Great Miles Davis\18 Marmaduke.mp3","file:///C:/Users/phseamar/OneDrive - Microsoft/Documents/Music/Miles Davis/The Great Miles Davis/18 Marmaduke.mp3","Miles Davis","18 Marmaduke","The Great Miles Davis","Unknown","","Unknown","162","2.7","2:42","98","3.34","Medium (70-99)","Medium","Short (Under 3 min)","Miles Davis\The Great Miles Davis","603","False","0","","0","",""
"01 Steeplechase`.mp3","C:\Users\phseamar\OneDrive - Microsoft\Documents\Music\Miles Davis\The Great Miles Davis Disc 2\01 Steeplechase`.mp3","Miles Davis\The Great Miles Davis Disc 2\01 Steeplechase`.mp3","file:///C:/Users/phseamar/OneDrive - Microsoft/Documents/Music/Miles Davis/The Great Miles Davis Disc 2/01 Steeplechase`.mp3","Miles Davis","01 Steeplechase`","The Great Miles Davis Disc 2","Unknown","","Unknown","187","3.1","3:07","96","2.53","Medium (70-99)","Medium","Medium (3-5 min)","Miles Davis\The Great Miles Davis Disc 2","604","False","0","","0","",""
"02 Ah-Leu-Cha.mp3","C:\Users\phseamar\OneDrive - Microsoft\Documents\Music\Miles Davis\The Great Miles Davis Disc 2\02 Ah-Leu-Cha.mp3","Miles Davis\The Great Miles Davis Disc 2\02 Ah-Leu-Cha.mp3","file:///C:/Users/phseamar/OneDrive - Microsoft/Documents/Music/Miles Davis/The Great Miles Davis Disc 2/02 Ah-Leu-Cha.mp3","02 Ah","Leu-Cha","The Great Miles Davis Disc 2","Unknown","","Unknown","173","2.9","2:53","100","3.19","Upbeat (100-129)","Medium","Short (Under 3 min)","Miles Davis\The Great Miles Davis Disc 2","605","False","0","","0","",""
"03 Constellation.mp3","C:\Users\phseamar\OneDrive - Microsoft\Documents\Music\Miles Davis\The Great Miles Davis Disc 2\03 Constellation.mp3","Miles Davis\The Great Miles Davis Disc 2\03 Constellation.mp3","file:///C:/Users/phseamar/OneDrive - Microsoft/Documents/Music/Miles Davis/The Great Miles Davis Disc 2/03 Constellation.mp3","Miles Davis","03 Constellation","The Great Miles Davis Disc 2","Unknown","","Unknown","147","2.4","2:27","93","3","Medium (70-99)","Medium","Short (Under 3 min)","Miles Davis\The Great Miles Davis Disc 2","606","False","0","","0","",""
"04 Another Hair-Do.mp3","C:\Users\phseamar\OneDrive - Microsoft\Documents\Music\Miles Davis\The Great Miles Davis Disc 2\04 Another Hair-Do.mp3","Miles Davis\The Great Miles Davis Disc 2\04 Another Hair-Do.mp3","file:///C:/Users/phseamar/OneDrive - Microsoft/Documents/Music/Miles Davis/The Great Miles Davis Disc 2/04 Another Hair-Do.mp3","04 Another Hair","Do","The Great Miles Davis Disc 2","Unknown","","Unknown","160","2.7","2:40","115","1.95","Upbeat (100-129)","Medium","Short (Under 3 min)","Miles Davis\The Great Miles Davis Disc 2","607","False","0","","0","",""
"05 Bird Gets The Worm.mp3","C:\Users\phseamar\OneDrive - Microsoft\Documents\Music\Miles Davis\The Great Miles Davis Disc 2\05 Bird Gets The Worm.mp3","Miles Davis\The Great Miles Davis Disc 2\05 Bird Gets The Worm.mp3","file:///C:/Users/phseamar/OneDrive - Microsoft/Documents/Music/Miles Davis/The Great Miles Davis Disc 2/05 Bird Gets The Worm.mp3","Miles Davis","05 Bird Gets The Worm","The Great Miles Davis Disc 2","Unknown","","Unknown","158","2.6","2:38","113","2.04","Upbeat (100-129)","Medium","Short (Under 3 min)","Miles Davis\The Great Miles Davis Disc 2","608","False","0","","0","",""
"06 Bluebird.mp3","C:\Users\phseamar\OneDrive - Microsoft\Documents\Music\Miles Davis\The Great Miles Davis Disc 2\06 Bluebird.mp3","Miles Davis\The Great Miles Davis Disc 2\06 Bluebird.mp3","file:///C:/Users/phseamar/OneDrive - Microsoft/Documents/Music/Miles Davis/The Great Miles Davis Disc 2/06 Bluebird.mp3","Miles Davis","06 Bluebird","The Great Miles Davis Disc 2","Unknown","","Unknown","175","2.9","2:55","116","2.42","Upbeat (100-129)","Medium","Short (Under 3 min)","Miles Davis\The Great Miles Davis Disc 2","609","False","0","","0","",""
"07 Charlie's Wig.mp3","C:\Users\phseamar\OneDrive - Microsoft\Documents\Music\Miles Davis\The Great Miles Davis Disc 2\07 Charlie's Wig.mp3","Miles Davis\The Great Miles Davis Disc 2\07 Charlie's Wig.mp3","file:///C:/Users/phseamar/OneDrive - Microsoft/Documents/Music/Miles Davis/The Great Miles Davis Disc 2/07 Charlie's Wig.mp3","Miles Davis","07 Charlie's Wig","The Great Miles Davis Disc 2","Unknown","","Unknown","158","2.6","2:38","95","2.82","Medium (70-99)","Medium","Short (Under 3 min)","Miles Davis\The Great Miles Davis Disc 2","610","False","0","","0","",""
"08 Crazeology.mp3","C:\Users\phseamar\OneDrive - Microsoft\Documents\Music\Miles Davis\The Great Miles Davis Disc 2\08 Crazeology.mp3","Miles Davis\The Great Miles Davis Disc 2\08 Crazeology.mp3","file:///C:/Users/phseamar/OneDrive - Microsoft/Documents/Music/Miles Davis/The Great Miles Davis Disc 2/08 Crazeology.mp3","Miles Davis","08 Crazeology","The Great Miles Davis Disc 2","Unknown","","Unknown","180","3","3:00","102","3.26","Upbeat (100-129)","Medium","Medium (3-5 min)","Miles Davis\The Great Miles Davis Disc 2","611","False","0","","0","",""
"09 Drifting On a Reed.mp3","C:\Users\phseamar\OneDrive - Microsoft\Documents\Music\Miles Davis\The Great Miles Davis Disc 2\09 Drifting On a Reed.mp3","Miles Davis\The Great Miles Davis Disc 2\09 Drifting On a Reed.mp3","file:///C:/Users/phseamar/OneDrive - Microsoft/Documents/Music/Miles Davis/The Great Miles Davis Disc 2/09 Drifting On a Reed.mp3","Miles Davis","09 Drifting On a Reed","The Great Miles Davis Disc 2","Unknown","","Unknown","173","2.9","2:53","114","3.87","Upbeat (100-129)","Medium","Short (Under 3 min)","Miles Davis\The Great Miles Davis Disc 2","612","False","0","","0","",""
"10 How Deep Is the Ocean.mp3","C:\Users\phseamar\OneDrive - Microsoft\Documents\Music\Miles Davis\The Great Miles Davis Disc 2\10 How Deep Is the Ocean.mp3","Miles Davis\The Great Miles Davis Disc 2\10 How Deep Is the Ocean.mp3","file:///C:/Users/phseamar/OneDrive - Microsoft/Documents/Music/Miles Davis/The Great Miles Davis Disc 2/10 How Deep Is the Ocean.mp3","Miles Davis","10 How Deep Is the Ocean","The Great Miles Davis Disc 2","Unknown","","Unknown","205","3.4","3:25","105","2.47","Upbeat (100-129)","Medium","Medium (3-5 min)","Miles Davis\The Great Miles Davis Disc 2","613","False","0","","0","",""
"11 Quasimodo.mp3","C:\Users\phseamar\OneDrive - Microsoft\Documents\Music\Miles Davis\The Great Miles Davis Disc 2\11 Quasimodo.mp3","Miles Davis\The Great Miles Davis Disc 2\11 Quasimodo.mp3","file:///C:/Users/phseamar/OneDrive - Microsoft/Documents/Music/Miles Davis/The Great Miles Davis Disc 2/11 Quasimodo.mp3","Miles Davis","11 Quasimodo","The Great Miles Davis Disc 2","Unknown","","Unknown","177","3","2:57","118","3.2","Upbeat (100-129)","Medium","Short (Under 3 min)","Miles Davis\The Great Miles Davis Disc 2","614","False","0","","0","",""
"12 Klactoveedsedstene.mp3","C:\Users\phseamar\OneDrive - Microsoft\Documents\Music\Miles Davis\The Great Miles Davis Disc 2\12 Klactoveedsedstene.mp3","Miles Davis\The Great Miles Davis Disc 2\12 Klactoveedsedstene.mp3","file:///C:/Users/phseamar/OneDrive - Microsoft/Documents/Music/Miles Davis/The Great Miles Davis Disc 2/12 Klactoveedsedstene.mp3","Miles Davis","12 Klactoveedsedstene","The Great Miles Davis Disc 2","Unknown","","Unknown","188","3.1","3:08","103","3.69","Upbeat (100-129)","Medium","Medium (3-5 min)","Miles Davis\The Great Miles Davis Disc 2","615","False","0","","0","",""
"13 My Old Flame.mp3","C:\Users\phseamar\OneDrive - Microsoft\Documents\Music\Miles Davis\The Great Miles Davis Disc 2\13 My Old Flame.mp3","Miles Davis\The Great Miles Davis Disc 2\13 My Old Flame.mp3","file:///C:/Users/phseamar/OneDrive - Microsoft/Documents/Music/Miles Davis/The Great Miles Davis Disc 2/13 My Old Flame.mp3","Miles Davis","13 My Old Flame","The Great Miles Davis Disc 2","Unknown","","Unknown","194","3.2","3:14","91","3.53","Medium (70-99)","Medium","Medium (3-5 min)","Miles Davis\The Great Miles Davis Disc 2","616","False","0","","0","",""
"14 Out Of Nowhere.mp3","C:\Users\phseamar\OneDrive - Microsoft\Documents\Music\Miles Davis\The Great Miles Davis Disc 2\14 Out Of Nowhere.mp3","Miles Davis\The Great Miles Davis Disc 2\14 Out Of Nowhere.mp3","file:///C:/Users/phseamar/OneDrive - Microsoft/Documents/Music/Miles Davis/The Great Miles Davis Disc 2/14 Out Of Nowhere.mp3","Miles Davis","14 Out Of Nowhere","The Great Miles Davis Disc 2","Unknown","","Unknown","243","4","4:03","105","3.28","Upbeat (100-129)","Medium","Medium (3-5 min)","Miles Davis\The Great Miles Davis Disc 2","617","False","0","","0","",""
"15 Scrapple From The Apple.mp3","C:\Users\phseamar\OneDrive - Microsoft\Documents\Music\Miles Davis\The Great Miles Davis Disc 2\15 Scrapple From The Apple.mp3","Miles Davis\The Great Miles Davis Disc 2\15 Scrapple From The Apple.mp3","file:///C:/Users/phseamar/OneDrive - Microsoft/Documents/Music/Miles Davis/The Great Miles Davis Disc 2/15 Scrapple From The Apple.mp3","Miles Davis","15 Scrapple From The Apple","The Great Miles Davis Disc 2","Hip Hop","","Unknown","170","2.8","2:50","87","2.33","Medium (70-99)","Medium","Short (Under 3 min)","Miles Davis\The Great Miles Davis Disc 2","618","False","0","","0","",""
"16 Bird Of Paradise.mp3","C:\Users\phseamar\OneDrive - Microsoft\Documents\Music\Miles Davis\The Great Miles Davis Disc 2\16 Bird Of Paradise.mp3","Miles Davis\The Great Miles Davis Disc 2\16 Bird Of Paradise.mp3","file:///C:/Users/phseamar/OneDrive - Microsoft/Documents/Music/Miles Davis/The Great Miles Davis Disc 2/16 Bird Of Paradise.mp3","Miles Davis","16 Bird Of Paradise","The Great Miles Davis Disc 2","Unknown","","Unknown","192","3.2","3:12","114","3.84","Upbeat (100-129)","Medium","Medium (3-5 min)","Miles Davis\The Great Miles Davis Disc 2","619","False","0","","0","",""
"17 Bongo Bop.mp3","C:\Users\phseamar\OneDrive - Microsoft\Documents\Music\Miles Davis\The Great Miles Davis Disc 2\17 Bongo Bop.mp3","Miles Davis\The Great Miles Davis Disc 2\17 Bongo Bop.mp3","file:///C:/Users/phseamar/OneDrive - Microsoft/Documents/Music/Miles Davis/The Great Miles Davis Disc 2/17 Bongo Bop.mp3","Miles Davis","17 Bongo Bop","The Great Miles Davis Disc 2","Unknown","","Unknown","165","2.8","2:45","101","3.4","Upbeat (100-129)","Medium","Short (Under 3 min)","Miles Davis\The Great Miles Davis Disc 2","620","False","0","","0","",""
"18 Dewey Square.mp3","C:\Users\phseamar\OneDrive - Microsoft\Documents\Music\Miles Davis\The Great Miles Davis Disc 2\18 Dewey Square.mp3","Miles Davis\The Great Miles Davis Disc 2\18 Dewey Square.mp3","file:///C:/Users/phseamar/OneDrive - Microsoft/Documents/Music/Miles Davis/The Great Miles Davis Disc 2/18 Dewey Square.mp3","Miles Davis","18 Dewey Square","The Great Miles Davis Disc 2","Unknown","","Unknown","210","3.5","3:30","108","4.54","Upbeat (100-129)","Medium","Medium (3-5 min)","Miles Davis\The Great Miles Davis Disc 2","621","False","0","","0","",""
"01 Dexterity.mp3","C:\Users\phseamar\OneDrive - Microsoft\Documents\Music\Miles Davis\The Great Miles Davis Disc 3\01 Dexterity.mp3","Miles Davis\The Great Miles Davis Disc 3\01 Dexterity.mp3","file:///C:/Users/phseamar/OneDrive - Microsoft/Documents/Music/Miles Davis/The Great Miles Davis Disc 3/01 Dexterity.mp3","Miles Davis","01 Dexterity","The Great Miles Davis Disc 3","Unknown","","Unknown","183","3","3:03","106","3.99","Upbeat (100-129)","Medium","Medium (3-5 min)","Miles Davis\The Great Miles Davis Disc 3","622","False","0","","0","",""
"02 Embraceable You.mp3","C:\Users\phseamar\OneDrive - Microsoft\Documents\Music\Miles Davis\The Great Miles Davis Disc 3\02 Embraceable You.mp3","Miles Davis\The Great Miles Davis Disc 3\02 Embraceable You.mp3","file:///C:/Users/phseamar/OneDrive - Microsoft/Documents/Music/Miles Davis/The Great Miles Davis Disc 3/02 Embraceable You.mp3","Miles Davis","02 Embraceable You","The Great Miles Davis Disc 3","Unknown","","Unknown","202","3.4","3:22","98","3.98","Medium (70-99)","Medium","Medium (3-5 min)","Miles Davis\The Great Miles Davis Disc 3","623","False","0","","0","",""
"03 The Hymn.mp3","C:\Users\phseamar\OneDrive - Microsoft\Documents\Music\Miles Davis\The Great Miles Davis Disc 3\03 The Hymn.mp3","Miles Davis\The Great Miles Davis Disc 3\03 The Hymn.mp3","file:///C:/Users/phseamar/OneDrive - Microsoft/Documents/Music/Miles Davis/The Great Miles Davis Disc 3/03 The Hymn.mp3","Miles Davis","03 The Hymn","The Great Miles Davis Disc 3","Unknown","","Unknown","149","2.5","2:29","95","3.11","Medium (70-99)","Medium","Short (Under 3 min)","Miles Davis\The Great Miles Davis Disc 3","624","False","0","","0","",""
"04 Half Nelson.mp3","C:\Users\phseamar\OneDrive - Microsoft\Documents\Music\Miles Davis\The Great Miles Davis Disc 3\04 Half Nelson.mp3","Miles Davis\The Great Miles Davis Disc 3\04 Half Nelson.mp3","file:///C:/Users/phseamar/OneDrive - Microsoft/Documents/Music/Miles Davis/The Great Miles Davis Disc 3/04 Half Nelson.mp3","Miles Davis","04 Half Nelson","The Great Miles Davis Disc 3","Unknown","","Unknown","166","2.8","2:46","110","2.73","Upbeat (100-129)","Medium","Short (Under 3 min)","Miles Davis\The Great Miles Davis Disc 3","625","False","0","","0","",""
"05 Little Willie Leaps.mp3","C:\Users\phseamar\OneDrive - Microsoft\Documents\Music\Miles Davis\The Great Miles Davis Disc 3\05 Little Willie Leaps.mp3","Miles Davis\The Great Miles Davis Disc 3\05 Little Willie Leaps.mp3","file:///C:/Users/phseamar/OneDrive - Microsoft/Documents/Music/Miles Davis/The Great Miles Davis Disc 3/05 Little Willie Leaps.mp3","Miles Davis","05 Little Willie Leaps","The Great Miles Davis Disc 3","Unknown","","Unknown","173","2.9","2:53","96","3.11","Medium (70-99)","Medium","Short (Under 3 min)","Miles Davis\The Great Miles Davis Disc 3","626","False","0","","0","",""
"06 Milestones.mp3","C:\Users\phseamar\OneDrive - Microsoft\Documents\Music\Miles Davis\The Great Miles Davis Disc 3\06 Milestones.mp3","Miles Davis\The Great Miles Davis Disc 3\06 Milestones.mp3","file:///C:/Users/phseamar/OneDrive - Microsoft/Documents/Music/Miles Davis/The Great Miles Davis Disc 3/06 Milestones.mp3","Miles Davis","06 Milestones","The Great Miles Davis Disc 3","Unknown","","Unknown","157","2.6","2:37","110","2.75","Upbeat (100-129)","Medium","Short (Under 3 min)","Miles Davis\The Great Miles Davis Disc 3","627","False","0","","0","",""
"07 Sippin' At Bells.mp3","C:\Users\phseamar\OneDrive - Microsoft\Documents\Music\Miles Davis\The Great Miles Davis Disc 3\07 Sippin' At Bells.mp3","Miles Davis\The Great Miles Davis Disc 3\07 Sippin' At Bells.mp3","file:///C:/Users/phseamar/OneDrive - Microsoft/Documents/Music/Miles Davis/The Great Miles Davis Disc 3/07 Sippin' At Bells.mp3","Miles Davis","07 Sippin' At Bells","The Great Miles Davis Disc 3","Unknown","","Unknown","144","2.4","2:24","118","2.53","Upbeat (100-129)","Medium","Short (Under 3 min)","Miles Davis\The Great Miles Davis Disc 3","628","False","0","","0","",""
"08 Bean-A-Re-Bop.mp3","C:\Users\phseamar\OneDrive - Microsoft\Documents\Music\Miles Davis\The Great Miles Davis Disc 3\08 Bean-A-Re-Bop.mp3","Miles Davis\The Great Miles Davis Disc 3\08 Bean-A-Re-Bop.mp3","file:///C:/Users/phseamar/OneDrive - Microsoft/Documents/Music/Miles Davis/The Great Miles Davis Disc 3/08 Bean-A-Re-Bop.mp3","08 Bean","A-Re-Bop","The Great Miles Davis Disc 3","Unknown","","Unknown","154","2.6","2:34","94","3.01","Medium (70-99)","Medium","Short (Under 3 min)","Miles Davis\The Great Miles Davis Disc 3","629","False","0","","0","",""
"09 The Way you Look Tonight.mp3","C:\Users\phseamar\OneDrive - Microsoft\Documents\Music\Miles Davis\The Great Miles Davis Disc 3\09 The Way you Look Tonight.mp3","Miles Davis\The Great Miles Davis Disc 3\09 The Way you Look Tonight.mp3","file:///C:/Users/phseamar/OneDrive - Microsoft/Documents/Music/Miles Davis/The Great Miles Davis Disc 3/09 The Way you Look Tonight.mp3","Miles Davis","09 The Way you Look Tonight","The Great Miles Davis Disc 3","Unknown","","Unknown","169","2.8","2:49","108","2.68","Upbeat (100-129)","Medium","Short (Under 3 min)","Miles Davis\The Great Miles Davis Disc 3","630","False","0","","0","",""
"10 Buzzy.mp3","C:\Users\phseamar\OneDrive - Microsoft\Documents\Music\Miles Davis\The Great Miles Davis Disc 3\10 Buzzy.mp3","Miles Davis\The Great Miles Davis Disc 3\10 Buzzy.mp3","file:///C:/Users/phseamar/OneDrive - Microsoft/Documents/Music/Miles Davis/The Great Miles Davis Disc 3/10 Buzzy.mp3","Miles Davis","10 Buzzy","The Great Miles Davis Disc 3","Unknown","","Unknown","151","2.5","2:31","98","2.06","Medium (70-99)","Medium","Short (Under 3 min)","Miles Davis\The Great Miles Davis Disc 3","631","False","0","","0","",""
"11 Cheryl.mp3","C:\Users\phseamar\OneDrive - Microsoft\Documents\Music\Miles Davis\The Great Miles Davis Disc 3\11 Cheryl.mp3","Miles Davis\The Great Miles Davis Disc 3\11 Cheryl.mp3","file:///C:/Users/phseamar/OneDrive - Microsoft/Documents/Music/Miles Davis/The Great Miles Davis Disc 3/11 Cheryl.mp3","Miles Davis","11 Cheryl","The Great Miles Davis Disc 3","Unknown","","Unknown","181","3","3:01","116","2.42","Upbeat (100-129)","Medium","Medium (3-5 min)","Miles Davis\The Great Miles Davis Disc 3","632","False","0","","0","",""
"12 Donna Lee.mp3","C:\Users\phseamar\OneDrive - Microsoft\Documents\Music\Miles Davis\The Great Miles Davis Disc 3\12 Donna Lee.mp3","Miles Davis\The Great Miles Davis Disc 3\12 Donna Lee.mp3","file:///C:/Users/phseamar/OneDrive - Microsoft/Documents/Music/Miles Davis/The Great Miles Davis Disc 3/12 Donna Lee.mp3","Miles Davis","12 Donna Lee","The Great Miles Davis Disc 3","Unknown","","Unknown","181","3","3:01","105","2.84","Upbeat (100-129)","Medium","Medium (3-5 min)","Miles Davis\The Great Miles Davis Disc 3","633","False","0","","0","",""
"13 Moose The Mooche.mp3","C:\Users\phseamar\OneDrive - Microsoft\Documents\Music\Miles Davis\The Great Miles Davis Disc 3\13 Moose The Mooche.mp3","Miles Davis\The Great Miles Davis Disc 3\13 Moose The Mooche.mp3","file:///C:/Users/phseamar/OneDrive - Microsoft/Documents/Music/Miles Davis/The Great Miles Davis Disc 3/13 Moose The Mooche.mp3","Miles Davis","13 Moose The Mooche","The Great Miles Davis Disc 3","Unknown","","Unknown","184","3.1","3:04","112","3.94","Upbeat (100-129)","Medium","Medium (3-5 min)","Miles Davis\The Great Miles Davis Disc 3","634","False","0","","0","",""
"14 Night in Tunisia.mp3","C:\Users\phseamar\OneDrive - Microsoft\Documents\Music\Miles Davis\The Great Miles Davis Disc 3\14 Night in Tunisia.mp3","Miles Davis\The Great Miles Davis Disc 3\14 Night in Tunisia.mp3","file:///C:/Users/phseamar/OneDrive - Microsoft/Documents/Music/Miles Davis/The Great Miles Davis Disc 3/14 Night in Tunisia.mp3","Miles Davis","14 Night in Tunisia","The Great Miles Davis Disc 3","Unknown","","Unknown","176","2.9","2:56","94","2.46","Medium (70-99)","Medium","Short (Under 3 min)","Miles Davis\The Great Miles Davis Disc 3","635","False","0","","0","",""
"15 Ornithology.mp3","C:\Users\phseamar\OneDrive - Microsoft\Documents\Music\Miles Davis\The Great Miles Davis Disc 3\15 Ornithology.mp3","Miles Davis\The Great Miles Davis Disc 3\15 Ornithology.mp3","file:///C:/Users/phseamar/OneDrive - Microsoft/Documents/Music/Miles Davis/The Great Miles Davis Disc 3/15 Ornithology.mp3","Miles Davis","15 Ornithology","The Great Miles Davis Disc 3","Unknown","","Unknown","181","3","3:01","96","3.71","Medium (70-99)","Medium","Medium (3-5 min)","Miles Davis\The Great Miles Davis Disc 3","636","False","0","","0","",""
"16 Yardbird Suite.mp3","C:\Users\phseamar\OneDrive - Microsoft\Documents\Music\Miles Davis\The Great Miles Davis Disc 3\16 Yardbird Suite.mp3","Miles Davis\The Great Miles Davis Disc 3\16 Yardbird Suite.mp3","file:///C:/Users/phseamar/OneDrive - Microsoft/Documents/Music/Miles Davis/The Great Miles Davis Disc 3/16 Yardbird Suite.mp3","Miles Davis","16 Yardbird Suite","The Great Miles Davis Disc 3","Unknown","","Unknown","161","2.7","2:41","107","3.27","Upbeat (100-129)","Medium","Short (Under 3 min)","Miles Davis\The Great Miles Davis Disc 3","637","False","0","","0","",""
"17 Billie's Bounce.mp3","C:\Users\phseamar\OneDrive - Microsoft\Documents\Music\Miles Davis\The Great Miles Davis Disc 3\17 Billie's Bounce.mp3","Miles Davis\The Great Miles Davis Disc 3\17 Billie's Bounce.mp3","file:///C:/Users/phseamar/OneDrive - Microsoft/Documents/Music/Miles Davis/The Great Miles Davis Disc 3/17 Billie's Bounce.mp3","Miles Davis","17 Billie's Bounce","The Great Miles Davis Disc 3","Unknown","","Unknown","189","3.2","3:09","112","4.17","Upbeat (100-129)","Medium","Medium (3-5 min)","Miles Davis\The Great Miles Davis Disc 3","638","False","0","","0","",""
"18 Now's The Time.mp3","C:\Users\phseamar\OneDrive - Microsoft\Documents\Music\Miles Davis\The Great Miles Davis Disc 3\18 Now's The Time.mp3","Miles Davis\The Great Miles Davis Disc 3\18 Now's The Time.mp3","file:///C:/Users/phseamar/OneDrive - Microsoft/Documents/Music/Miles Davis/The Great Miles Davis Disc 3/18 Now's The Time.mp3","Miles Davis","18 Now's The Time","The Great Miles Davis Disc 3","Unknown","","Unknown","202","3.4","3:22","100","2.8","Upbeat (100-129)","Medium","Medium (3-5 min)","Miles Davis\The Great Miles Davis Disc 3","639","False","0","","0","",""
"01 Everybody Loves the Sunshine.mp3","C:\Users\phseamar\OneDrive - Microsoft\Documents\Music\Mr. Scruff\The Big Chill Classics Disc 1\01 Everybody Loves the Sunshine.mp3","Mr. Scruff\The Big Chill Classics Disc 1\01 Everybody Loves the Sunshine.mp3","file:///C:/Users/phseamar/OneDrive - Microsoft/Documents/Music/Mr. Scruff/The Big Chill Classics Disc 1/01 Everybody Loves the Sunshine.mp3","Mr. Scruff","01 Everybody Loves the Sunshine","The Big Chill Classics Disc 1","Unknown","","Unknown","199","3.3","3:19","99","2.71","Medium (70-99)","Medium","Medium (3-5 min)","Mr. Scruff\The Big Chill Classics Disc 1","640","False","0","","0","",""
"02 Getting It On (In the Sunshine).mp3","C:\Users\phseamar\OneDrive - Microsoft\Documents\Music\Mr. Scruff\The Big Chill Classics Disc 1\02 Getting It On (In the Sunshine).mp3","Mr. Scruff\The Big Chill Classics Disc 1\02 Getting It On (In the Sunshine).mp3","file:///C:/Users/phseamar/OneDrive - Microsoft/Documents/Music/Mr. Scruff/The Big Chill Classics Disc 1/02 Getting It On (In the Sunshine).mp3","Mr. Scruff","02 Getting It On (In the Sunshine)","The Big Chill Classics Disc 1","Unknown","","Unknown","180","3","3:00","99","4.08","Medium (70-99)","Medium","Medium (3-5 min)","Mr. Scruff\The Big Chill Classics Disc 1","641","False","0","","0","",""
"03 Summer Brass (The Same Old Same Old).mp3","C:\Users\phseamar\OneDrive - Microsoft\Documents\Music\Mr. Scruff\The Big Chill Classics Disc 1\03 Summer Brass (The Same Old Same Old).mp3","Mr. Scruff\The Big Chill Classics Disc 1\03 Summer Brass (The Same Old Same Old).mp3","file:///C:/Users/phseamar/OneDrive - Microsoft/Documents/Music/Mr. Scruff/The Big Chill Classics Disc 1/03 Summer Brass (The Same Old Same Old).mp3","Mr. Scruff","03 Summer Brass (The Same Old Same Old)","The Big Chill Classics Disc 1","Unknown","","Unknown","287","4.8","4:47","101","6.27","Upbeat (100-129)","Medium","Medium (3-5 min)","Mr. Scruff\The Big Chill Classics Disc 1","642","False","0","","0","",""
"04 Hei! Voce.mp3","C:\Users\phseamar\OneDrive - Microsoft\Documents\Music\Mr. Scruff\The Big Chill Classics Disc 1\04 Hei! Voce.mp3","Mr. Scruff\The Big Chill Classics Disc 1\04 Hei! Voce.mp3","file:///C:/Users/phseamar/OneDrive - Microsoft/Documents/Music/Mr. Scruff/The Big Chill Classics Disc 1/04 Hei! Voce.mp3","Mr. Scruff","04 Hei! Voce","The Big Chill Classics Disc 1","Unknown","","Unknown","152","2.5","2:32","117","4.11","Upbeat (100-129)","Medium","Short (Under 3 min)","Mr. Scruff\The Big Chill Classics Disc 1","643","False","0","","0","",""
"05 Kofi.mp3","C:\Users\phseamar\OneDrive - Microsoft\Documents\Music\Mr. Scruff\The Big Chill Classics Disc 1\05 Kofi.mp3","Mr. Scruff\The Big Chill Classics Disc 1\05 Kofi.mp3","file:///C:/Users/phseamar/OneDrive - Microsoft/Documents/Music/Mr. Scruff/The Big Chill Classics Disc 1/05 Kofi.mp3","Mr. Scruff","05 Kofi","The Big Chill Classics Disc 1","Unknown","","Unknown","465","7.8","7:45","93","11.59","Medium (70-99)","Medium","Long (Over 5 min)","Mr. Scruff\The Big Chill Classics Disc 1","644","False","0","","0","",""
"06 Off and On.mp3","C:\Users\phseamar\OneDrive - Microsoft\Documents\Music\Mr. Scruff\The Big Chill Classics Disc 1\06 Off and On.mp3","Mr. Scruff\The Big Chill Classics Disc 1\06 Off and On.mp3","file:///C:/Users/phseamar/OneDrive - Microsoft/Documents/Music/Mr. Scruff/The Big Chill Classics Disc 1/06 Off and On.mp3","Mr. Scruff","06 Off and On","The Big Chill Classics Disc 1","Unknown","","Unknown","218","3.6","3:38","119","5.02","Upbeat (100-129)","Medium","Medium (3-5 min)","Mr. Scruff\The Big Chill Classics Disc 1","645","False","0","","0","",""
"07 Our Lives Are Shaped by What We Love.mp3","C:\Users\phseamar\OneDrive - Microsoft\Documents\Music\Mr. Scruff\The Big Chill Classics Disc 1\07 Our Lives Are Shaped by What We Love.mp3","Mr. Scruff\The Big Chill Classics Disc 1\07 Our Lives Are Shaped by What We Love.mp3","file:///C:/Users/phseamar/OneDrive - Microsoft/Documents/Music/Mr. Scruff/The Big Chill Classics Disc 1/07 Our Lives Are Shaped by What We Love.mp3","Mr. Scruff","07 Our Lives Are Shaped by What We Love","The Big Chill Classics Disc 1","Unknown","","Unknown","218","3.6","3:38","99","5.44","Medium (70-99)","Medium","Medium (3-5 min)","Mr. Scruff\The Big Chill Classics Disc 1","646","False","0","","0","",""
"08 Don't Fret It.mp3","C:\Users\phseamar\OneDrive - Microsoft\Documents\Music\Mr. Scruff\The Big Chill Classics Disc 1\08 Don't Fret It.mp3","Mr. Scruff\The Big Chill Classics Disc 1\08 Don't Fret It.mp3","file:///C:/Users/phseamar/OneDrive - Microsoft/Documents/Music/Mr. Scruff/The Big Chill Classics Disc 1/08 Don't Fret It.mp3","Mr. Scruff","08 Don't Fret It","The Big Chill Classics Disc 1","Unknown","","Unknown","204","3.4","3:24","111","3.46","Upbeat (100-129)","Medium","Medium (3-5 min)","Mr. Scruff\The Big Chill Classics Disc 1","647","False","0","","0","",""
"09 You Fly Me.mp3","C:\Users\phseamar\OneDrive - Microsoft\Documents\Music\Mr. Scruff\The Big Chill Classics Disc 1\09 You Fly Me.mp3","Mr. Scruff\The Big Chill Classics Disc 1\09 You Fly Me.mp3","file:///C:/Users/phseamar/OneDrive - Microsoft/Documents/Music/Mr. Scruff/The Big Chill Classics Disc 1/09 You Fly Me.mp3","Mr. Scruff","09 You Fly Me","The Big Chill Classics Disc 1","Unknown","","Unknown","189","3.2","3:09","101","3.73","Upbeat (100-129)","Medium","Medium (3-5 min)","Mr. Scruff\The Big Chill Classics Disc 1","648","False","0","","0","",""
"11 Devil's Gotta Run.mp3","C:\Users\phseamar\OneDrive - Microsoft\Documents\Music\Mr. Scruff\The Big Chill Classics Disc 1\11 Devil's Gotta Run.mp3","Mr. Scruff\The Big Chill Classics Disc 1\11 Devil's Gotta Run.mp3","file:///C:/Users/phseamar/OneDrive - Microsoft/Documents/Music/Mr. Scruff/The Big Chill Classics Disc 1/11 Devil's Gotta Run.mp3","Mr. Scruff","11 Devil's Gotta Run","The Big Chill Classics Disc 1","Unknown","","Unknown","377","6.3","6:17","101","7.46","Upbeat (100-129)","Medium","Long (Over 5 min)","Mr. Scruff\The Big Chill Classics Disc 1","650","False","0","","0","",""
"12 Held Him First.mp3","C:\Users\phseamar\OneDrive - Microsoft\Documents\Music\Mr. Scruff\The Big Chill Classics Disc 1\12 Held Him First.mp3","Mr. Scruff\The Big Chill Classics Disc 1\12 Held Him First.mp3","file:///C:/Users/phseamar/OneDrive - Microsoft/Documents/Music/Mr. Scruff/The Big Chill Classics Disc 1/12 Held Him First.mp3","Mr. Scruff","12 Held Him First","The Big Chill Classics Disc 1","Unknown","","Unknown","312","5.2","5:12","113","5.73","Upbeat (100-129)","Medium","Long (Over 5 min)","Mr. Scruff\The Big Chill Classics Disc 1","651","False","0","","0","",""
"13 Strangers.mp3","C:\Users\phseamar\OneDrive - Microsoft\Documents\Music\Mr. Scruff\The Big Chill Classics Disc 1\13 Strangers.mp3","Mr. Scruff\The Big Chill Classics Disc 1\13 Strangers.mp3","file:///C:/Users/phseamar/OneDrive - Microsoft/Documents/Music/Mr. Scruff/The Big Chill Classics Disc 1/13 Strangers.mp3","Mr. Scruff","13 Strangers","The Big Chill Classics Disc 1","Unknown","","Unknown","375","6.2","6:15","111","8.52","Upbeat (100-129)","Medium","Long (Over 5 min)","Mr. Scruff\The Big Chill Classics Disc 1","652","False","0","","0","",""
"14 A Vision.mp3","C:\Users\phseamar\OneDrive - Microsoft\Documents\Music\Mr. Scruff\The Big Chill Classics Disc 1\14 A Vision.mp3","Mr. Scruff\The Big Chill Classics Disc 1\14 A Vision.mp3","file:///C:/Users/phseamar/OneDrive - Microsoft/Documents/Music/Mr. Scruff/The Big Chill Classics Disc 1/14 A Vision.mp3","Mr. Scruff","14 A Vision","The Big Chill Classics Disc 1","Unknown","","Unknown","633","10.6","10:33","108","14.59","Upbeat (100-129)","Medium","Long (Over 5 min)","Mr. Scruff\The Big Chill Classics Disc 1","653","False","0","","0","",""
"01 Everybody Loves the Sunshine.mp3","C:\Users\phseamar\OneDrive - Microsoft\Documents\Music\Mr. Scruff\The Big Chill Classics Disc 2\01 Everybody Loves the Sunshine.mp3","Mr. Scruff\The Big Chill Classics Disc 2\01 Everybody Loves the Sunshine.mp3","file:///C:/Users/phseamar/OneDrive - Microsoft/Documents/Music/Mr. Scruff/The Big Chill Classics Disc 2/01 Everybody Loves the Sunshine.mp3","Mr. Scruff","01 Everybody Loves the Sunshine","The Big Chill Classics Disc 2","Unknown","","Unknown","199","3.3","3:19","92","2.71","Medium (70-99)","Medium","Medium (3-5 min)","Mr. Scruff\The Big Chill Classics Disc 2","654","False","0","","0","",""
"02 Getting It On (In the Sunshine).mp3","C:\Users\phseamar\OneDrive - Microsoft\Documents\Music\Mr. Scruff\The Big Chill Classics Disc 2\02 Getting It On (In the Sunshine).mp3","Mr. Scruff\The Big Chill Classics Disc 2\02 Getting It On (In the Sunshine).mp3","file:///C:/Users/phseamar/OneDrive - Microsoft/Documents/Music/Mr. Scruff/The Big Chill Classics Disc 2/02 Getting It On (In the Sunshine).mp3","Mr. Scruff","02 Getting It On (In the Sunshine)","The Big Chill Classics Disc 2","Unknown","","Unknown","180","3","3:00","116","4.08","Upbeat (100-129)","Medium","Medium (3-5 min)","Mr. Scruff\The Big Chill Classics Disc 2","655","False","0","","0","",""
"03 Summer Brass (The Same Old Same Old).mp3","C:\Users\phseamar\OneDrive - Microsoft\Documents\Music\Mr. Scruff\The Big Chill Classics Disc 2\03 Summer Brass (The Same Old Same Old).mp3","Mr. Scruff\The Big Chill Classics Disc 2\03 Summer Brass (The Same Old Same Old).mp3","file:///C:/Users/phseamar/OneDrive - Microsoft/Documents/Music/Mr. Scruff/The Big Chill Classics Disc 2/03 Summer Brass (The Same Old Same Old).mp3","Mr. Scruff","03 Summer Brass (The Same Old Same Old)","The Big Chill Classics Disc 2","Unknown","","Unknown","287","4.8","4:47","106","6.27","Upbeat (100-129)","Medium","Medium (3-5 min)","Mr. Scruff\The Big Chill Classics Disc 2","656","False","0","","0","",""
"04 Hei! Voce.mp3","C:\Users\phseamar\OneDrive - Microsoft\Documents\Music\Mr. Scruff\The Big Chill Classics Disc 2\04 Hei! Voce.mp3","Mr. Scruff\The Big Chill Classics Disc 2\04 Hei! Voce.mp3","file:///C:/Users/phseamar/OneDrive - Microsoft/Documents/Music/Mr. Scruff/The Big Chill Classics Disc 2/04 Hei! Voce.mp3","Mr. Scruff","04 Hei! Voce","The Big Chill Classics Disc 2","Unknown","","Unknown","152","2.5","2:32","99","4.11","Medium (70-99)","Medium","Short (Under 3 min)","Mr. Scruff\The Big Chill Classics Disc 2","657","False","0","","0","",""
"05 Kofi.mp3","C:\Users\phseamar\OneDrive - Microsoft\Documents\Music\Mr. Scruff\The Big Chill Classics Disc 2\05 Kofi.mp3","Mr. Scruff\The Big Chill Classics Disc 2\05 Kofi.mp3","file:///C:/Users/phseamar/OneDrive - Microsoft/Documents/Music/Mr. Scruff/The Big Chill Classics Disc 2/05 Kofi.mp3","Mr. Scruff","05 Kofi","The Big Chill Classics Disc 2","Unknown","","Unknown","465","7.8","7:45","106","11.59","Upbeat (100-129)","Medium","Long (Over 5 min)","Mr. Scruff\The Big Chill Classics Disc 2","658","False","0","","0","",""
"06 Off and On.mp3","C:\Users\phseamar\OneDrive - Microsoft\Documents\Music\Mr. Scruff\The Big Chill Classics Disc 2\06 Off and On.mp3","Mr. Scruff\The Big Chill Classics Disc 2\06 Off and On.mp3","file:///C:/Users/phseamar/OneDrive - Microsoft/Documents/Music/Mr. Scruff/The Big Chill Classics Disc 2/06 Off and On.mp3","Mr. Scruff","06 Off and On","The Big Chill Classics Disc 2","Unknown","","Unknown","218","3.6","3:38","113","5.02","Upbeat (100-129)","Medium","Medium (3-5 min)","Mr. Scruff\The Big Chill Classics Disc 2","659","False","0","","0","",""
"07 Our Lives Are Shaped by What We Love.mp3","C:\Users\phseamar\OneDrive - Microsoft\Documents\Music\Mr. Scruff\The Big Chill Classics Disc 2\07 Our Lives Are Shaped by What We Love.mp3","Mr. Scruff\The Big Chill Classics Disc 2\07 Our Lives Are Shaped by What We Love.mp3","file:///C:/Users/phseamar/OneDrive - Microsoft/Documents/Music/Mr. Scruff/The Big Chill Classics Disc 2/07 Our Lives Are Shaped by What We Love.mp3","Mr. Scruff","07 Our Lives Are Shaped by What We Love","The Big Chill Classics Disc 2","Unknown","","Unknown","218","3.6","3:38","109","5.44","Upbeat (100-129)","Medium","Medium (3-5 min)","Mr. Scruff\The Big Chill Classics Disc 2","660","False","0","","0","",""
"08 Don't Fret It.mp3","C:\Users\phseamar\OneDrive - Microsoft\Documents\Music\Mr. Scruff\The Big Chill Classics Disc 2\08 Don't Fret It.mp3","Mr. Scruff\The Big Chill Classics Disc 2\08 Don't Fret It.mp3","file:///C:/Users/phseamar/OneDrive - Microsoft/Documents/Music/Mr. Scruff/The Big Chill Classics Disc 2/08 Don't Fret It.mp3","Mr. Scruff","08 Don't Fret It","The Big Chill Classics Disc 2","Unknown","","Unknown","204","3.4","3:24","117","3.46","Upbeat (100-129)","Medium","Medium (3-5 min)","Mr. Scruff\The Big Chill Classics Disc 2","661","False","0","","0","",""
"09 You Fly Me.mp3","C:\Users\phseamar\OneDrive - Microsoft\Documents\Music\Mr. Scruff\The Big Chill Classics Disc 2\09 You Fly Me.mp3","Mr. Scruff\The Big Chill Classics Disc 2\09 You Fly Me.mp3","file:///C:/Users/phseamar/OneDrive - Microsoft/Documents/Music/Mr. Scruff/The Big Chill Classics Disc 2/09 You Fly Me.mp3","Mr. Scruff","09 You Fly Me","The Big Chill Classics Disc 2","Unknown","","Unknown","189","3.2","3:09","117","3.73","Upbeat (100-129)","Medium","Medium (3-5 min)","Mr. Scruff\The Big Chill Classics Disc 2","662","False","0","","0","",""
"11 Devil's Gotta Run.mp3","C:\Users\phseamar\OneDrive - Microsoft\Documents\Music\Mr. Scruff\The Big Chill Classics Disc 2\11 Devil's Gotta Run.mp3","Mr. Scruff\The Big Chill Classics Disc 2\11 Devil's Gotta Run.mp3","file:///C:/Users/phseamar/OneDrive - Microsoft/Documents/Music/Mr. Scruff/The Big Chill Classics Disc 2/11 Devil's Gotta Run.mp3","Mr. Scruff","11 Devil's Gotta Run","The Big Chill Classics Disc 2","Unknown","","Unknown","377","6.3","6:17","115","7.46","Upbeat (100-129)","Medium","Long (Over 5 min)","Mr. Scruff\The Big Chill Classics Disc 2","664","False","0","","0","",""
"12 Held Him First.mp3","C:\Users\phseamar\OneDrive - Microsoft\Documents\Music\Mr. Scruff\The Big Chill Classics Disc 2\12 Held Him First.mp3","Mr. Scruff\The Big Chill Classics Disc 2\12 Held Him First.mp3","file:///C:/Users/phseamar/OneDrive - Microsoft/Documents/Music/Mr. Scruff/The Big Chill Classics Disc 2/12 Held Him First.mp3","Mr. Scruff","12 Held Him First","The Big Chill Classics Disc 2","Unknown","","Unknown","312","5.2","5:12","111","5.73","Upbeat (100-129)","Medium","Long (Over 5 min)","Mr. Scruff\The Big Chill Classics Disc 2","665","False","0","","0","",""
"13 Strangers.mp3","C:\Users\phseamar\OneDrive - Microsoft\Documents\Music\Mr. Scruff\The Big Chill Classics Disc 2\13 Strangers.mp3","Mr. Scruff\The Big Chill Classics Disc 2\13 Strangers.mp3","file:///C:/Users/phseamar/OneDrive - Microsoft/Documents/Music/Mr. Scruff/The Big Chill Classics Disc 2/13 Strangers.mp3","Mr. Scruff","13 Strangers","The Big Chill Classics Disc 2","Unknown","","Unknown","375","6.2","6:15","94","8.52","Medium (70-99)","Medium","Long (Over 5 min)","Mr. Scruff\The Big Chill Classics Disc 2","666","False","0","","0","",""
"14 A Vision.mp3","C:\Users\phseamar\OneDrive - Microsoft\Documents\Music\Mr. Scruff\The Big Chill Classics Disc 2\14 A Vision.mp3","Mr. Scruff\The Big Chill Classics Disc 2\14 A Vision.mp3","file:///C:/Users/phseamar/OneDrive - Microsoft/Documents/Music/Mr. Scruff/The Big Chill Classics Disc 2/14 A Vision.mp3","Mr. Scruff","14 A Vision","The Big Chill Classics Disc 2","Unknown","","Unknown","633","10.6","10:33","119","14.59","Upbeat (100-129)","Medium","Long (Over 5 min)","Mr. Scruff\The Big Chill Classics Disc 2","667","False","0","","0","",""
"01 Eins, Zwei, Polizei.mp3","C:\Users\phseamar\OneDrive - Microsoft\Documents\Music\New Folder\01 Eins, Zwei, Polizei.mp3","New Folder\01 Eins, Zwei, Polizei.mp3","file:///C:/Users/phseamar/OneDrive - Microsoft/Documents/Music/New Folder/01 Eins, Zwei, Polizei.mp3","New Folder","01 Eins, Zwei, Polizei","Unknown Album","Unknown","","Unknown","313","5.2","5:13","98","5.97","Medium (70-99)","Medium","Long (Over 5 min)","New Folder","668","False","0","","0","",""
"01 I Can't Stand It.mp3","C:\Users\phseamar\OneDrive - Microsoft\Documents\Music\New Folder\01 I Can't Stand It.mp3","New Folder\01 I Can't Stand It.mp3","file:///C:/Users/phseamar/OneDrive - Microsoft/Documents/Music/New Folder/01 I Can't Stand It.mp3","New Folder","01 I Can't Stand It","Unknown Album","Unknown","","Unknown","249","4.2","4:09","118","5.72","Upbeat (100-129)","Medium","Medium (3-5 min)","New Folder","669","False","0","","0","",""
"01 Move Any Mountain.mp3","C:\Users\phseamar\OneDrive - Microsoft\Documents\Music\New Folder\01 Move Any Mountain.mp3","New Folder\01 Move Any Mountain.mp3","file:///C:/Users/phseamar/OneDrive - Microsoft/Documents/Music/New Folder/01 Move Any Mountain.mp3","New Folder","01 Move Any Mountain","Unknown Album","Unknown","","Unknown","209","3.5","3:29","115","3.19","Upbeat (100-129)","Medium","Medium (3-5 min)","New Folder","670","False","0","","0","",""
"01 U Can't Touch This.mp3","C:\Users\phseamar\OneDrive - Microsoft\Documents\Music\New Folder\01 U Can't Touch This.mp3","New Folder\01 U Can't Touch This.mp3","file:///C:/Users/phseamar/OneDrive - Microsoft/Documents/Music/New Folder/01 U Can't Touch This.mp3","New Folder","01 U Can't Touch This","Unknown Album","Unknown","","Unknown","257","4.3","4:17","118","3.93","Upbeat (100-129)","Medium","Medium (3-5 min)","New Folder","671","False","0","","0","",""
"03 Set You Free (Amsterdam Mix).mp3","C:\Users\phseamar\OneDrive - Microsoft\Documents\Music\New Folder\03 Set You Free (Amsterdam Mix).mp3","New Folder\03 Set You Free (Amsterdam Mix).mp3","file:///C:/Users/phseamar/OneDrive - Microsoft/Documents/Music/New Folder/03 Set You Free (Amsterdam Mix).mp3","New Folder","03 Set You Free (Amsterdam Mix)","Unknown Album","Unknown","","Unknown","317","5.3","5:17","93","4.86","Medium (70-99)","Medium","Long (Over 5 min)","New Folder","672","False","0","","0","",""
"04 April Sun in Cuba.mp3","C:\Users\phseamar\OneDrive - Microsoft\Documents\Music\New Folder\04 April Sun in Cuba.mp3","New Folder\04 April Sun in Cuba.mp3","file:///C:/Users/phseamar/OneDrive - Microsoft/Documents/Music/New Folder/04 April Sun in Cuba.mp3","New Folder","04 April Sun in Cuba","Unknown Album","Unknown","","Unknown","208","3.5","3:28","94","3.19","Medium (70-99)","Medium","Medium (3-5 min)","New Folder","673","False","0","","0","",""
"04 Blister in the Sun.mp3","C:\Users\phseamar\OneDrive - Microsoft\Documents\Music\New Folder\04 Blister in the Sun.mp3","New Folder\04 Blister in the Sun.mp3","file:///C:/Users/phseamar/OneDrive - Microsoft/Documents/Music/New Folder/04 Blister in the Sun.mp3","New Folder","04 Blister in the Sun","Unknown Album","Unknown","","Unknown","152","2.5","2:32","94","3.48","Medium (70-99)","Medium","Short (Under 3 min)","New Folder","674","False","0","","0","",""
"05 Lightning Crashes.mp3","C:\Users\phseamar\OneDrive - Microsoft\Documents\Music\New Folder\05 Lightning Crashes.mp3","New Folder\05 Lightning Crashes.mp3","file:///C:/Users/phseamar/OneDrive - Microsoft/Documents/Music/New Folder/05 Lightning Crashes.mp3","New Folder","05 Lightning Crashes","Unknown Album","Unknown","","Unknown","325","5.4","5:25","117","7.46","Upbeat (100-129)","Medium","Long (Over 5 min)","New Folder","675","False","0","","0","",""
"06 Hotel California.mp3","C:\Users\phseamar\OneDrive - Microsoft\Documents\Music\New Folder\06 Hotel California.mp3","New Folder\06 Hotel California.mp3","file:///C:/Users/phseamar/OneDrive - Microsoft/Documents/Music/New Folder/06 Hotel California.mp3","New Folder","06 Hotel California","Unknown Album","Unknown","","Unknown","431","7.2","7:11","91","6.59","Medium (70-99)","Medium","Long (Over 5 min)","New Folder","676","False","0","","0","",""
"15 Doin' the Do.mp3","C:\Users\phseamar\OneDrive - Microsoft\Documents\Music\New Folder\15 Doin' the Do.mp3","New Folder\15 Doin' the Do.mp3","file:///C:/Users/phseamar/OneDrive - Microsoft/Documents/Music/New Folder/15 Doin' the Do.mp3","New Folder","15 Doin' the Do","Unknown Album","Unknown","","Unknown","200","3.3","3:20","113","3.06","Upbeat (100-129)","Medium","Medium (3-5 min)","New Folder","677","False","0","","0","",""
"17 Tie Me Kangaroo Down, Sport.mp3","C:\Users\phseamar\OneDrive - Microsoft\Documents\Music\New Folder\17 Tie Me Kangaroo Down, Sport.mp3","New Folder\17 Tie Me Kangaroo Down, Sport.mp3","file:///C:/Users/phseamar/OneDrive - Microsoft/Documents/Music/New Folder/17 Tie Me Kangaroo Down, Sport.mp3","New Folder","17 Tie Me Kangaroo Down, Sport","Unknown Album","Unknown","","Unknown","183","3","3:03","104","2.8","Upbeat (100-129)","Medium","Medium (3-5 min)","New Folder","678","False","0","","0","",""
"18 Better Be Home Soon.mp3","C:\Users\phseamar\OneDrive - Microsoft\Documents\Music\New Folder\18 Better Be Home Soon.mp3","New Folder\18 Better Be Home Soon.mp3","file:///C:/Users/phseamar/OneDrive - Microsoft/Documents/Music/New Folder/18 Better Be Home Soon.mp3","New Folder","18 Better Be Home Soon","Unknown Album","Unknown","","Unknown","190","3.2","3:10","98","2.91","Medium (70-99)","Medium","Medium (3-5 min)","New Folder","679","False","0","","0","",""
"4 Non Blondes - Whats Going On (dj miko remix).mp3","C:\Users\phseamar\OneDrive - Microsoft\Documents\Music\New Folder\4 Non Blondes - Whats Going On (dj miko remix).mp3","New Folder\4 Non Blondes - Whats Going On (dj miko remix).mp3","file:///C:/Users/phseamar/OneDrive - Microsoft/Documents/Music/New Folder/4 Non Blondes - Whats Going On (dj miko remix).mp3","4 Non Blondes","Whats Going On (dj miko remix)","Unknown Album","Unknown","","Unknown","317","5.3","5:17","103","4.84","Upbeat (100-129)","Medium","Long (Over 5 min)","New Folder","680","False","0","","0","",""
"Crowed House - Weather with your.mp3","C:\Users\phseamar\OneDrive - Microsoft\Documents\Music\New Folder\Crowed House - Weather with your.mp3","New Folder\Crowed House - Weather with your.mp3","file:///C:/Users/phseamar/OneDrive - Microsoft/Documents/Music/New Folder/Crowed House - Weather with your.mp3","Crowed House","Weather with your","Unknown Album","Electronic","","Unknown","224","3.7","3:44","123","3.42","Upbeat (100-129)","High","Medium (3-5 min)","New Folder","681","False","0","","0","",""
"dyewitness - Masterplan (live).mp3","C:\Users\phseamar\OneDrive - Microsoft\Documents\Music\New Folder\dyewitness - Masterplan (live).mp3","New Folder\dyewitness - Masterplan (live).mp3","file:///C:/Users/phseamar/OneDrive - Microsoft/Documents/Music/New Folder/dyewitness - Masterplan (live).mp3","dyewitness","Masterplan (live)","Unknown Album","Unknown","","Unknown","487","8.1","8:07","119","7.44","Upbeat (100-129)","Medium","Long (Over 5 min)","New Folder","682","False","0","","0","",""
"Kylie Minogue Vs. New Order - Can't Get You Out Of My Head On A Blue Monday (Live).mp3","C:\Users\phseamar\OneDrive - Microsoft\Documents\Music\New Folder\Kylie Minogue Vs. New Order - Can't Get You Out Of My Head On A Blue Monday (Live).mp3","New Folder\Kylie Minogue Vs. New Order - Can't Get You Out Of My Head On A Blue Monday (Live).mp3","file:///C:/Users/phseamar/OneDrive - Microsoft/Documents/Music/New Folder/Kylie Minogue Vs. New Order - Can't Get You Out Of My Head On A Blue Monday (Live).mp3","Kylie Minogue Vs. New Order","Can't Get You Out Of My Head On A Blue Monday (Live)","Unknown Album","Unknown","","Unknown","254","4.2","4:14","97","7.76","Medium (70-99)","Medium","Medium (3-5 min)","New Folder","683","False","0","","0","",""
"Live- Lightning Crashes (Acoustic).mp3","C:\Users\phseamar\OneDrive - Microsoft\Documents\Music\New Folder\Live- Lightning Crashes (Acoustic).mp3","New Folder\Live- Lightning Crashes (Acoustic).mp3","file:///C:/Users/phseamar/OneDrive - Microsoft/Documents/Music/New Folder/Live- Lightning Crashes (Acoustic).mp3","Live","Lightning Crashes (Acoustic)","Unknown Album","Country","","Unknown","320","5.3","5:20","114","4.89","Upbeat (100-129)","Medium","Long (Over 5 min)","New Folder","684","False","0","","0","",""
"Lulu - To Sir With Love (Original Version)(1).mp3","C:\Users\phseamar\OneDrive - Microsoft\Documents\Music\New Folder\Lulu - To Sir With Love (Original Version)(1).mp3","New Folder\Lulu - To Sir With Love (Original Version)(1).mp3","file:///C:/Users/phseamar/OneDrive - Microsoft/Documents/Music/New Folder/Lulu - To Sir With Love (Original Version)(1).mp3","Lulu","To Sir With Love (Original Version)(1)","Unknown Album","Unknown","","Unknown","166","2.8","2:46","96","6.37","Medium (70-99)","Medium","Short (Under 3 min)","New Folder","685","False","0","","0","",""
"N-Trance-Set You Free.mp3","C:\Users\phseamar\OneDrive - Microsoft\Documents\Music\New Folder\N-Trance-Set You Free.mp3","New Folder\N-Trance-Set You Free.mp3","file:///C:/Users/phseamar/OneDrive - Microsoft/Documents/Music/New Folder/N-Trance-Set You Free.mp3","N","Trance-Set You Free","Unknown Album","Electronic","","Unknown","251","4.2","4:11","128","3.84","Upbeat (100-129)","High","Medium (3-5 min)","New Folder","686","False","0","","0","",""
"Patea Maori - Poi E.mp3","C:\Users\phseamar\OneDrive - Microsoft\Documents\Music\New Folder\Patea Maori - Poi E.mp3","New Folder\Patea Maori - Poi E.mp3","file:///C:/Users/phseamar/OneDrive - Microsoft/Documents/Music/New Folder/Patea Maori - Poi E.mp3","Patea Maori","Poi E","Unknown Album","Unknown","","Unknown","231","3.8","3:51","98","3.53","Medium (70-99)","Medium","Medium (3-5 min)","New Folder","687","False","0","","0","",""
"Pearl Jam & Live - Lightning Crashes (live) (1).mp3","C:\Users\phseamar\OneDrive - Microsoft\Documents\Music\New Folder\Pearl Jam & Live - Lightning Crashes (live) (1).mp3","New Folder\Pearl Jam & Live - Lightning Crashes (live) (1).mp3","file:///C:/Users/phseamar/OneDrive - Microsoft/Documents/Music/New Folder/Pearl Jam & Live - Lightning Crashes (live) (1).mp3","Pearl Jam & Live","Lightning Crashes (live) (1)","Unknown Album","Unknown","","Unknown","366","6.1","6:06","111","5.6","Upbeat (100-129)","Medium","Long (Over 5 min)","New Folder","688","False","0","","0","",""
"Rui Da Silva - Touch Me.mp3","C:\Users\phseamar\OneDrive - Microsoft\Documents\Music\New Folder\Rui Da Silva - Touch Me.mp3","New Folder\Rui Da Silva - Touch Me.mp3","file:///C:/Users/phseamar/OneDrive - Microsoft/Documents/Music/New Folder/Rui Da Silva - Touch Me.mp3","Rui Da Silva","Touch Me","Unknown Album","Unknown","","Unknown","263","4.4","4:23","108","4.03","Upbeat (100-129)","Medium","Medium (3-5 min)","New Folder","689","False","0","","0","",""
"01 Eins, Zwei, Polizei.mp3","C:\Users\phseamar\OneDrive - Microsoft\Documents\Music\OhYeah\01 Eins, Zwei, Polizei.mp3","OhYeah\01 Eins, Zwei, Polizei.mp3","file:///C:/Users/phseamar/OneDrive - Microsoft/Documents/Music/OhYeah/01 Eins, Zwei, Polizei.mp3","OhYeah","01 Eins, Zwei, Polizei","Unknown Album","Unknown","","Unknown","313","5.2","5:13","91","5.97","Medium (70-99)","Medium","Long (Over 5 min)","OhYeah","690","False","0","","0","",""
"01 I Can't Stand It.mp3","C:\Users\phseamar\OneDrive - Microsoft\Documents\Music\OhYeah\01 I Can't Stand It.mp3","OhYeah\01 I Can't Stand It.mp3","file:///C:/Users/phseamar/OneDrive - Microsoft/Documents/Music/OhYeah/01 I Can't Stand It.mp3","OhYeah","01 I Can't Stand It","Unknown Album","Unknown","","Unknown","249","4.2","4:09","94","5.72","Medium (70-99)","Medium","Medium (3-5 min)","OhYeah","691","False","0","","0","",""
"01 I Got You Babe.mp3","C:\Users\phseamar\OneDrive - Microsoft\Documents\Music\OhYeah\01 I Got You Babe.mp3","OhYeah\01 I Got You Babe.mp3","file:///C:/Users/phseamar/OneDrive - Microsoft/Documents/Music/OhYeah/01 I Got You Babe.mp3","OhYeah","01 I Got You Babe","Unknown Album","Unknown","","Unknown","189","3.2","3:09","101","2.9","Upbeat (100-129)","Medium","Medium (3-5 min)","OhYeah","692","False","0","","0","",""
"01 Move Any Mountain.mp3","C:\Users\phseamar\OneDrive - Microsoft\Documents\Music\OhYeah\01 Move Any Mountain.mp3","OhYeah\01 Move Any Mountain.mp3","file:///C:/Users/phseamar/OneDrive - Microsoft/Documents/Music/OhYeah/01 Move Any Mountain.mp3","OhYeah","01 Move Any Mountain","Unknown Album","Unknown","","Unknown","209","3.5","3:29","90","3.19","Medium (70-99)","Medium","Medium (3-5 min)","OhYeah","693","False","0","","0","",""
"01 U Can't Touch This.mp3","C:\Users\phseamar\OneDrive - Microsoft\Documents\Music\OhYeah\01 U Can't Touch This.mp3","OhYeah\01 U Can't Touch This.mp3","file:///C:/Users/phseamar/OneDrive - Microsoft/Documents/Music/OhYeah/01 U Can't Touch This.mp3","OhYeah","01 U Can't Touch This","Unknown Album","Unknown","","Unknown","257","4.3","4:17","106","3.93","Upbeat (100-129)","Medium","Medium (3-5 min)","OhYeah","694","False","0","","0","",""
"03 Set You Free (Amsterdam Mix).mp3","C:\Users\phseamar\OneDrive - Microsoft\Documents\Music\OhYeah\03 Set You Free (Amsterdam Mix).mp3","OhYeah\03 Set You Free (Amsterdam Mix).mp3","file:///C:/Users/phseamar/OneDrive - Microsoft/Documents/Music/OhYeah/03 Set You Free (Amsterdam Mix).mp3","OhYeah","03 Set You Free (Amsterdam Mix)","Unknown Album","Unknown","","Unknown","317","5.3","5:17","102","4.86","Upbeat (100-129)","Medium","Long (Over 5 min)","OhYeah","695","False","0","","0","",""
"04 April Sun in Cuba.mp3","C:\Users\phseamar\OneDrive - Microsoft\Documents\Music\OhYeah\04 April Sun in Cuba.mp3","OhYeah\04 April Sun in Cuba.mp3","file:///C:/Users/phseamar/OneDrive - Microsoft/Documents/Music/OhYeah/04 April Sun in Cuba.mp3","OhYeah","04 April Sun in Cuba","Unknown Album","Unknown","","Unknown","208","3.5","3:28","119","3.19","Upbeat (100-129)","Medium","Medium (3-5 min)","OhYeah","696","False","0","","0","",""
"04 Blister in the Sun.mp3","C:\Users\phseamar\OneDrive - Microsoft\Documents\Music\OhYeah\04 Blister in the Sun.mp3","OhYeah\04 Blister in the Sun.mp3","file:///C:/Users/phseamar/OneDrive - Microsoft/Documents/Music/OhYeah/04 Blister in the Sun.mp3","OhYeah","04 Blister in the Sun","Unknown Album","Unknown","","Unknown","152","2.5","2:32","93","3.48","Medium (70-99)","Medium","Short (Under 3 min)","OhYeah","697","False","0","","0","",""
"05 Lightning Crashes.mp3","C:\Users\phseamar\OneDrive - Microsoft\Documents\Music\OhYeah\05 Lightning Crashes.mp3","OhYeah\05 Lightning Crashes.mp3","file:///C:/Users/phseamar/OneDrive - Microsoft/Documents/Music/OhYeah/05 Lightning Crashes.mp3","OhYeah","05 Lightning Crashes","Unknown Album","Unknown","","Unknown","325","5.4","5:25","98","7.46","Medium (70-99)","Medium","Long (Over 5 min)","OhYeah","698","False","0","","0","",""
"06 Hotel California.mp3","C:\Users\phseamar\OneDrive - Microsoft\Documents\Music\OhYeah\06 Hotel California.mp3","OhYeah\06 Hotel California.mp3","file:///C:/Users/phseamar/OneDrive - Microsoft/Documents/Music/OhYeah/06 Hotel California.mp3","OhYeah","06 Hotel California","Unknown Album","Unknown","","Unknown","431","7.2","7:11","97","6.59","Medium (70-99)","Medium","Long (Over 5 min)","OhYeah","699","False","0","","0","",""
"06 Kingston Town.mp3","C:\Users\phseamar\OneDrive - Microsoft\Documents\Music\OhYeah\06 Kingston Town.mp3","OhYeah\06 Kingston Town.mp3","file:///C:/Users/phseamar/OneDrive - Microsoft/Documents/Music/OhYeah/06 Kingston Town.mp3","OhYeah","06 Kingston Town","Unknown Album","Unknown","","Unknown","230","3.8","3:50","119","3.52","Upbeat (100-129)","Medium","Medium (3-5 min)","OhYeah","700","False","0","","0","",""
"06 Never Be the Same Again.mp3","C:\Users\phseamar\OneDrive - Microsoft\Documents\Music\OhYeah\06 Never Be the Same Again.mp3","OhYeah\06 Never Be the Same Again.mp3","file:///C:/Users/phseamar/OneDrive - Microsoft/Documents/Music/OhYeah/06 Never Be the Same Again.mp3","OhYeah","06 Never Be the Same Again","Unknown Album","Unknown","","Unknown","294","4.9","4:54","99","4.49","Medium (70-99)","Medium","Medium (3-5 min)","OhYeah","701","False","0","","0","",""
"10 slice of heaven.mp3","C:\Users\phseamar\OneDrive - Microsoft\Documents\Music\OhYeah\10 slice of heaven.mp3","OhYeah\10 slice of heaven.mp3","file:///C:/Users/phseamar/OneDrive - Microsoft/Documents/Music/OhYeah/10 slice of heaven.mp3","OhYeah","10 slice of heaven","Unknown Album","Unknown","","Unknown","257","4.3","4:17","117","3.93","Upbeat (100-129)","Medium","Medium (3-5 min)","OhYeah","702","False","0","","0","",""
"15 Doin' the Do.mp3","C:\Users\phseamar\OneDrive - Microsoft\Documents\Music\OhYeah\15 Doin' the Do.mp3","OhYeah\15 Doin' the Do.mp3","file:///C:/Users/phseamar/OneDrive - Microsoft/Documents/Music/OhYeah/15 Doin' the Do.mp3","OhYeah","15 Doin' the Do","Unknown Album","Unknown","","Unknown","200","3.3","3:20","94","3.06","Medium (70-99)","Medium","Medium (3-5 min)","OhYeah","703","False","0","","0","",""
"17 Tie Me Kangaroo Down, Sport.mp3","C:\Users\phseamar\OneDrive - Microsoft\Documents\Music\OhYeah\17 Tie Me Kangaroo Down, Sport.mp3","OhYeah\17 Tie Me Kangaroo Down, Sport.mp3","file:///C:/Users/phseamar/OneDrive - Microsoft/Documents/Music/OhYeah/17 Tie Me Kangaroo Down, Sport.mp3","OhYeah","17 Tie Me Kangaroo Down, Sport","Unknown Album","Unknown","","Unknown","183","3","3:03","118","2.8","Upbeat (100-129)","Medium","Medium (3-5 min)","OhYeah","704","False","0","","0","",""
"18 Better Be Home Soon.mp3","C:\Users\phseamar\OneDrive - Microsoft\Documents\Music\OhYeah\18 Better Be Home Soon.mp3","OhYeah\18 Better Be Home Soon.mp3","file:///C:/Users/phseamar/OneDrive - Microsoft/Documents/Music/OhYeah/18 Better Be Home Soon.mp3","OhYeah","18 Better Be Home Soon","Unknown Album","Unknown","","Unknown","190","3.2","3:10","106","2.91","Upbeat (100-129)","Medium","Medium (3-5 min)","OhYeah","705","False","0","","0","",""
"4 Non Blondes - Whats Going On (dj miko remix).mp3","C:\Users\phseamar\OneDrive - Microsoft\Documents\Music\OhYeah\4 Non Blondes - Whats Going On (dj miko remix).mp3","OhYeah\4 Non Blondes - Whats Going On (dj miko remix).mp3","file:///C:/Users/phseamar/OneDrive - Microsoft/Documents/Music/OhYeah/4 Non Blondes - Whats Going On (dj miko remix).mp3","4 Non Blondes","Whats Going On (dj miko remix)","Unknown Album","Unknown","","Unknown","317","5.3","5:17","116","4.84","Upbeat (100-129)","Medium","Long (Over 5 min)","OhYeah","706","False","0","","0","",""
"Bob Marley - No Woman No Cry - live.mp3","C:\Users\phseamar\OneDrive - Microsoft\Documents\Music\OhYeah\Bob Marley - No Woman No Cry - live.mp3","OhYeah\Bob Marley - No Woman No Cry - live.mp3","file:///C:/Users/phseamar/OneDrive - Microsoft/Documents/Music/OhYeah/Bob Marley - No Woman No Cry - live.mp3","Bob Marley","No Woman No Cry - live","Unknown Album","Unknown","","Unknown","427","7.1","7:07","94","6.52","Medium (70-99)","Medium","Long (Over 5 min)","OhYeah","707","False","0","","0","",""
"Bob Marley - Stir It Up (1).mp3","C:\Users\phseamar\OneDrive - Microsoft\Documents\Music\OhYeah\Bob Marley - Stir It Up (1).mp3","OhYeah\Bob Marley - Stir It Up (1).mp3","file:///C:/Users/phseamar/OneDrive - Microsoft/Documents/Music/OhYeah/Bob Marley - Stir It Up (1).mp3","Bob Marley","Stir It Up (1)","Unknown Album","Unknown","","Unknown","334","5.6","5:34","108","5.1","Upbeat (100-129)","Medium","Long (Over 5 min)","OhYeah","708","False","0","","0","",""
"Crowed House - Weather with your.mp3","C:\Users\phseamar\OneDrive - Microsoft\Documents\Music\OhYeah\Crowed House - Weather with your.mp3","OhYeah\Crowed House - Weather with your.mp3","file:///C:/Users/phseamar/OneDrive - Microsoft/Documents/Music/OhYeah/Crowed House - Weather with your.mp3","Crowed House","Weather with your","Unknown Album","Electronic","","Unknown","224","3.7","3:44","123","3.42","Upbeat (100-129)","High","Medium (3-5 min)","OhYeah","709","False","0","","0","",""
"dyewitness - Masterplan (live).mp3","C:\Users\phseamar\OneDrive - Microsoft\Documents\Music\OhYeah\dyewitness - Masterplan (live).mp3","OhYeah\dyewitness - Masterplan (live).mp3","file:///C:/Users/phseamar/OneDrive - Microsoft/Documents/Music/OhYeah/dyewitness - Masterplan (live).mp3","dyewitness","Masterplan (live)","Unknown Album","Unknown","","Unknown","487","8.1","8:07","99","7.45","Medium (70-99)","Medium","Long (Over 5 min)","OhYeah","710","False","0","","0","",""
"Four Non Blondes - Whats Going On.mp3","C:\Users\phseamar\OneDrive - Microsoft\Documents\Music\OhYeah\Four Non Blondes - Whats Going On.mp3","OhYeah\Four Non Blondes - Whats Going On.mp3","file:///C:/Users/phseamar/OneDrive - Microsoft/Documents/Music/OhYeah/Four Non Blondes - Whats Going On.mp3","Four Non Blondes","Whats Going On","Unknown Album","Unknown","","Unknown","295","4.9","4:55","92","3.95","Medium (70-99)","Medium","Medium (3-5 min)","OhYeah","711","False","0","","0","",""
"Frente - Accidently Kelly Street.mp3","C:\Users\phseamar\OneDrive - Microsoft\Documents\Music\OhYeah\Frente - Accidently Kelly Street.mp3","OhYeah\Frente - Accidently Kelly Street.mp3","file:///C:/Users/phseamar/OneDrive - Microsoft/Documents/Music/OhYeah/Frente - Accidently Kelly Street.mp3","Frente","Accidently Kelly Street","Unknown Album","Unknown","","Unknown","199","3.3","3:19","107","3.05","Upbeat (100-129)","Medium","Medium (3-5 min)","OhYeah","712","False","0","","0","",""
"Kylie Minogue Vs. New Order - Can't Get You Out Of My Head On A Blue Monday (Live).mp3","C:\Users\phseamar\OneDrive - Microsoft\Documents\Music\OhYeah\Kylie Minogue Vs. New Order - Can't Get You Out Of My Head On A Blue Monday (Live).mp3","OhYeah\Kylie Minogue Vs. New Order - Can't Get You Out Of My Head On A Blue Monday (Live).mp3","file:///C:/Users/phseamar/OneDrive - Microsoft/Documents/Music/OhYeah/Kylie Minogue Vs. New Order - Can't Get You Out Of My Head On A Blue Monday (Live).mp3","Kylie Minogue Vs. New Order","Can't Get You Out Of My Head On A Blue Monday (Live)","Unknown Album","Unknown","","Unknown","254","4.2","4:14","92","7.76","Medium (70-99)","Medium","Medium (3-5 min)","OhYeah","713","False","0","","0","",""
"Live- Lightning Crashes (Acoustic).mp3","C:\Users\phseamar\OneDrive - Microsoft\Documents\Music\OhYeah\Live- Lightning Crashes (Acoustic).mp3","OhYeah\Live- Lightning Crashes (Acoustic).mp3","file:///C:/Users/phseamar/OneDrive - Microsoft/Documents/Music/OhYeah/Live- Lightning Crashes (Acoustic).mp3","Live","Lightning Crashes (Acoustic)","Unknown Album","Country","","Unknown","320","5.3","5:20","108","4.89","Upbeat (100-129)","Medium","Long (Over 5 min)","OhYeah","714","False","0","","0","",""
"Mel C - I Turn to You (dance mix).mp3","C:\Users\phseamar\OneDrive - Microsoft\Documents\Music\OhYeah\Mel C - I Turn to You (dance mix).mp3","OhYeah\Mel C - I Turn to You (dance mix).mp3","file:///C:/Users/phseamar/OneDrive - Microsoft/Documents/Music/OhYeah/Mel C - I Turn to You (dance mix).mp3","Mel C","I Turn to You (dance mix)","Unknown Album","Electronic","","Unknown","253","4.2","4:13","128","3.87","Upbeat (100-129)","High","Medium (3-5 min)","OhYeah","715","False","0","","0","",""
"OMC - How Bizzare.mp3","C:\Users\phseamar\OneDrive - Microsoft\Documents\Music\OhYeah\OMC - How Bizzare.mp3","OhYeah\OMC - How Bizzare.mp3","file:///C:/Users/phseamar/OneDrive - Microsoft/Documents/Music/OhYeah/OMC - How Bizzare.mp3","OMC","How Bizzare","Unknown Album","Unknown","","Unknown","255","4.2","4:15","90","3.91","Medium (70-99)","Medium","Medium (3-5 min)","OhYeah","716","False","0","","0","",""
"Patea Maori - Poi E.mp3","C:\Users\phseamar\OneDrive - Microsoft\Documents\Music\OhYeah\Patea Maori - Poi E.mp3","OhYeah\Patea Maori - Poi E.mp3","file:///C:/Users/phseamar/OneDrive - Microsoft/Documents/Music/OhYeah/Patea Maori - Poi E.mp3","Patea Maori","Poi E","Unknown Album","Unknown","","Unknown","231","3.8","3:51","111","3.53","Upbeat (100-129)","Medium","Medium (3-5 min)","OhYeah","717","False","0","","0","",""
"Rocky Horror Picture Show - Time Warp.mp3","C:\Users\phseamar\OneDrive - Microsoft\Documents\Music\OhYeah\Rocky Horror Picture Show - Time Warp.mp3","OhYeah\Rocky Horror Picture Show - Time Warp.mp3","file:///C:/Users/phseamar/OneDrive - Microsoft/Documents/Music/OhYeah/Rocky Horror Picture Show - Time Warp.mp3","Rocky Horror Picture Show","Time Warp","Unknown Album","Rock","","Unknown","199","3.3","3:19","120","3.04","Upbeat (100-129)","High","Medium (3-5 min)","OhYeah","718","False","0","","0","",""
"Rui Da Silva - Touch Me.mp3","C:\Users\phseamar\OneDrive - Microsoft\Documents\Music\OhYeah\Rui Da Silva - Touch Me.mp3","OhYeah\Rui Da Silva - Touch Me.mp3","file:///C:/Users/phseamar/OneDrive - Microsoft/Documents/Music/OhYeah/Rui Da Silva - Touch Me.mp3","Rui Da Silva","Touch Me","Unknown Album","Unknown","","Unknown","263","4.4","4:23","110","4.03","Upbeat (100-129)","Medium","Medium (3-5 min)","OhYeah","719","False","0","","0","",""
"SALMONELLA DUB - For The Love Of It.mp3","C:\Users\phseamar\OneDrive - Microsoft\Documents\Music\OhYeah\SALMONELLA DUB - For The Love Of It.mp3","OhYeah\SALMONELLA DUB - For The Love Of It.mp3","file:///C:/Users/phseamar/OneDrive - Microsoft/Documents/Music/OhYeah/SALMONELLA DUB - For The Love Of It.mp3","SALMONELLA DUB","For The Love Of It","Unknown Album","Unknown","","Unknown","307","5.1","5:07","118","4.69","Upbeat (100-129)","Medium","Long (Over 5 min)","OhYeah","720","False","0","","0","",""
"Shaggy - Darling Angel.mp3","C:\Users\phseamar\OneDrive - Microsoft\Documents\Music\OhYeah\Shaggy - Darling Angel.mp3","OhYeah\Shaggy - Darling Angel.mp3","file:///C:/Users/phseamar/OneDrive - Microsoft/Documents/Music/OhYeah/Shaggy - Darling Angel.mp3","Shaggy","Darling Angel","Unknown Album","Unknown","","Unknown","242","4","4:02","113","3.71","Upbeat (100-129)","Medium","Medium (3-5 min)","OhYeah","721","False","0","","0","",""
"Wheatu - Teenage dDirtbag.mp3","C:\Users\phseamar\OneDrive - Microsoft\Documents\Music\OhYeah\Wheatu - Teenage dDirtbag.mp3","OhYeah\Wheatu - Teenage dDirtbag.mp3","file:///C:/Users/phseamar/OneDrive - Microsoft/Documents/Music/OhYeah/Wheatu - Teenage dDirtbag.mp3","Wheatu","Teenage dDirtbag","Unknown Album","Unknown","","Unknown","281","4.7","4:41","106","6.44","Upbeat (100-129)","Medium","Medium (3-5 min)","OhYeah","722","False","0","","0","",""
"Wombles - Remember You're A Womble.mp3","C:\Users\phseamar\OneDrive - Microsoft\Documents\Music\OhYeah\Wombles - Remember You're A Womble.mp3","OhYeah\Wombles - Remember You're A Womble.mp3","file:///C:/Users/phseamar/OneDrive - Microsoft/Documents/Music/OhYeah/Wombles - Remember You're A Womble.mp3","Wombles","Remember You're A Womble","Unknown Album","Unknown","","Unknown","190","3.2","3:10","110","2.91","Upbeat (100-129)","Medium","Medium (3-5 min)","OhYeah","723","False","0","","0","",""
"04_Track 04.mp3","C:\Users\phseamar\OneDrive - Microsoft\Documents\Music\OhYeah\DANCE\04_Track 04.mp3","OhYeah\DANCE\04_Track 04.mp3","file:///C:/Users/phseamar/OneDrive - Microsoft/Documents/Music/OhYeah/DANCE/04_Track 04.mp3","OhYeah","04_Track 04","DANCE","Electronic","","Unknown","296","4.9","4:56","137","4.53","Fast (130-159)","High","Medium (3-5 min)","OhYeah\DANCE","724","False","0","","0","",""
"10 Touch Me.mp3","C:\Users\phseamar\OneDrive - Microsoft\Documents\Music\OhYeah\DANCE\10 Touch Me.mp3","OhYeah\DANCE\10 Touch Me.mp3","file:///C:/Users/phseamar/OneDrive - Microsoft/Documents/Music/OhYeah/DANCE/10 Touch Me.mp3","OhYeah","10 Touch Me","DANCE","Electronic","","Unknown","263","4.4","4:23","124","4.03","Upbeat (100-129)","High","Medium (3-5 min)","OhYeah\DANCE","725","False","0","","0","",""
"4 Non Blondes - Whats Going On (dj miko remix).mp3","C:\Users\phseamar\OneDrive - Microsoft\Documents\Music\OhYeah\DANCE\4 Non Blondes - Whats Going On (dj miko remix).mp3","OhYeah\DANCE\4 Non Blondes - Whats Going On (dj miko remix).mp3","file:///C:/Users/phseamar/OneDrive - Microsoft/Documents/Music/OhYeah/DANCE/4 Non Blondes - Whats Going On (dj miko remix).mp3","4 Non Blondes","Whats Going On (dj miko remix)","DANCE","Electronic","","Unknown","317","5.3","5:17","123","4.84","Upbeat (100-129)","High","Long (Over 5 min)","OhYeah\DANCE","726","False","0","","0","",""
"Legend B Lost in Love.mp3","C:\Users\phseamar\OneDrive - Microsoft\Documents\Music\OhYeah\DANCE\Legend B Lost in Love.mp3","OhYeah\DANCE\Legend B Lost in Love.mp3","file:///C:/Users/phseamar/OneDrive - Microsoft/Documents/Music/OhYeah/DANCE/Legend B Lost in Love.mp3","OhYeah","Legend B Lost in Love","DANCE","Electronic","","Unknown","155","2.6","2:35","125","2.38","Upbeat (100-129)","High","Short (Under 3 min)","OhYeah\DANCE","727","False","0","","0","",""
"MFS - Salsoul Nugget (If U Wanna).mp3","C:\Users\phseamar\OneDrive - Microsoft\Documents\Music\OhYeah\DANCE\MFS - Salsoul Nugget (If U Wanna).mp3","OhYeah\DANCE\MFS - Salsoul Nugget (If U Wanna).mp3","file:///C:/Users/phseamar/OneDrive - Microsoft/Documents/Music/OhYeah/DANCE/MFS - Salsoul Nugget (If U Wanna).mp3","MFS","Salsoul Nugget (If U Wanna)","DANCE","Electronic","","Unknown","235","3.9","3:55","138","3.59","Fast (130-159)","High","Medium (3-5 min)","OhYeah\DANCE","728","False","0","","0","",""
"Paul Van Dyke - For An Angel (mix).mp3","C:\Users\phseamar\OneDrive - Microsoft\Documents\Music\OhYeah\DANCE\Paul Van Dyke - For An Angel (mix).mp3","OhYeah\DANCE\Paul Van Dyke - For An Angel (mix).mp3","file:///C:/Users/phseamar/OneDrive - Microsoft/Documents/Music/OhYeah/DANCE/Paul Van Dyke - For An Angel (mix).mp3","Paul Van Dyke","For An Angel (mix)","DANCE","Electronic","","Unknown","463","7.7","7:43","138","7.08","Fast (130-159)","High","Long (Over 5 min)","OhYeah\DANCE","729","False","0","","0","",""
"Paul Van Dyke- Binary Finery 1998 remix.mp3","C:\Users\phseamar\OneDrive - Microsoft\Documents\Music\OhYeah\DANCE\Paul Van Dyke- Binary Finery 1998 remix.mp3","OhYeah\DANCE\Paul Van Dyke- Binary Finery 1998 remix.mp3","file:///C:/Users/phseamar/OneDrive - Microsoft/Documents/Music/OhYeah/DANCE/Paul Van Dyke- Binary Finery 1998 remix.mp3","Paul Van Dyke","Binary Finery 1998 remix","DANCE","Electronic","1998","1990s","210","3.5","3:30","132","2.82","Fast (130-159)","High","Medium (3-5 min)","OhYeah\DANCE","730","False","0","","0","",""
"sssst - Listen (Pants And Corset Remix).mp3","C:\Users\phseamar\OneDrive - Microsoft\Documents\Music\OhYeah\DANCE\sssst - Listen (Pants And Corset Remix).mp3","OhYeah\DANCE\sssst - Listen (Pants And Corset Remix).mp3","file:///C:/Users/phseamar/OneDrive - Microsoft/Documents/Music/OhYeah/DANCE/sssst - Listen (Pants And Corset Remix).mp3","sssst","Listen (Pants And Corset Remix)","DANCE","Electronic","","Unknown","242","4","4:02","130","4.62","Fast (130-159)","High","Medium (3-5 min)","OhYeah\DANCE","731","False","0","","0","",""
"01 Forbidden Zone.mp3","C:\Users\phseamar\OneDrive - Microsoft\Documents\Music\Paul Oakenfold\Global Underground- Oslo Disc 2\01 Forbidden Zone.mp3","Paul Oakenfold\Global Underground- Oslo Disc 2\01 Forbidden Zone.mp3","file:///C:/Users/phseamar/OneDrive - Microsoft/Documents/Music/Paul Oakenfold/Global Underground- Oslo Disc 2/01 Forbidden Zone.mp3","Paul Oakenfold","01 Forbidden Zone","Global Underground- Oslo Disc 2","Unknown","","Unknown","512","8.5","8:32","111","12.38","Upbeat (100-129)","Medium","Long (Over 5 min)","Paul Oakenfold\Global Underground- Oslo Disc 2","755","False","0","","0","",""
"02 Ohm Sessions.mp3","C:\Users\phseamar\OneDrive - Microsoft\Documents\Music\Paul Oakenfold\Global Underground- Oslo Disc 2\02 Ohm Sessions.mp3","Paul Oakenfold\Global Underground- Oslo Disc 2\02 Ohm Sessions.mp3","file:///C:/Users/phseamar/OneDrive - Microsoft/Documents/Music/Paul Oakenfold/Global Underground- Oslo Disc 2/02 Ohm Sessions.mp3","Paul Oakenfold","02 Ohm Sessions","Global Underground- Oslo Disc 2","Unknown","","Unknown","518","8.6","8:38","117","12.69","Upbeat (100-129)","Medium","Long (Over 5 min)","Paul Oakenfold\Global Underground- Oslo Disc 2","756","False","0","","0","",""
"03 Cycles of Life.mp3","C:\Users\phseamar\OneDrive - Microsoft\Documents\Music\Paul Oakenfold\Global Underground- Oslo Disc 2\03 Cycles of Life.mp3","Paul Oakenfold\Global Underground- Oslo Disc 2\03 Cycles of Life.mp3","file:///C:/Users/phseamar/OneDrive - Microsoft/Documents/Music/Paul Oakenfold/Global Underground- Oslo Disc 2/03 Cycles of Life.mp3","Paul Oakenfold","03 Cycles of Life","Global Underground- Oslo Disc 2","Unknown","","Unknown","232","3.9","3:52","97","5.29","Medium (70-99)","Medium","Medium (3-5 min)","Paul Oakenfold\Global Underground- Oslo Disc 2","757","False","0","","0","",""
"04 Waters.mp3","C:\Users\phseamar\OneDrive - Microsoft\Documents\Music\Paul Oakenfold\Global Underground- Oslo Disc 2\04 Waters.mp3","Paul Oakenfold\Global Underground- Oslo Disc 2\04 Waters.mp3","file:///C:/Users/phseamar/OneDrive - Microsoft/Documents/Music/Paul Oakenfold/Global Underground- Oslo Disc 2/04 Waters.mp3","Paul Oakenfold","04 Waters","Global Underground- Oslo Disc 2","Unknown","","Unknown","333","5.6","5:33","102","7.73","Upbeat (100-129)","Medium","Long (Over 5 min)","Paul Oakenfold\Global Underground- Oslo Disc 2","758","False","0","","0","",""
"05 So Much.mp3","C:\Users\phseamar\OneDrive - Microsoft\Documents\Music\Paul Oakenfold\Global Underground- Oslo Disc 2\05 So Much.mp3","Paul Oakenfold\Global Underground- Oslo Disc 2\05 So Much.mp3","file:///C:/Users/phseamar/OneDrive - Microsoft/Documents/Music/Paul Oakenfold/Global Underground- Oslo Disc 2/05 So Much.mp3","Paul Oakenfold","05 So Much","Global Underground- Oslo Disc 2","Unknown","","Unknown","545","9.1","9:05","116","13.1","Upbeat (100-129)","Medium","Long (Over 5 min)","Paul Oakenfold\Global Underground- Oslo Disc 2","759","False","0","","0","",""
"06 Submission.mp3","C:\Users\phseamar\OneDrive - Microsoft\Documents\Music\Paul Oakenfold\Global Underground- Oslo Disc 2\06 Submission.mp3","Paul Oakenfold\Global Underground- Oslo Disc 2\06 Submission.mp3","file:///C:/Users/phseamar/OneDrive - Microsoft/Documents/Music/Paul Oakenfold/Global Underground- Oslo Disc 2/06 Submission.mp3","Paul Oakenfold","06 Submission","Global Underground- Oslo Disc 2","Unknown","","Unknown","299","5","4:59","112","6.27","Upbeat (100-129)","Medium","Medium (3-5 min)","Paul Oakenfold\Global Underground- Oslo Disc 2","760","False","0","","0","",""
"07 Ionised.mp3","C:\Users\phseamar\OneDrive - Microsoft\Documents\Music\Paul Oakenfold\Global Underground- Oslo Disc 2\07 Ionised.mp3","Paul Oakenfold\Global Underground- Oslo Disc 2\07 Ionised.mp3","file:///C:/Users/phseamar/OneDrive - Microsoft/Documents/Music/Paul Oakenfold/Global Underground- Oslo Disc 2/07 Ionised.mp3","Paul Oakenfold","07 Ionised","Global Underground- Oslo Disc 2","Unknown","","Unknown","397","6.6","6:37","100","8.5","Upbeat (100-129)","Medium","Long (Over 5 min)","Paul Oakenfold\Global Underground- Oslo Disc 2","761","False","0","","0","",""
"08 Trance in Saigon.mp3","C:\Users\phseamar\OneDrive - Microsoft\Documents\Music\Paul Oakenfold\Global Underground- Oslo Disc 2\08 Trance in Saigon.mp3","Paul Oakenfold\Global Underground- Oslo Disc 2\08 Trance in Saigon.mp3","file:///C:/Users/phseamar/OneDrive - Microsoft/Documents/Music/Paul Oakenfold/Global Underground- Oslo Disc 2/08 Trance in Saigon.mp3","Paul Oakenfold","08 Trance in Saigon","Global Underground- Oslo Disc 2","Electronic","","Unknown","384","6.4","6:24","138","8.92","Fast (130-159)","High","Long (Over 5 min)","Paul Oakenfold\Global Underground- Oslo Disc 2","762","False","0","","0","",""
"09 Course Poursuite.mp3","C:\Users\phseamar\OneDrive - Microsoft\Documents\Music\Paul Oakenfold\Global Underground- Oslo Disc 2\09 Course Poursuite.mp3","Paul Oakenfold\Global Underground- Oslo Disc 2\09 Course Poursuite.mp3","file:///C:/Users/phseamar/OneDrive - Microsoft/Documents/Music/Paul Oakenfold/Global Underground- Oslo Disc 2/09 Course Poursuite.mp3","Paul Oakenfold","09 Course Poursuite","Global Underground- Oslo Disc 2","Unknown","","Unknown","304","5.1","5:04","113","7.85","Upbeat (100-129)","Medium","Long (Over 5 min)","Paul Oakenfold\Global Underground- Oslo Disc 2","763","False","0","","0","",""
"10 Rhapsody in Venice.mp3","C:\Users\phseamar\OneDrive - Microsoft\Documents\Music\Paul Oakenfold\Global Underground- Oslo Disc 2\10 Rhapsody in Venice.mp3","Paul Oakenfold\Global Underground- Oslo Disc 2\10 Rhapsody in Venice.mp3","file:///C:/Users/phseamar/OneDrive - Microsoft/Documents/Music/Paul Oakenfold/Global Underground- Oslo Disc 2/10 Rhapsody in Venice.mp3","Paul Oakenfold","10 Rhapsody in Venice","Global Underground- Oslo Disc 2","Unknown","","Unknown","444","7.4","7:24","113","10.45","Upbeat (100-129)","Medium","Long (Over 5 min)","Paul Oakenfold\Global Underground- Oslo Disc 2","764","False","0","","0","",""
"01 Time.mp3","C:\Users\phseamar\OneDrive - Microsoft\Documents\Music\Paul Oakenfold\Tranceport\01 Time.mp3","Paul Oakenfold\Tranceport\01 Time.mp3","file:///C:/Users/phseamar/OneDrive - Microsoft/Documents/Music/Paul Oakenfold/Tranceport/01 Time.mp3","Paul Oakenfold","01 Time","Tranceport","Electronic","","Unknown","396","6.6","6:36","123","10.49","Upbeat (100-129)","High","Long (Over 5 min)","Paul Oakenfold\Tranceport","765","False","0","","0","",""
"02 Greece 2000.mp3","C:\Users\phseamar\OneDrive - Microsoft\Documents\Music\Paul Oakenfold\Tranceport\02 Greece 2000.mp3","Paul Oakenfold\Tranceport\02 Greece 2000.mp3","file:///C:/Users/phseamar/OneDrive - Microsoft/Documents/Music/Paul Oakenfold/Tranceport/02 Greece 2000.mp3","Paul Oakenfold","02 Greece 2000","Tranceport","Electronic","2000","2000s","390","6.5","6:30","122","9.96","Upbeat (100-129)","High","Long (Over 5 min)","Paul Oakenfold\Tranceport","766","False","0","","0","",""
"09 Words (For Love).mp3","C:\Users\phseamar\OneDrive - Microsoft\Documents\Music\Paul Oakenfold\Tranceport\09 Words (For Love).mp3","Paul Oakenfold\Tranceport\09 Words (For Love).mp3","file:///C:/Users/phseamar/OneDrive - Microsoft/Documents/Music/Paul Oakenfold/Tranceport/09 Words (For Love).mp3","Paul Oakenfold","09 Words (For Love)","Tranceport","Electronic","","Unknown","325","5.4","5:25","120","8.04","Upbeat (100-129)","High","Long (Over 5 min)","Paul Oakenfold\Tranceport","773","False","0","","0","",""
"10 Gamemaster.mp3","C:\Users\phseamar\OneDrive - Microsoft\Documents\Music\Paul Oakenfold\Tranceport\10 Gamemaster.mp3","Paul Oakenfold\Tranceport\10 Gamemaster.mp3","file:///C:/Users/phseamar/OneDrive - Microsoft/Documents/Music/Paul Oakenfold/Tranceport/10 Gamemaster.mp3","Paul Oakenfold","10 Gamemaster","Tranceport","Electronic","","Unknown","437","7.3","7:17","133","12.25","Fast (130-159)","High","Long (Over 5 min)","Paul Oakenfold\Tranceport","774","False","0","","0","",""
"11 Enervate.mp3","C:\Users\phseamar\OneDrive - Microsoft\Documents\Music\Paul Oakenfold\Tranceport\11 Enervate.mp3","Paul Oakenfold\Tranceport\11 Enervate.mp3","file:///C:/Users/phseamar/OneDrive - Microsoft/Documents/Music/Paul Oakenfold/Tranceport/11 Enervate.mp3","Paul Oakenfold","11 Enervate","Tranceport","Electronic","","Unknown","423","7","7:03","125","10.03","Upbeat (100-129)","High","Long (Over 5 min)","Paul Oakenfold\Tranceport","775","False","0","","0","",""
"01 Notice Me.mp3","C:\Users\phseamar\OneDrive - Microsoft\Documents\Music\Sessions II- Paul Oakenfold\01 Notice Me.mp3","Sessions II- Paul Oakenfold\01 Notice Me.mp3","file:///C:/Users/phseamar/OneDrive - Microsoft/Documents/Music/Sessions II- Paul Oakenfold/01 Notice Me.mp3","Sessions II- Paul Oakenfold","01 Notice Me","Unknown Album","Unknown","","Unknown","389","6.5","6:29","92","9.39","Medium (70-99)","Medium","Long (Over 5 min)","Sessions II- Paul Oakenfold","829","False","0","","0","",""
"03 Deep Inside.mp3","C:\Users\phseamar\OneDrive - Microsoft\Documents\Music\Sessions II- Paul Oakenfold\03 Deep Inside.mp3","Sessions II- Paul Oakenfold\03 Deep Inside.mp3","file:///C:/Users/phseamar/OneDrive - Microsoft/Documents/Music/Sessions II- Paul Oakenfold/03 Deep Inside.mp3","Sessions II- Paul Oakenfold","03 Deep Inside","Unknown Album","Unknown","","Unknown","372","6.2","6:12","103","8.64","Upbeat (100-129)","Medium","Long (Over 5 min)","Sessions II- Paul Oakenfold","831","False","0","","0","",""
"09 The Nervous Track.mp3","C:\Users\phseamar\OneDrive - Microsoft\Documents\Music\Sessions II- Paul Oakenfold\09 The Nervous Track.mp3","Sessions II- Paul Oakenfold\09 The Nervous Track.mp3","file:///C:/Users/phseamar/OneDrive - Microsoft/Documents/Music/Sessions II- Paul Oakenfold/09 The Nervous Track.mp3","Sessions II- Paul Oakenfold","09 The Nervous Track","Unknown Album","Unknown","","Unknown","311","5.2","5:11","95","7.05","Medium (70-99)","Medium","Long (Over 5 min)","Sessions II- Paul Oakenfold","837","False","0","","0","",""
"01 6 Days.mp3","C:\Users\phseamar\OneDrive - Microsoft\Documents\Music\The Brain Central Nrevous System 2\01 6 Days.mp3","The Brain Central Nrevous System 2\01 6 Days.mp3","file:///C:/Users/phseamar/OneDrive - Microsoft/Documents/Music/The Brain Central Nrevous System 2/01 6 Days.mp3","The Brain Central Nrevous System 2","01 6 Days","Unknown Album","Unknown","","Unknown","357","6","5:57","108","7.93","Upbeat (100-129)","Medium","Long (Over 5 min)","The Brain Central Nrevous System 2","882","False","0","","0","",""
"02 Forever Young.mp3","C:\Users\phseamar\OneDrive - Microsoft\Documents\Music\The Brain Central Nrevous System 2\02 Forever Young.mp3","The Brain Central Nrevous System 2\02 Forever Young.mp3","file:///C:/Users/phseamar/OneDrive - Microsoft/Documents/Music/The Brain Central Nrevous System 2/02 Forever Young.mp3","The Brain Central Nrevous System 2","02 Forever Young","Unknown Album","Unknown","","Unknown","168","2.8","2:48","117","3.94","Upbeat (100-129)","Medium","Short (Under 3 min)","The Brain Central Nrevous System 2","883","False","0","","0","",""
"03 Get The Future Started.mp3","C:\Users\phseamar\OneDrive - Microsoft\Documents\Music\The Brain Central Nrevous System 2\03 Get The Future Started.mp3","The Brain Central Nrevous System 2\03 Get The Future Started.mp3","file:///C:/Users/phseamar/OneDrive - Microsoft/Documents/Music/The Brain Central Nrevous System 2/03 Get The Future Started.mp3","The Brain Central Nrevous System 2","03 Get The Future Started","Unknown Album","Unknown","","Unknown","191","3.2","3:11","93","4.52","Medium (70-99)","Medium","Medium (3-5 min)","The Brain Central Nrevous System 2","884","False","0","","0","",""
"04 Cold As Ice.mp3","C:\Users\phseamar\OneDrive - Microsoft\Documents\Music\The Brain Central Nrevous System 2\04 Cold As Ice.mp3","The Brain Central Nrevous System 2\04 Cold As Ice.mp3","file:///C:/Users/phseamar/OneDrive - Microsoft/Documents/Music/The Brain Central Nrevous System 2/04 Cold As Ice.mp3","The Brain Central Nrevous System 2","04 Cold As Ice","Unknown Album","Unknown","","Unknown","209","3.5","3:29","111","3.84","Upbeat (100-129)","Medium","Medium (3-5 min)","The Brain Central Nrevous System 2","885","False","0","","0","",""
"05 I Need Your Lovin'.mp3","C:\Users\phseamar\OneDrive - Microsoft\Documents\Music\The Brain Central Nrevous System 2\05 I Need Your Lovin'.mp3","The Brain Central Nrevous System 2\05 I Need Your Lovin'.mp3","file:///C:/Users/phseamar/OneDrive - Microsoft/Documents/Music/The Brain Central Nrevous System 2/05 I Need Your Lovin'.mp3","The Brain Central Nrevous System 2","05 I Need Your Lovin'","Unknown Album","Unknown","","Unknown","234","3.9","3:54","101","5.65","Upbeat (100-129)","Medium","Medium (3-5 min)","The Brain Central Nrevous System 2","886","False","0","","0","",""
"06 We got the Juice.mp3","C:\Users\phseamar\OneDrive - Microsoft\Documents\Music\The Brain Central Nrevous System 2\06 We got the Juice.mp3","The Brain Central Nrevous System 2\06 We got the Juice.mp3","file:///C:/Users/phseamar/OneDrive - Microsoft/Documents/Music/The Brain Central Nrevous System 2/06 We got the Juice.mp3","The Brain Central Nrevous System 2","06 We got the Juice","Unknown Album","Unknown","","Unknown","163","2.7","2:43","118","3.31","Upbeat (100-129)","Medium","Short (Under 3 min)","The Brain Central Nrevous System 2","887","False","0","","0","",""
"07 Wonderful Days.mp3","C:\Users\phseamar\OneDrive - Microsoft\Documents\Music\The Brain Central Nrevous System 2\07 Wonderful Days.mp3","The Brain Central Nrevous System 2\07 Wonderful Days.mp3","file:///C:/Users/phseamar/OneDrive - Microsoft/Documents/Music/The Brain Central Nrevous System 2/07 Wonderful Days.mp3","The Brain Central Nrevous System 2","07 Wonderful Days","Unknown Album","Unknown","","Unknown","184","3.1","3:04","97","4.17","Medium (70-99)","Medium","Medium (3-5 min)","The Brain Central Nrevous System 2","888","False","0","","0","",""
"08 Life Is Like A Dance.mp3","C:\Users\phseamar\OneDrive - Microsoft\Documents\Music\The Brain Central Nrevous System 2\08 Life Is Like A Dance.mp3","The Brain Central Nrevous System 2\08 Life Is Like A Dance.mp3","file:///C:/Users/phseamar/OneDrive - Microsoft/Documents/Music/The Brain Central Nrevous System 2/08 Life Is Like A Dance.mp3","The Brain Central Nrevous System 2","08 Life Is Like A Dance","Unknown Album","Electronic","","Unknown","259","4.3","4:19","131","5.2","Fast (130-159)","High","Medium (3-5 min)","The Brain Central Nrevous System 2","889","False","0","","0","",""
"09 Around The World.mp3","C:\Users\phseamar\OneDrive - Microsoft\Documents\Music\The Brain Central Nrevous System 2\09 Around The World.mp3","The Brain Central Nrevous System 2\09 Around The World.mp3","file:///C:/Users/phseamar/OneDrive - Microsoft/Documents/Music/The Brain Central Nrevous System 2/09 Around The World.mp3","The Brain Central Nrevous System 2","09 Around The World","Unknown Album","Unknown","","Unknown","318","5.3","5:18","106","5.81","Upbeat (100-129)","Medium","Long (Over 5 min)","The Brain Central Nrevous System 2","890","False","0","","0","",""
"10 Children of The Revolution.mp3","C:\Users\phseamar\OneDrive - Microsoft\Documents\Music\The Brain Central Nrevous System 2\10 Children of The Revolution.mp3","The Brain Central Nrevous System 2\10 Children of The Revolution.mp3","file:///C:/Users/phseamar/OneDrive - Microsoft/Documents/Music/The Brain Central Nrevous System 2/10 Children of The Revolution.mp3","The Brain Central Nrevous System 2","10 Children of The Revolution","Unknown Album","Unknown","","Unknown","166","2.8","2:46","101","3.59","Upbeat (100-129)","Medium","Short (Under 3 min)","The Brain Central Nrevous System 2","891","False","0","","0","",""
"11 Last Anthem.mp3","C:\Users\phseamar\OneDrive - Microsoft\Documents\Music\The Brain Central Nrevous System 2\11 Last Anthem.mp3","The Brain Central Nrevous System 2\11 Last Anthem.mp3","file:///C:/Users/phseamar/OneDrive - Microsoft/Documents/Music/The Brain Central Nrevous System 2/11 Last Anthem.mp3","The Brain Central Nrevous System 2","11 Last Anthem","Unknown Album","Unknown","","Unknown","349","5.8","5:49","91","8.75","Medium (70-99)","Medium","Long (Over 5 min)","The Brain Central Nrevous System 2","892","False","0","","0","",""
"12 How Deep Is Your Love.mp3","C:\Users\phseamar\OneDrive - Microsoft\Documents\Music\The Brain Central Nrevous System 2\12 How Deep Is Your Love.mp3","The Brain Central Nrevous System 2\12 How Deep Is Your Love.mp3","file:///C:/Users/phseamar/OneDrive - Microsoft/Documents/Music/The Brain Central Nrevous System 2/12 How Deep Is Your Love.mp3","The Brain Central Nrevous System 2","12 How Deep Is Your Love","Unknown Album","Unknown","","Unknown","229","3.8","3:49","99","4.93","Medium (70-99)","Medium","Medium (3-5 min)","The Brain Central Nrevous System 2","893","False","0","","0","",""
"13 Luv U More.mp3","C:\Users\phseamar\OneDrive - Microsoft\Documents\Music\The Brain Central Nrevous System 2\13 Luv U More.mp3","The Brain Central Nrevous System 2\13 Luv U More.mp3","file:///C:/Users/phseamar/OneDrive - Microsoft/Documents/Music/The Brain Central Nrevous System 2/13 Luv U More.mp3","The Brain Central Nrevous System 2","13 Luv U More","Unknown Album","Unknown","","Unknown","292","4.9","4:52","95","5.48","Medium (70-99)","Medium","Medium (3-5 min)","The Brain Central Nrevous System 2","894","False","0","","0","",""
"14 Hallucinating.mp3","C:\Users\phseamar\OneDrive - Microsoft\Documents\Music\The Brain Central Nrevous System 2\14 Hallucinating.mp3","The Brain Central Nrevous System 2\14 Hallucinating.mp3","file:///C:/Users/phseamar/OneDrive - Microsoft/Documents/Music/The Brain Central Nrevous System 2/14 Hallucinating.mp3","The Brain Central Nrevous System 2","14 Hallucinating","Unknown Album","Unknown","","Unknown","209","3.5","3:29","117","3.87","Upbeat (100-129)","Medium","Medium (3-5 min)","The Brain Central Nrevous System 2","895","False","0","","0","",""
"15 Happy Vibes.mp3","C:\Users\phseamar\OneDrive - Microsoft\Documents\Music\The Brain Central Nrevous System 2\15 Happy Vibes.mp3","The Brain Central Nrevous System 2\15 Happy Vibes.mp3","file:///C:/Users/phseamar/OneDrive - Microsoft/Documents/Music/The Brain Central Nrevous System 2/15 Happy Vibes.mp3","The Brain Central Nrevous System 2","15 Happy Vibes","Unknown Album","Unknown","","Unknown","189","3.2","3:09","105","4.43","Upbeat (100-129)","Medium","Medium (3-5 min)","The Brain Central Nrevous System 2","896","False","0","","0","",""
"16 I'M THE ---- YOU MAN.mp3","C:\Users\phseamar\OneDrive - Microsoft\Documents\Music\The Brain Central Nrevous System 2\16 I'M THE ---- YOU MAN.mp3","The Brain Central Nrevous System 2\16 I'M THE ---- YOU MAN.mp3","file:///C:/Users/phseamar/OneDrive - Microsoft/Documents/Music/The Brain Central Nrevous System 2/16 I'M THE ---- YOU MAN.mp3","16 I'M THE","--- YOU MAN","Unknown Album","Unknown","","Unknown","252","4.2","4:12","103","6.32","Upbeat (100-129)","Medium","Medium (3-5 min)","The Brain Central Nrevous System 2","897","False","0","","0","",""
"17 Mind Of A Lunatic.mp3","C:\Users\phseamar\OneDrive - Microsoft\Documents\Music\The Brain Central Nrevous System 2\17 Mind Of A Lunatic.mp3","The Brain Central Nrevous System 2\17 Mind Of A Lunatic.mp3","file:///C:/Users/phseamar/OneDrive - Microsoft/Documents/Music/The Brain Central Nrevous System 2/17 Mind Of A Lunatic.mp3","The Brain Central Nrevous System 2","17 Mind Of A Lunatic","Unknown Album","Unknown","","Unknown","204","3.4","3:24","94","4.39","Medium (70-99)","Medium","Medium (3-5 min)","The Brain Central Nrevous System 2","898","False","0","","0","",""
"18 Mega.mp3","C:\Users\phseamar\OneDrive - Microsoft\Documents\Music\The Brain Central Nrevous System 2\18 Mega.mp3","The Brain Central Nrevous System 2\18 Mega.mp3","file:///C:/Users/phseamar/OneDrive - Microsoft/Documents/Music/The Brain Central Nrevous System 2/18 Mega.mp3","The Brain Central Nrevous System 2","18 Mega","Unknown Album","Unknown","","Unknown","211","3.5","3:31","117","5.31","Upbeat (100-129)","Medium","Medium (3-5 min)","The Brain Central Nrevous System 2","899","False","0","","0","",""
"19 The Bird.mp3","C:\Users\phseamar\OneDrive - Microsoft\Documents\Music\The Brain Central Nrevous System 2\19 The Bird.mp3","The Brain Central Nrevous System 2\19 The Bird.mp3","file:///C:/Users/phseamar/OneDrive - Microsoft/Documents/Music/The Brain Central Nrevous System 2/19 The Bird.mp3","The Brain Central Nrevous System 2","19 The Bird","Unknown Album","Unknown","","Unknown","241","4","4:01","103","5.78","Upbeat (100-129)","Medium","Medium (3-5 min)","The Brain Central Nrevous System 2","900","False","0","","0","",""
"01 Lifeforms, Path 1.mp3","C:\Users\phseamar\OneDrive - Microsoft\Documents\Music\The Future Sound of London\Lifeforms (Remixes)\01 Lifeforms, Path 1.mp3","The Future Sound of London\Lifeforms (Remixes)\01 Lifeforms, Path 1.mp3","file:///C:/Users/phseamar/OneDrive - Microsoft/Documents/Music/The Future Sound of London/Lifeforms (Remixes)/01 Lifeforms, Path 1.mp3","The Future Sound of London","01 Lifeforms, Path 1","Lifeforms (Remixes)","Unknown","","Unknown","284","4.7","4:44","90","6.89","Medium (70-99)","Medium","Medium (3-5 min)","The Future Sound of London\Lifeforms (Remixes)","901","False","0","","0","",""
"02 Lifeforms, Path 2.mp3","C:\Users\phseamar\OneDrive - Microsoft\Documents\Music\The Future Sound of London\Lifeforms (Remixes)\02 Lifeforms, Path 2.mp3","The Future Sound of London\Lifeforms (Remixes)\02 Lifeforms, Path 2.mp3","file:///C:/Users/phseamar/OneDrive - Microsoft/Documents/Music/The Future Sound of London/Lifeforms (Remixes)/02 Lifeforms, Path 2.mp3","The Future Sound of London","02 Lifeforms, Path 2","Lifeforms (Remixes)","Unknown","","Unknown","397","6.6","6:37","110","7.03","Upbeat (100-129)","Medium","Long (Over 5 min)","The Future Sound of London\Lifeforms (Remixes)","902","False","0","","0","",""
"03 Lifeforms, Path 3.mp3","C:\Users\phseamar\OneDrive - Microsoft\Documents\Music\The Future Sound of London\Lifeforms (Remixes)\03 Lifeforms, Path 3.mp3","The Future Sound of London\Lifeforms (Remixes)\03 Lifeforms, Path 3.mp3","file:///C:/Users/phseamar/OneDrive - Microsoft/Documents/Music/The Future Sound of London/Lifeforms (Remixes)/03 Lifeforms, Path 3.mp3","The Future Sound of London","03 Lifeforms, Path 3","Lifeforms (Remixes)","Unknown","","Unknown","322","5.4","5:22","107","6.16","Upbeat (100-129)","Medium","Long (Over 5 min)","The Future Sound of London\Lifeforms (Remixes)","903","False","0","","0","",""
"04 Lifeforms, Path 4.mp3","C:\Users\phseamar\OneDrive - Microsoft\Documents\Music\The Future Sound of London\Lifeforms (Remixes)\04 Lifeforms, Path 4.mp3","The Future Sound of London\Lifeforms (Remixes)\04 Lifeforms, Path 4.mp3","file:///C:/Users/phseamar/OneDrive - Microsoft/Documents/Music/The Future Sound of London/Lifeforms (Remixes)/04 Lifeforms, Path 4.mp3","The Future Sound of London","04 Lifeforms, Path 4","Lifeforms (Remixes)","Unknown","","Unknown","555","9.2","9:15","93","11.14","Medium (70-99)","Medium","Long (Over 5 min)","The Future Sound of London\Lifeforms (Remixes)","904","False","0","","0","",""
"05 Lifeforms, Path 5.mp3","C:\Users\phseamar\OneDrive - Microsoft\Documents\Music\The Future Sound of London\Lifeforms (Remixes)\05 Lifeforms, Path 5.mp3","The Future Sound of London\Lifeforms (Remixes)\05 Lifeforms, Path 5.mp3","file:///C:/Users/phseamar/OneDrive - Microsoft/Documents/Music/The Future Sound of London/Lifeforms (Remixes)/05 Lifeforms, Path 5.mp3","The Future Sound of London","05 Lifeforms, Path 5","Lifeforms (Remixes)","Unknown","","Unknown","319","5.3","5:19","116","6.48","Upbeat (100-129)","Medium","Long (Over 5 min)","The Future Sound of London\Lifeforms (Remixes)","905","False","0","","0","",""
"06 Lifeforms, Path 6.mp3","C:\Users\phseamar\OneDrive - Microsoft\Documents\Music\The Future Sound of London\Lifeforms (Remixes)\06 Lifeforms, Path 6.mp3","The Future Sound of London\Lifeforms (Remixes)\06 Lifeforms, Path 6.mp3","file:///C:/Users/phseamar/OneDrive - Microsoft/Documents/Music/The Future Sound of London/Lifeforms (Remixes)/06 Lifeforms, Path 6.mp3","The Future Sound of London","06 Lifeforms, Path 6","Lifeforms (Remixes)","Unknown","","Unknown","211","3.5","3:31","108","4.49","Upbeat (100-129)","Medium","Medium (3-5 min)","The Future Sound of London\Lifeforms (Remixes)","906","False","0","","0","",""
"07 Lifeforms, Path 7.mp3","C:\Users\phseamar\OneDrive - Microsoft\Documents\Music\The Future Sound of London\Lifeforms (Remixes)\07 Lifeforms, Path 7.mp3","The Future Sound of London\Lifeforms (Remixes)\07 Lifeforms, Path 7.mp3","file:///C:/Users/phseamar/OneDrive - Microsoft/Documents/Music/The Future Sound of London/Lifeforms (Remixes)/07 Lifeforms, Path 7.mp3","The Future Sound of London","07 Lifeforms, Path 7","Lifeforms (Remixes)","Unknown","","Unknown","244","4.1","4:04","107","5.43","Upbeat (100-129)","Medium","Medium (3-5 min)","The Future Sound of London\Lifeforms (Remixes)","907","False","0","","0","",""
"01 Cascade.mp3","C:\Users\phseamar\OneDrive - Microsoft\Documents\Music\The Future Sound of London\Lifeforms Disc 1\01 Cascade.mp3","The Future Sound of London\Lifeforms Disc 1\01 Cascade.mp3","file:///C:/Users/phseamar/OneDrive - Microsoft/Documents/Music/The Future Sound of London/Lifeforms Disc 1/01 Cascade.mp3","The Future Sound of London","01 Cascade","Lifeforms Disc 1","Unknown","","Unknown","359","6","5:59","116","7.35","Upbeat (100-129)","Medium","Long (Over 5 min)","The Future Sound of London\Lifeforms Disc 1","908","False","0","","0","",""
"02 Ill Flower.mp3","C:\Users\phseamar\OneDrive - Microsoft\Documents\Music\The Future Sound of London\Lifeforms Disc 1\02 Ill Flower.mp3","The Future Sound of London\Lifeforms Disc 1\02 Ill Flower.mp3","file:///C:/Users/phseamar/OneDrive - Microsoft/Documents/Music/The Future Sound of London/Lifeforms Disc 1/02 Ill Flower.mp3","The Future Sound of London","02 Ill Flower","Lifeforms Disc 1","Unknown","","Unknown","204","3.4","3:24","110","3.84","Upbeat (100-129)","Medium","Medium (3-5 min)","The Future Sound of London\Lifeforms Disc 1","909","False","0","","0","",""
"03 Flak.mp3","C:\Users\phseamar\OneDrive - Microsoft\Documents\Music\The Future Sound of London\Lifeforms Disc 1\03 Flak.mp3","The Future Sound of London\Lifeforms Disc 1\03 Flak.mp3","file:///C:/Users/phseamar/OneDrive - Microsoft/Documents/Music/The Future Sound of London/Lifeforms Disc 1/03 Flak.mp3","The Future Sound of London","03 Flak","Lifeforms Disc 1","Unknown","","Unknown","293","4.9","4:53","115","6.16","Upbeat (100-129)","Medium","Medium (3-5 min)","The Future Sound of London\Lifeforms Disc 1","910","False","0","","0","",""
"04 Bird Wings.mp3","C:\Users\phseamar\OneDrive - Microsoft\Documents\Music\The Future Sound of London\Lifeforms Disc 1\04 Bird Wings.mp3","The Future Sound of London\Lifeforms Disc 1\04 Bird Wings.mp3","file:///C:/Users/phseamar/OneDrive - Microsoft/Documents/Music/The Future Sound of London/Lifeforms Disc 1/04 Bird Wings.mp3","The Future Sound of London","04 Bird Wings","Lifeforms Disc 1","Unknown","","Unknown","90","1.5","1:30","111","2.03","Upbeat (100-129)","Medium","Short (Under 3 min)","The Future Sound of London\Lifeforms Disc 1","911","False","0","","0","",""
"05 Dead Skin Cells.mp3","C:\Users\phseamar\OneDrive - Microsoft\Documents\Music\The Future Sound of London\Lifeforms Disc 1\05 Dead Skin Cells.mp3","The Future Sound of London\Lifeforms Disc 1\05 Dead Skin Cells.mp3","file:///C:/Users/phseamar/OneDrive - Microsoft/Documents/Music/The Future Sound of London/Lifeforms Disc 1/05 Dead Skin Cells.mp3","The Future Sound of London","05 Dead Skin Cells","Lifeforms Disc 1","Unknown","","Unknown","410","6.8","6:50","119","8.67","Upbeat (100-129)","Medium","Long (Over 5 min)","The Future Sound of London\Lifeforms Disc 1","912","False","0","","0","",""
"06 Life Forms.mp3","C:\Users\phseamar\OneDrive - Microsoft\Documents\Music\The Future Sound of London\Lifeforms Disc 1\06 Life Forms.mp3","The Future Sound of London\Lifeforms Disc 1\06 Life Forms.mp3","file:///C:/Users/phseamar/OneDrive - Microsoft/Documents/Music/The Future Sound of London/Lifeforms Disc 1/06 Life Forms.mp3","The Future Sound of London","06 Life Forms","Lifeforms Disc 1","Unknown","","Unknown","318","5.3","5:18","117","5.75","Upbeat (100-129)","Medium","Long (Over 5 min)","The Future Sound of London\Lifeforms Disc 1","913","False","0","","0","",""
"07 Eggshell.mp3","C:\Users\phseamar\OneDrive - Microsoft\Documents\Music\The Future Sound of London\Lifeforms Disc 1\07 Eggshell.mp3","The Future Sound of London\Lifeforms Disc 1\07 Eggshell.mp3","file:///C:/Users/phseamar/OneDrive - Microsoft/Documents/Music/The Future Sound of London/Lifeforms Disc 1/07 Eggshell.mp3","The Future Sound of London","07 Eggshell","Lifeforms Disc 1","Unknown","","Unknown","405","6.8","6:45","103","6.57","Upbeat (100-129)","Medium","Long (Over 5 min)","The Future Sound of London\Lifeforms Disc 1","914","False","0","","0","",""
"08 Among Myselves.mp3","C:\Users\phseamar\OneDrive - Microsoft\Documents\Music\The Future Sound of London\Lifeforms Disc 1\08 Among Myselves.mp3","The Future Sound of London\Lifeforms Disc 1\08 Among Myselves.mp3","file:///C:/Users/phseamar/OneDrive - Microsoft/Documents/Music/The Future Sound of London/Lifeforms Disc 1/08 Among Myselves.mp3","The Future Sound of London","08 Among Myselves","Lifeforms Disc 1","Unknown","","Unknown","352","5.9","5:52","112","7.56","Upbeat (100-129)","Medium","Long (Over 5 min)","The Future Sound of London\Lifeforms Disc 1","915","False","0","","0","",""
"01 Domain.mp3","C:\Users\phseamar\OneDrive - Microsoft\Documents\Music\The Future Sound of London\Lifeforms Disc 2\01 Domain.mp3","The Future Sound of London\Lifeforms Disc 2\01 Domain.mp3","file:///C:/Users/phseamar/OneDrive - Microsoft/Documents/Music/The Future Sound of London/Lifeforms Disc 2/01 Domain.mp3","The Future Sound of London","01 Domain","Lifeforms Disc 2","Unknown","","Unknown","168","2.8","2:48","107","3.55","Upbeat (100-129)","Medium","Short (Under 3 min)","The Future Sound of London\Lifeforms Disc 2","916","False","0","","0","",""
"02 Spineless Jelly.mp3","C:\Users\phseamar\OneDrive - Microsoft\Documents\Music\The Future Sound of London\Lifeforms Disc 2\02 Spineless Jelly.mp3","The Future Sound of London\Lifeforms Disc 2\02 Spineless Jelly.mp3","file:///C:/Users/phseamar/OneDrive - Microsoft/Documents/Music/The Future Sound of London/Lifeforms Disc 2/02 Spineless Jelly.mp3","The Future Sound of London","02 Spineless Jelly","Lifeforms Disc 2","Unknown","","Unknown","281","4.7","4:41","92","5.55","Medium (70-99)","Medium","Medium (3-5 min)","The Future Sound of London\Lifeforms Disc 2","917","False","0","","0","",""
"03 Interstat.mp3","C:\Users\phseamar\OneDrive - Microsoft\Documents\Music\The Future Sound of London\Lifeforms Disc 2\03 Interstat.mp3","The Future Sound of London\Lifeforms Disc 2\03 Interstat.mp3","file:///C:/Users/phseamar/OneDrive - Microsoft/Documents/Music/The Future Sound of London/Lifeforms Disc 2/03 Interstat.mp3","The Future Sound of London","03 Interstat","Lifeforms Disc 2","Unknown","","Unknown","55","0.9","0:55","95","1.22","Medium (70-99)","Medium","Short (Under 3 min)","The Future Sound of London\Lifeforms Disc 2","918","False","0","","0","",""
"04 Vertical Pig.mp3","C:\Users\phseamar\OneDrive - Microsoft\Documents\Music\The Future Sound of London\Lifeforms Disc 2\04 Vertical Pig.mp3","The Future Sound of London\Lifeforms Disc 2\04 Vertical Pig.mp3","file:///C:/Users/phseamar/OneDrive - Microsoft/Documents/Music/The Future Sound of London/Lifeforms Disc 2/04 Vertical Pig.mp3","The Future Sound of London","04 Vertical Pig","Lifeforms Disc 2","Unknown","","Unknown","404","6.7","6:44","108","7.75","Upbeat (100-129)","Medium","Long (Over 5 min)","The Future Sound of London\Lifeforms Disc 2","919","False","0","","0","",""
"05 Cerebral.mp3","C:\Users\phseamar\OneDrive - Microsoft\Documents\Music\The Future Sound of London\Lifeforms Disc 2\05 Cerebral.mp3","The Future Sound of London\Lifeforms Disc 2\05 Cerebral.mp3","file:///C:/Users/phseamar/OneDrive - Microsoft/Documents/Music/The Future Sound of London/Lifeforms Disc 2/05 Cerebral.mp3","The Future Sound of London","05 Cerebral","Lifeforms Disc 2","Unknown","","Unknown","210","3.5","3:30","108","4.44","Upbeat (100-129)","Medium","Medium (3-5 min)","The Future Sound of London\Lifeforms Disc 2","920","False","0","","0","",""
"06 Life Form Ends.mp3","C:\Users\phseamar\OneDrive - Microsoft\Documents\Music\The Future Sound of London\Lifeforms Disc 2\06 Life Form Ends.mp3","The Future Sound of London\Lifeforms Disc 2\06 Life Form Ends.mp3","file:///C:/Users/phseamar/OneDrive - Microsoft/Documents/Music/The Future Sound of London/Lifeforms Disc 2/06 Life Form Ends.mp3","The Future Sound of London","06 Life Form Ends","Lifeforms Disc 2","Unknown","","Unknown","303","5","5:03","96","5.73","Medium (70-99)","Medium","Long (Over 5 min)","The Future Sound of London\Lifeforms Disc 2","921","False","0","","0","",""
"07 VIT.mp3","C:\Users\phseamar\OneDrive - Microsoft\Documents\Music\The Future Sound of London\Lifeforms Disc 2\07 VIT.mp3","The Future Sound of London\Lifeforms Disc 2\07 VIT.mp3","file:///C:/Users/phseamar/OneDrive - Microsoft/Documents/Music/The Future Sound of London/Lifeforms Disc 2/07 VIT.mp3","The Future Sound of London","07 VIT","Lifeforms Disc 2","Unknown","","Unknown","408","6.8","6:48","93","7.14","Medium (70-99)","Medium","Long (Over 5 min)","The Future Sound of London\Lifeforms Disc 2","922","False","0","","0","",""
"08 Omnipresence.mp3","C:\Users\phseamar\OneDrive - Microsoft\Documents\Music\The Future Sound of London\Lifeforms Disc 2\08 Omnipresence.mp3","The Future Sound of London\Lifeforms Disc 2\08 Omnipresence.mp3","file:///C:/Users/phseamar/OneDrive - Microsoft/Documents/Music/The Future Sound of London/Lifeforms Disc 2/08 Omnipresence.mp3","The Future Sound of London","08 Omnipresence","Lifeforms Disc 2","Unknown","","Unknown","399","6.6","6:39","94","8.42","Medium (70-99)","Medium","Long (Over 5 min)","The Future Sound of London\Lifeforms Disc 2","923","False","0","","0","",""
"09 Room 208.mp3","C:\Users\phseamar\OneDrive - Microsoft\Documents\Music\The Future Sound of London\Lifeforms Disc 2\09 Room 208.mp3","The Future Sound of London\Lifeforms Disc 2\09 Room 208.mp3","file:///C:/Users/phseamar/OneDrive - Microsoft/Documents/Music/The Future Sound of London/Lifeforms Disc 2/09 Room 208.mp3","The Future Sound of London","09 Room 208","Lifeforms Disc 2","Unknown","","Unknown","373","6.2","6:13","110","7.38","Upbeat (100-129)","Medium","Long (Over 5 min)","The Future Sound of London\Lifeforms Disc 2","924","False","0","","0","",""
"10 Elaborate Burn.mp3","C:\Users\phseamar\OneDrive - Microsoft\Documents\Music\The Future Sound of London\Lifeforms Disc 2\10 Elaborate Burn.mp3","The Future Sound of London\Lifeforms Disc 2\10 Elaborate Burn.mp3","file:///C:/Users/phseamar/OneDrive - Microsoft/Documents/Music/The Future Sound of London/Lifeforms Disc 2/10 Elaborate Burn.mp3","The Future Sound of London","10 Elaborate Burn","Lifeforms Disc 2","Unknown","","Unknown","195","3.2","3:15","99","4.01","Medium (70-99)","Medium","Medium (3-5 min)","The Future Sound of London\Lifeforms Disc 2","925","False","0","","0","",""
"11 Little Brother.mp3","C:\Users\phseamar\OneDrive - Microsoft\Documents\Music\The Future Sound of London\Lifeforms Disc 2\11 Little Brother.mp3","The Future Sound of London\Lifeforms Disc 2\11 Little Brother.mp3","file:///C:/Users/phseamar/OneDrive - Microsoft/Documents/Music/The Future Sound of London/Lifeforms Disc 2/11 Little Brother.mp3","The Future Sound of London","11 Little Brother","Lifeforms Disc 2","Unknown","","Unknown","313","5.2","5:13","94","7.81","Medium (70-99)","Medium","Long (Over 5 min)","The Future Sound of London\Lifeforms Disc 2","926","False","0","","0","",""
"01 - Gan To The Kye.mp3","C:\Users\phseamar\OneDrive - Microsoft\Documents\Music\The Unthanks-Last-2011\01 - Gan To The Kye.mp3","The Unthanks-Last-2011\01 - Gan To The Kye.mp3","file:///C:/Users/phseamar/OneDrive - Microsoft/Documents/Music/The Unthanks-Last-2011/01 - Gan To The Kye.mp3","01","Gan To The Kye","Unknown Album","Unknown","2011","2010s","339","5.6","5:39","116","9.34","Upbeat (100-129)","Medium","Long (Over 5 min)","The Unthanks-Last-2011","927","False","0","","0","",""
"02 - The Gallowgate Lad.mp3","C:\Users\phseamar\OneDrive - Microsoft\Documents\Music\The Unthanks-Last-2011\02 - The Gallowgate Lad.mp3","The Unthanks-Last-2011\02 - The Gallowgate Lad.mp3","file:///C:/Users/phseamar/OneDrive - Microsoft/Documents/Music/The Unthanks-Last-2011/02 - The Gallowgate Lad.mp3","02","The Gallowgate Lad","Unknown Album","Unknown","2011","2010s","366","6.1","6:06","91","10.49","Medium (70-99)","Medium","Long (Over 5 min)","The Unthanks-Last-2011","928","False","0","","0","",""
"03 - Queen Of Hearts.mp3","C:\Users\phseamar\OneDrive - Microsoft\Documents\Music\The Unthanks-Last-2011\03 - Queen Of Hearts.mp3","The Unthanks-Last-2011\03 - Queen Of Hearts.mp3","file:///C:/Users/phseamar/OneDrive - Microsoft/Documents/Music/The Unthanks-Last-2011/03 - Queen Of Hearts.mp3","03","Queen Of Hearts","Unknown Album","Unknown","2011","2010s","272","4.5","4:32","90","8.36","Medium (70-99)","Medium","Medium (3-5 min)","The Unthanks-Last-2011","929","False","0","","0","",""
"04 - Last.mp3","C:\Users\phseamar\OneDrive - Microsoft\Documents\Music\The Unthanks-Last-2011\04 - Last.mp3","The Unthanks-Last-2011\04 - Last.mp3","file:///C:/Users/phseamar/OneDrive - Microsoft/Documents/Music/The Unthanks-Last-2011/04 - Last.mp3","04","Last","Unknown Album","Unknown","2011","2010s","429","7.2","7:09","104","12.13","Upbeat (100-129)","Medium","Long (Over 5 min)","The Unthanks-Last-2011","930","False","0","","0","",""
"05 - Give Away Your Heart.mp3","C:\Users\phseamar\OneDrive - Microsoft\Documents\Music\The Unthanks-Last-2011\05 - Give Away Your Heart.mp3","The Unthanks-Last-2011\05 - Give Away Your Heart.mp3","file:///C:/Users/phseamar/OneDrive - Microsoft/Documents/Music/The Unthanks-Last-2011/05 - Give Away Your Heart.mp3","05","Give Away Your Heart","Unknown Album","Unknown","2011","2010s","229","3.8","3:49","109","6.23","Upbeat (100-129)","Medium","Medium (3-5 min)","The Unthanks-Last-2011","931","False","0","","0","",""
"06 - No One Knows I'm Gone.mp3","C:\Users\phseamar\OneDrive - Microsoft\Documents\Music\The Unthanks-Last-2011\06 - No One Knows I'm Gone.mp3","The Unthanks-Last-2011\06 - No One Knows I'm Gone.mp3","file:///C:/Users/phseamar/OneDrive - Microsoft/Documents/Music/The Unthanks-Last-2011/06 - No One Knows I'm Gone.mp3","06","No One Knows I'm Gone","Unknown Album","Unknown","2011","2010s","131","2.2","2:11","93","3.69","Medium (70-99)","Medium","Short (Under 3 min)","The Unthanks-Last-2011","932","False","0","","0","",""
"07 - My Laddie Sits Ower Late Up.mp3","C:\Users\phseamar\OneDrive - Microsoft\Documents\Music\The Unthanks-Last-2011\07 - My Laddie Sits Ower Late Up.mp3","The Unthanks-Last-2011\07 - My Laddie Sits Ower Late Up.mp3","file:///C:/Users/phseamar/OneDrive - Microsoft/Documents/Music/The Unthanks-Last-2011/07 - My Laddie Sits Ower Late Up.mp3","07","My Laddie Sits Ower Late Up","Unknown Album","Unknown","2011","2010s","165","2.8","2:45","99","4.83","Medium (70-99)","Medium","Short (Under 3 min)","The Unthanks-Last-2011","933","False","0","","0","",""
"08 - Canny Hobbie Elliot.mp3","C:\Users\phseamar\OneDrive - Microsoft\Documents\Music\The Unthanks-Last-2011\08 - Canny Hobbie Elliot.mp3","The Unthanks-Last-2011\08 - Canny Hobbie Elliot.mp3","file:///C:/Users/phseamar/OneDrive - Microsoft/Documents/Music/The Unthanks-Last-2011/08 - Canny Hobbie Elliot.mp3","08","Canny Hobbie Elliot","Unknown Album","Unknown","2011","2010s","208","3.5","3:28","109","6.16","Upbeat (100-129)","Medium","Medium (3-5 min)","The Unthanks-Last-2011","934","False","0","","0","",""
"09 - Starless.mp3","C:\Users\phseamar\OneDrive - Microsoft\Documents\Music\The Unthanks-Last-2011\09 - Starless.mp3","The Unthanks-Last-2011\09 - Starless.mp3","file:///C:/Users/phseamar/OneDrive - Microsoft/Documents/Music/The Unthanks-Last-2011/09 - Starless.mp3","09","Starless","Unknown Album","Unknown","2011","2010s","360","6","6:00","93","9.97","Medium (70-99)","Medium","Long (Over 5 min)","The Unthanks-Last-2011","935","False","0","","0","",""
"10 - Close The Coalhouse Door.mp3","C:\Users\phseamar\OneDrive - Microsoft\Documents\Music\The Unthanks-Last-2011\10 - Close The Coalhouse Door.mp3","The Unthanks-Last-2011\10 - Close The Coalhouse Door.mp3","file:///C:/Users/phseamar/OneDrive - Microsoft/Documents/Music/The Unthanks-Last-2011/10 - Close The Coalhouse Door.mp3","10","Close The Coalhouse Door","Unknown Album","Electronic","2011","2010s","422","7","7:02","121","11.01","Upbeat (100-129)","High","Long (Over 5 min)","The Unthanks-Last-2011","936","False","0","","0","",""
"11 - Last (Reprise).mp3","C:\Users\phseamar\OneDrive - Microsoft\Documents\Music\The Unthanks-Last-2011\11 - Last (Reprise).mp3","The Unthanks-Last-2011\11 - Last (Reprise).mp3","file:///C:/Users/phseamar/OneDrive - Microsoft/Documents/Music/The Unthanks-Last-2011/11 - Last (Reprise).mp3","11","Last (Reprise)","Unknown Album","Unknown","2011","2010s","57","1","0:57","103","1.58","Upbeat (100-129)","Medium","Short (Under 3 min)","The Unthanks-Last-2011","937","False","0","","0","",""
"01 Whakapuaki.mp3","C:\Users\phseamar\OneDrive - Microsoft\Documents\Music\Tiki Taane\Past, Present, Future\01 Whakapuaki.mp3","Tiki Taane\Past, Present, Future\01 Whakapuaki.mp3","file:///C:/Users/phseamar/OneDrive - Microsoft/Documents/Music/Tiki Taane/Past, Present, Future/01 Whakapuaki.mp3","Tiki Taane","01 Whakapuaki","Past, Present, Future","Unknown","","Unknown","108","1.8","1:48","103","1.97","Upbeat (100-129)","Medium","Short (Under 3 min)","Tiki Taane\Past, Present, Future","938","False","0","","0","",""
"02 Tangaroa.mp3","C:\Users\phseamar\OneDrive - Microsoft\Documents\Music\Tiki Taane\Past, Present, Future\02 Tangaroa.mp3","Tiki Taane\Past, Present, Future\02 Tangaroa.mp3","file:///C:/Users/phseamar/OneDrive - Microsoft/Documents/Music/Tiki Taane/Past, Present, Future/02 Tangaroa.mp3","Tiki Taane","02 Tangaroa","Past, Present, Future","Unknown","","Unknown","300","5","5:00","110","7.08","Upbeat (100-129)","Medium","Long (Over 5 min)","Tiki Taane\Past, Present, Future","939","False","0","","0","",""
"03 Now this is it.mp3","C:\Users\phseamar\OneDrive - Microsoft\Documents\Music\Tiki Taane\Past, Present, Future\03 Now this is it.mp3","Tiki Taane\Past, Present, Future\03 Now this is it.mp3","file:///C:/Users/phseamar/OneDrive - Microsoft/Documents/Music/Tiki Taane/Past, Present, Future/03 Now this is it.mp3","Tiki Taane","03 Now this is it","Past, Present, Future","Unknown","","Unknown","203","3.4","3:23","115","4.4","Upbeat (100-129)","Medium","Medium (3-5 min)","Tiki Taane\Past, Present, Future","940","False","0","","0","",""
"04 Our favourite target.mp3","C:\Users\phseamar\OneDrive - Microsoft\Documents\Music\Tiki Taane\Past, Present, Future\04 Our favourite target.mp3","Tiki Taane\Past, Present, Future\04 Our favourite target.mp3","file:///C:/Users/phseamar/OneDrive - Microsoft/Documents/Music/Tiki Taane/Past, Present, Future/04 Our favourite target.mp3","Tiki Taane","04 Our favourite target","Past, Present, Future","Unknown","","Unknown","325","5.4","5:25","104","7.45","Upbeat (100-129)","Medium","Long (Over 5 min)","Tiki Taane\Past, Present, Future","941","False","0","","0","",""
"05 Faded.mp3","C:\Users\phseamar\OneDrive - Microsoft\Documents\Music\Tiki Taane\Past, Present, Future\05 Faded.mp3","Tiki Taane\Past, Present, Future\05 Faded.mp3","file:///C:/Users/phseamar/OneDrive - Microsoft/Documents/Music/Tiki Taane/Past, Present, Future/05 Faded.mp3","Tiki Taane","05 Faded","Past, Present, Future","Unknown","","Unknown","242","4","4:02","90","5.41","Medium (70-99)","Medium","Medium (3-5 min)","Tiki Taane\Past, Present, Future","942","False","0","","0","",""
"06 Savious dub.mp3","C:\Users\phseamar\OneDrive - Microsoft\Documents\Music\Tiki Taane\Past, Present, Future\06 Savious dub.mp3","Tiki Taane\Past, Present, Future\06 Savious dub.mp3","file:///C:/Users/phseamar/OneDrive - Microsoft/Documents/Music/Tiki Taane/Past, Present, Future/06 Savious dub.mp3","Tiki Taane","06 Savious dub","Past, Present, Future","Unknown","","Unknown","370","6.2","6:10","116","7.42","Upbeat (100-129)","Medium","Long (Over 5 min)","Tiki Taane\Past, Present, Future","943","False","0","","0","",""
"07 Always on my mind.mp3","C:\Users\phseamar\OneDrive - Microsoft\Documents\Music\Tiki Taane\Past, Present, Future\07 Always on my mind.mp3","Tiki Taane\Past, Present, Future\07 Always on my mind.mp3","file:///C:/Users/phseamar/OneDrive - Microsoft/Documents/Music/Tiki Taane/Past, Present, Future/07 Always on my mind.mp3","Tiki Taane","07 Always on my mind","Past, Present, Future","Unknown","","Unknown","176","2.9","2:56","104","3.92","Upbeat (100-129)","Medium","Short (Under 3 min)","Tiki Taane\Past, Present, Future","944","False","0","","0","",""
"08 wotcha got.mp3","C:\Users\phseamar\OneDrive - Microsoft\Documents\Music\Tiki Taane\Past, Present, Future\08 wotcha got.mp3","Tiki Taane\Past, Present, Future\08 wotcha got.mp3","file:///C:/Users/phseamar/OneDrive - Microsoft/Documents/Music/Tiki Taane/Past, Present, Future/08 wotcha got.mp3","Tiki Taane","08 wotcha got","Past, Present, Future","Unknown","","Unknown","224","3.7","3:44","95","5.2","Medium (70-99)","Medium","Medium (3-5 min)","Tiki Taane\Past, Present, Future","945","False","0","","0","",""
"09 always on my mind dub.mp3","C:\Users\phseamar\OneDrive - Microsoft\Documents\Music\Tiki Taane\Past, Present, Future\09 always on my mind dub.mp3","Tiki Taane\Past, Present, Future\09 always on my mind dub.mp3","file:///C:/Users/phseamar/OneDrive - Microsoft/Documents/Music/Tiki Taane/Past, Present, Future/09 always on my mind dub.mp3","Tiki Taane","09 always on my mind dub","Past, Present, Future","Unknown","","Unknown","287","4.8","4:47","110","7","Upbeat (100-129)","Medium","Medium (3-5 min)","Tiki Taane\Past, Present, Future","946","False","0","","0","",""
"10 music has saved me.mp3","C:\Users\phseamar\OneDrive - Microsoft\Documents\Music\Tiki Taane\Past, Present, Future\10 music has saved me.mp3","Tiki Taane\Past, Present, Future\10 music has saved me.mp3","file:///C:/Users/phseamar/OneDrive - Microsoft/Documents/Music/Tiki Taane/Past, Present, Future/10 music has saved me.mp3","Tiki Taane","10 music has saved me","Past, Present, Future","Unknown","","Unknown","259","4.3","4:19","91","5.62","Medium (70-99)","Medium","Medium (3-5 min)","Tiki Taane\Past, Present, Future","947","False","0","","0","",""
"11 Past, Present, future.mp3","C:\Users\phseamar\OneDrive - Microsoft\Documents\Music\Tiki Taane\Past, Present, Future\11 Past, Present, future.mp3","Tiki Taane\Past, Present, Future\11 Past, Present, future.mp3","file:///C:/Users/phseamar/OneDrive - Microsoft/Documents/Music/Tiki Taane/Past, Present, Future/11 Past, Present, future.mp3","Tiki Taane","11 Past, Present, future","Past, Present, Future","Unknown","","Unknown","264","4.4","4:24","102","6.17","Upbeat (100-129)","Medium","Medium (3-5 min)","Tiki Taane\Past, Present, Future","948","False","0","","0","",""
"12 It's all in your head.mp3","C:\Users\phseamar\OneDrive - Microsoft\Documents\Music\Tiki Taane\Past, Present, Future\12 It's all in your head.mp3","Tiki Taane\Past, Present, Future\12 It's all in your head.mp3","file:///C:/Users/phseamar/OneDrive - Microsoft/Documents/Music/Tiki Taane/Past, Present, Future/12 It's all in your head.mp3","Tiki Taane","12 It's all in your head","Past, Present, Future","Unknown","","Unknown","327","5.4","5:27","109","7.92","Upbeat (100-129)","Medium","Long (Over 5 min)","Tiki Taane\Past, Present, Future","949","False","0","","0","",""
"13 Tainui Waka.mp3","C:\Users\phseamar\OneDrive - Microsoft\Documents\Music\Tiki Taane\Past, Present, Future\13 Tainui Waka.mp3","Tiki Taane\Past, Present, Future\13 Tainui Waka.mp3","file:///C:/Users/phseamar/OneDrive - Microsoft/Documents/Music/Tiki Taane/Past, Present, Future/13 Tainui Waka.mp3","Tiki Taane","13 Tainui Waka","Past, Present, Future","Unknown","","Unknown","509","8.5","8:29","114","11.98","Upbeat (100-129)","Medium","Long (Over 5 min)","Tiki Taane\Past, Present, Future","950","False","0","","0","",""
"01 Dance with the Devil.mp3","C:\Users\phseamar\OneDrive - Microsoft\Documents\Music\UB40\UB40\01 Dance with the Devil.mp3","UB40\UB40\01 Dance with the Devil.mp3","file:///C:/Users/phseamar/OneDrive - Microsoft/Documents/Music/UB40/UB40/01 Dance with the Devil.mp3","UB40","01 Dance with the Devil","UB40","Electronic","","Unknown","346","5.8","5:46","129","7.64","Upbeat (100-129)","High","Long (Over 5 min)","UB40\UB40","951","False","0","","0","",""
"02 Come Out to Play.mp3","C:\Users\phseamar\OneDrive - Microsoft\Documents\Music\UB40\UB40\02 Come Out to Play.mp3","UB40\UB40\02 Come Out to Play.mp3","file:///C:/Users/phseamar/OneDrive - Microsoft/Documents/Music/UB40/UB40/02 Come Out to Play.mp3","UB40","02 Come Out to Play","UB40","Unknown","","Unknown","195","3.2","3:15","119","4.17","Upbeat (100-129)","Medium","Medium (3-5 min)","UB40\UB40","952","False","0","","0","",""
"03 Breakfast in Bed.mp3","C:\Users\phseamar\OneDrive - Microsoft\Documents\Music\UB40\UB40\03 Breakfast in Bed.mp3","UB40\UB40\03 Breakfast in Bed.mp3","file:///C:/Users/phseamar/OneDrive - Microsoft/Documents/Music/UB40/UB40/03 Breakfast in Bed.mp3","UB40","03 Breakfast in Bed","UB40","Unknown","","Unknown","200","3.3","3:20","117","4.63","Upbeat (100-129)","Medium","Medium (3-5 min)","UB40\UB40","953","False","0","","0","",""
"04 You're Always Pulling Me Down.mp3","C:\Users\phseamar\OneDrive - Microsoft\Documents\Music\UB40\UB40\04 You're Always Pulling Me Down.mp3","UB40\UB40\04 You're Always Pulling Me Down.mp3","file:///C:/Users/phseamar/OneDrive - Microsoft/Documents/Music/UB40/UB40/04 You're Always Pulling Me Down.mp3","UB40","04 You're Always Pulling Me Down","UB40","Unknown","","Unknown","242","4","4:02","105","5.17","Upbeat (100-129)","Medium","Medium (3-5 min)","UB40\UB40","954","False","0","","0","",""
"05 I Would Do for You.mp3","C:\Users\phseamar\OneDrive - Microsoft\Documents\Music\UB40\UB40\05 I Would Do for You.mp3","UB40\UB40\05 I Would Do for You.mp3","file:///C:/Users/phseamar/OneDrive - Microsoft/Documents/Music/UB40/UB40/05 I Would Do for You.mp3","UB40","05 I Would Do for You","UB40","Unknown","","Unknown","334","5.6","5:34","100","8.07","Upbeat (100-129)","Medium","Long (Over 5 min)","UB40\UB40","955","False","0","","0","",""
"06 'Cos It Isn't True.mp3","C:\Users\phseamar\OneDrive - Microsoft\Documents\Music\UB40\UB40\06 'Cos It Isn't True.mp3","UB40\UB40\06 'Cos It Isn't True.mp3","file:///C:/Users/phseamar/OneDrive - Microsoft/Documents/Music/UB40/UB40/06 'Cos It Isn't True.mp3","UB40","06 'Cos It Isn't True","UB40","Unknown","","Unknown","178","3","2:58","106","4.04","Upbeat (100-129)","Medium","Short (Under 3 min)","UB40\UB40","956","False","0","","0","",""
"07 Where Did I Go Wrong-.mp3","C:\Users\phseamar\OneDrive - Microsoft\Documents\Music\UB40\UB40\07 Where Did I Go Wrong-.mp3","UB40\UB40\07 Where Did I Go Wrong-.mp3","file:///C:/Users/phseamar/OneDrive - Microsoft/Documents/Music/UB40/UB40/07 Where Did I Go Wrong-.mp3","UB40","07 Where Did I Go Wrong-","UB40","Unknown","","Unknown","232","3.9","3:52","93","5.21","Medium (70-99)","Medium","Medium (3-5 min)","UB40\UB40","957","False","0","","0","",""
"08 Contaminated Minds.mp3","C:\Users\phseamar\OneDrive - Microsoft\Documents\Music\UB40\UB40\08 Contaminated Minds.mp3","UB40\UB40\08 Contaminated Minds.mp3","file:///C:/Users/phseamar/OneDrive - Microsoft/Documents/Music/UB40/UB40/08 Contaminated Minds.mp3","UB40","08 Contaminated Minds","UB40","Unknown","","Unknown","288","4.8","4:48","106","6.34","Upbeat (100-129)","Medium","Medium (3-5 min)","UB40\UB40","958","False","0","","0","",""
"09 Matter of Time.mp3","C:\Users\phseamar\OneDrive - Microsoft\Documents\Music\UB40\UB40\09 Matter of Time.mp3","UB40\UB40\09 Matter of Time.mp3","file:///C:/Users/phseamar/OneDrive - Microsoft/Documents/Music/UB40/UB40/09 Matter of Time.mp3","UB40","09 Matter of Time","UB40","Unknown","","Unknown","197","3.3","3:17","115","4.55","Upbeat (100-129)","Medium","Medium (3-5 min)","UB40\UB40","959","False","0","","0","",""
"10 Music So Nice.mp3","C:\Users\phseamar\OneDrive - Microsoft\Documents\Music\UB40\UB40\10 Music So Nice.mp3","UB40\UB40\10 Music So Nice.mp3","file:///C:/Users/phseamar/OneDrive - Microsoft/Documents/Music/UB40/UB40/10 Music So Nice.mp3","UB40","10 Music So Nice","UB40","Unknown","","Unknown","221","3.7","3:41","115","4.84","Upbeat (100-129)","Medium","Medium (3-5 min)","UB40\UB40","960","False","0","","0","",""
"11 Dance with the Devil (Reprise).mp3","C:\Users\phseamar\OneDrive - Microsoft\Documents\Music\UB40\UB40\11 Dance with the Devil (Reprise).mp3","UB40\UB40\11 Dance with the Devil (Reprise).mp3","file:///C:/Users/phseamar/OneDrive - Microsoft/Documents/Music/UB40/UB40/11 Dance with the Devil (Reprise).mp3","UB40","11 Dance with the Devil (Reprise)","UB40","Electronic","","Unknown","138","2.3","2:18","132","3.12","Fast (130-159)","High","Short (Under 3 min)","UB40\UB40","961","False","0","","0","",""
